id,name,description,email,website,phone,category,address,country,locality,postalcode,latitude,longitude,hotel_class,price_class,price,room,photo,offer_vendors,offer_pricemin,offer_pricemax,amenity_airport,amenity_baggage,amenity_breakfastava,amenity_breakfastinc,amenity_housekeep,amenity_kids,amenity_kitchen,amenity_laundryself,amenity_laundryserv,amenity_nonsmoke,amenity_parking,amenity_pool,amenity_service,amenity_wheelchair,amenity_wifi,rank_string,rank_position,rank_denominator,review,rating_overall,rating_cleanliness,rating_location,rating_room,rating_service,rating_sleep,rating_value
656000,Accent on Taupo Motor Lodge,Situated on Lake Terrace in Two Mile Bay. Our contemporary rooms are spacious with super king-size beds and kitchenettes. Enjoy lake views from the front decks or relax in the back gardens. Cook on the BBQ or relax in our large private spa room. Behind the property is a 4-acre reserve and across the road are paved walkways around the lake edge to swimming beaches or nearby restaurants. All rooms enjoy free Wifi and SKY Guest Select 50+ Channels. The Lakehouse and the Cottage are airconditioned. The Guest Room and the Cottage are pet friendly units.,stay@accentontaupo.com,,+64 7-378 9919,Hotel,"310 Lake Terrace Two Mile Bay, Taupo 3330 New Zealand",New Zealand,Taupo,3330,-38.71347,176.08572,3.5,$,159,8,84,9,150,210,,,,,,,1,1,1,1,1,,,,1,#14 of 60 hotels in Taupo,14,60,286,4.5,4.6,4.4,4.4,4.5,4.4,4.3
34167717,Pukawa Villas,,office@pukawavillas.com,https://pukawavillas.com/contact-us/,+64 7-386 7070,Bed and Breakfast,"88 Pukawa Road, Kuratau 3381 New Zealand",New Zealand,Kuratau,3381,-38.92255,175.7523,4.0,$$,301.5,,1,1,298,298,,,,,,,,,,,,,,,,#1 of 1 B&Bs / Inns in Kuratau,1,1,3,5,5,5,5,,5,5
613082,Lake Taupo Motor Inn,"We offer luxury Taupo accommodation with well-appointed apartments and suites. Enjoy breathtaking lake and mountain views from many of our first rate rooms. There aren’t many moments of serenity that compare to gazing out at these picturesque winter views whilst you sit back and relax with a comforting mug of hot coffee. How many places on earth can you enjoy taking in the immense expanse of crystal clear waters, coupled with the grand majesty of the snowy mountains in the backdrop as you and your loved one or family enjoy a relaxing retreat away. Our Taupo motels offer the very best in accommodation in NZ and will ensure you receive the utmost luxury during your stay.",info@laketaupomotorinn.co.nz,http://www.laketaupomotorinn.co.nz/,+64 7-378 5401,Hotel,"33 Kaimanawa Street, Taupo 3330 New Zealand",New Zealand,Taupo,3330,-38.68965,176.07729,3.5,$$,177.5,32,99,7,145,186,1,1,,,1,,1,1,,1,1,,,1,1,#29 of 60 hotels in Taupo,29,60,398,4.2,4.4,4.3,4.3,4.3,4.1,4.2
662163,Taupo Thermal Motel & Spa - Adults Only,"Taharepa Spring -- A signaficant healing place in Taupo. We are at the beginning of Taharepa Road that is also at the corner of Lake Terrace - the main lake front road in town. Location is superb, by the lake and opposite the reserved park, a unique untreated mineral water from underground bore on site, all our ground floor rooms have private mineral tubs(self filling and adjustalbe temperature); An outdoor thermal spa area will be open by the end of October 2024; Soak in your soul ! A choice for rejuvenated, relaxed holiday in the heart of North Island in New Zealand. Adult only and pets free accommodation.",info@taupothermalspa.com,https://www.facebook.com/taupothermal/,0116473789020,Hotel,"6 Taharepa Road Hilltop, Taupo 3330 New Zealand",New Zealand,Taupo,3330,-38.698734,176.08461,3.0,$$,197,15,191,6,160,247,,,,,,,1,,,1,1,,,,1,#30 of 60 hotels in Taupo,30,60,115,4.3,4.7,4.5,4.6,4.6,4.3,4.2
645374,Wairakei Resort Taupo,"This historic hotel features rooms with views across Wairakei Tourist Park in the North Island. Two outdoor swimming pools, a well-equipped gym and spa offer a full range of treatments. There's also a 9-hole golf course, an inviting restaurant and a family-friendly atmosphere. Extensive conference facilities are available, and there are several sports venues nearby.",reservations@wairakei.co.nz,https://all.accor.com/hotel/c493/index.en.shtml,+64 7-374 9004,Hotel,"640 Wairakei Drive, Taupo 3384 New Zealand",New Zealand,Taupo,3384,-38.628216,176.08998,4.0,$$,185.5,187,407,11,130,169,,1,1,,,1,,1,1,1,1,1,,1,1,#25 of 60 hotels in Taupo,25,60,1398,4,4.2,4.3,3.9,4.3,4.1,4
586425,Taupo DeBretts Spa Resort,"Choose to stay ahead of the game with our awesome Luxury Accommodation - self-contained villas, lodges and spa chalets, providing an indulgent escape and complete with panoramic lake and mountain views. Or stay true with our ever-popular Holiday Park accommodation - from camping to van sites, cabins and motels, all spacious and excellent value.We have pools,water playground,slides,big bouncing air pad,Day Spa,Cafe-the ultimate all-year-round relaxation and recreation destination!",info@taupodebretts.com,http://www.taupodebretts.co.nz/,0116473788559,Specialty Lodging,"76 Napier Road, Taupo 3330 New Zealand",New Zealand,Taupo,3330,-38.70374,176.09744,4.5,$$,190,36,339,7,82,207,,,,,,1,1,1,1,1,1,1,,1,1,#8 of 39 Speciality lodging in Taupo,8,39,1016,4.2,4.3,4.2,4.2,4.3,4.2,4.1
662151,Turangi Bridge Motel,"With comfortable accommodation, New Zealand cuisine, stunning landscapes and adventure activities right on our doorstep, Turangi Bridge Motel offers everything you need for a real New Zealand holiday escape. Our Turangi accommodation provides access to the Tongariro National Park with a large selection of New Zealand adventure activities including river rafting, mountain biking, skiing, trout fishing and fly fishing, and for the keen hiker, the world famous Tongariro Crossing. We offer a New Zealand restaurant and are available as a function or wedding venue.",info@turangibridgemotel.co.nz,http://turangibridgemotel.co.nz,+64 7-386 8804,Hotel,"4600 State Highway 1 P.O. Box 42, Turangi New Zealand",New Zealand,Turangi,,-38.986103,175.81764,3.0,$,141,31,111,8,129,151,,1,1,,,,1,1,,1,1,,,,,#3 of 10 hotels in Turangi,3,10,398,4.3,4.4,4.5,4.1,4.4,4.3,4.3
662167,Suncourt,"Suncourt enjoys a prime lakefront position on the shores of Lake Taupō, offering stunning lake views and an unbeatable location just a two-minute walk from Taupō’s vibrant town centre, boutique shopping, cafés, bars, and nightlife. With 52 spacious, 4-star Qualmark-rated accommodation rooms, ranging from lakeview studios and family rooms to garden-view options, Suncourt provides contemporary comfort and generous space for every type of traveller. Whether visiting as a family, leisure guest, business traveller, or part of a corporate group, guests can expect quality amenities, warm hospitality, and a relaxed yet refined stay. Host your next conference, function, or wedding in our well-appointed conference and event spaces, complemented by exceptional dining from our on-site restaurant, Lionel’s Bistro & Bar. From lakefront relaxation to productive business stays, Suncourt delivers comfort, convenience, and outstanding service in the heart of Taupō.",reception@suncourt.co.nz,http://www.suncourt.nz/,+64 7-378 8265,Hotel,"14 Northcroft Street PO Box 837, Taupo New Zealand",New Zealand,Taupo,,-38.691685,176.07512,4.0,$$,262.5,52,186,8,197,227,,1,1,,1,1,,1,1,1,1,1,1,1,1,#20 of 60 hotels in Taupo,20,60,477,4.1,4.4,4.6,4.1,4.2,4.1,4
1070274,Beechtree Motel,"Welcome to Beechtree Motel located in Taupo in the centre of New Zealands North Island, offering the best in luxury motel style accommodation. Beechtree Motel offers free unlimited Wi-Fi throughout the property, free parking, free gym access, free BBQ Facilities and affordable accommodation just 400 metres from Lake Taupo and within walking distance of restaurants and shops. Ground floor and first floor modern, spacious rooms, with spa baths available and every room has a well-equipped kitchenette. Guests can choose from 50+ Sky T.V. Channels and in most rooms view on a 40"" LCD Flat Screen T.V. A sumptuous breakfast menu is available and breakfast is delivered to your room. Combine this fantastic property with the personal service offered at this property and you will be ensured of a welcoming and memorable stay.",stay@beechtreemotel.co.nz,http://www.beechtreemotel.co.nz/,+64 7-377 0181,Hotel,"56 Rifle Range Road, Taupo 3330 New Zealand",New Zealand,Taupo,3330,-38.690887,176.08018,4.0,$,152,39,151,7,134,145,,1,,,1,,1,1,1,1,1,,,1,1,#12 of 60 hotels in Taupo,12,60,766,4.5,4.7,4.3,4.6,4.6,4.5,4.4
2207717,Lake Taupo Holiday Resort,"No Passport Required. It's all here - everything you need for an instant holiday. Start relaxing from the moment you arrive. Lake Taupo Holiday Resort is a destination in itself with a spectacular tropical style pool with swim-up bar plus café, and being geothermally heated it will keep you lovely and warm year round. Located 5 minutes from Taupo city centre and sprawled across 8 hectares of park land, the resort is a hidden oasis surrounded by nature and offers comfortable, clean accommodation ranging from 3 bedroom Villas, Holiday Cottages, cabins and sites for your campervan, RV, tent or boat. Boasting friendly kiwi service and extensive, modern facilities, guests enjoy free gas BBQ's, FREE Wifi, an on-site shop and shared laundry facilities. Activities abound and entertainment facilities include New Zealand's first thermally heated swimming pool (all year) with swim-up bar and café. The new pool provides hours of entertainment for the young and young at heart, with a 4m deep cave, giant mushroom Kiddies pool and play area for kids and a massive outdoor television playing movies or the latest sports game. Pump Track for bikes and scooters, Mini Golf, NZ's largest jumping pillow plus a smaller one for the littlies, Tennis courts, volleyball, basketball, petanque, chess, an adventure playground plus much more feature at the resort too. Mountain bikes and go-karts are also available to hire. A short drive to Taupo town and other popular attractions the resort is also a great base for your greater Taupo adventure. Resort staff can book trout fishing, jet boating, bungy, sky diving activities and more. Whether on a family escape, couples getaway or group adventure, everything required for a relaxing, fun and effortless holiday can be found at Lake Taupo Holiday Resort. Experience our slice of paradise right here in New Zealand, once you stay a few days you won't want to leave.",reception.2lt@hhp.nz,https://www.laketauporesort.co.nz/?utm_source=tripadvisor&utm_medium=referral&utm_campaign=park-listing,+64 7-378 6860,Specialty Lodging,"41 Centennial Drive, Taupo 3378 New Zealand",New Zealand,Taupo,3378,-38.675213,176.0989,5.0,$$$,378.5,43,245,7,329,396,,,1,,,1,1,1,,1,1,1,,,1,#10 of 39 Speciality lodging in Taupo,10,39,630,4.1,4.4,4.2,4.1,4.1,4.1,3.8
1211916,Opal Hot Springs & Holiday Park,"UNDER NEW OWNERSHIP... Central location, 6km from Matamata set in 6ha of park-like grounds.18 hole golf course adjacent to the park. Thermal Hot Pools, Open all year round.",info@opalhotsprings.co.nz,http://www.opalhotsprings.co.nz/,+64 7-888 8198,Hotel,"257 Okauia Springs Road, Matamata 3471 New Zealand",New Zealand,Matamata,3471,-37.78747,175.83794,2.0,$,95.5,94,85,,,,,,,,,,,1,,1,1,1,,1,,#5 of 5 hotels in Matamata,5,5,260,3.4,3.3,3.9,3.4,3.8,3.8,3.6
671351,Ascot Motor Inn,"Our Spacious modern motel complex is situated close to the town centre and lake edge, yet in a quiet location. We offer 15 Large Cosy, warm units to suit all requirements - Corporate personnel welcome! Choices available - 2 Bedroom Apartment type family units. 1 Bedroom Executive units Queen Studio Spa Bath units, Standard Queen Studio units, plus lovely accessible Queen Studios. Some Units have additional Beds - all have very cosy bedding including electric blankets for the cooler Taupo nights. Enjoy mountain and lake vistas or relax in a private courtyard. Free on site parking 51+ Guest Select SKY TV & FREE WIFI to all units Stay 9 Nights at an ASURE Property & get $100.00 off your 10th Night Come & Enjoy a Stay at ASURE Ascot Motor Inn - Taupo 'Hospitality at its best'",info@ascotattaupo.co.nz,http://www.ascotattaupo.co.nz/,+64 7-377 2474,Hotel,"70 Rifle Range Road, Taupo 3330 New Zealand",New Zealand,Taupo,3330,-38.69046,176.08104,5.0,$$,202,15,79,7,127,169,1,1,,,1,,1,1,1,1,1,,,1,1,#22 of 60 hotels in Taupo,22,60,233,4.5,4.9,4.4,4.6,4.6,4.5,4.4
602284,Oasis Beach Motel,"Situated on the shores of Lake Taupō , the Oasis Beach Motel offers a lakefront location second to none with outstanding views of our spectacular surroundings. Offering a total of 21 rooms with one and two bedroom options the property can cater for single travelers as well as families. Facilities include a pool, tennis court, guest laundry, complimentary Wi-Fi and parking as well as easy access to the lake pathway. Only minutes away from many local attractions the resort is very conveniently located with easy access to the airport and highway for our self drive guests. Reception Hours - 0900 - 1700. Outside of these hours reception services can be access at the adjoining Millennium Manuels hotel.",info@oasistaupo.co.nz,http://www.oasistaupo.co.nz,+64 7-378 9339,Hotel,"241 Lake Terrace, Taupo 3330 New Zealand",New Zealand,Taupo,3330,-38.70746,176.08789,4.5,$,139.5,22,154,,,,,,,,,,1,1,1,1,1,1,,1,,#45 of 60 hotels in Taupo,45,60,212,3.6,4.1,4.4,3.4,4,3.9,3.6
257101,Millennium Hotel and Resort Manuels Taupo,"Located right on the edge of Lake Taupo, Millennium Hotel and Resort Manuels Taupō features 12 luxury suites and 39 boutique guest rooms. It also offers well-equipped facilities including a heated pool, sauna, gym and tennis court.",reception@manuels.co.nz,https://www.millenniumhotels.com/en/taupo/millennium-hotel-and-resort-manuels-taupo/?cid=gplaces-millennium-hotel-and-resort-manuels-taupo,+64 7-378 5110,Hotel,"243 Lake Terrace Waipahihi, Taupo 3330 New Zealand",New Zealand,Taupo,3330,-38.70851,176.08823,4.5,$$,272.5,51,540,6,240,250,,1,1,,,,,1,1,1,1,1,1,1,1,#15 of 60 hotels in Taupo,15,60,1236,4.3,4.5,4.7,4.3,4.5,4.3,4.1
558181,The Reef Resort,"The Reef Resort is a true lakefront luxury motel offering self-contained accommodation directly on the edge of Lake Taupō, with no road between the property and the lake. The resort features modern units with lake, garden, or pool views, including premium 2 Bedroom and 3 Bedroom Luxury Lakefront Apartments. All accommodation includes a spa bath, a well-equipped kitchenette, air conditioning, and modern amenities. Guests can enjoy two year-round heated thermal pools — a heated freshwater swimming pool and a naturally heated thermal plunge pool — along with free private parking and a poolside BBQ area. Reef Resort provides direct access to the lakefront walkway and is ideal for families, couples, and business travellers seeking premium lakefront accommodation in Taupō.",stay@reefresort.co.nz,http://www.reefresort.co.nz,+64 7-378 5115,Hotel,"219 Lake Terrace Taupo, Taupo 3330 New Zealand",New Zealand,Taupo,3330,-38.70559,176.08768,4.0,$$,252.5,21,560,6,177,186,,1,1,,,,1,1,1,1,1,1,,,1,#4 of 60 hotels in Taupo,4,60,708,4.7,4.8,4.5,4.7,4.8,4.7,4.5
255591,Sails On The Lake,Sails On The Lake (Sails Lake Taupo) is just across the road from the main beach on Lake Taupo and most of our rooms have spectacular views of the lake and the mountains beyond. We are just a short drive or stroll to the town centre and very close to all Taupo attractions.,info@sailstaupo.co.nz,http://www.sailstaupo.co.nz/,+64 7-377 0655,Hotel,"138 Lake Terrace, Taupo 3330 New Zealand",New Zealand,Taupo,3330,-38.69802,176.08315,3.5,$$,206.5,19,167,8,181,203,,,,,1,1,1,1,,1,1,,,1,1,#6 of 60 hotels in Taupo,6,60,661,4.7,4.9,4.8,4.5,4.7,4.7,4.4
1187470,Gables Lakefront Motel,"Taupo’s contemporary Lakefront Motel. Gables provides modern facilities, fantastic views and a warm welcome. If you are looking for a great place to stay within walking distance to the town centre and across the road from Taupo’s main beach then this is the place for you. The Gables Lakefront Motel has been Trip Advisor's Taupo #1 Traveller Rated hotel for 4 years running. There is a combination of accommodation available, ranging from the top of the line Superior one bedroom units which include stunning lake views and your own private hot pool, to deluxe one bedroom units, or the two and three bedroom family units. This is your home away from home, including free unlimited WIFI, Sky 50 + channels on 43 inch TVs, king size beds, dishwashers and air-conditioning. Free laundry facilities and an ice making machine. We also offer free parking outside your unit Please note the only room with a private spa pool is the Superior One Bedroom Apartment. All other rooms have access to share spa pool facilities.",info@gableslakefrontmotel.co.nz,http://www.gableslakefrontmotel.co.nz/,+64 7-378 8030,Hotel,"130 Lake Terrace, Taupo 3330 New Zealand",New Zealand,Taupo,3330,-38.697487,176.08252,4.0,$$,220.5,15,441,6,159,185,,1,,,1,,1,1,,1,1,,,,1,#1 of 60 hotels in Taupo,1,60,1421,4.9,4.9,4.9,4.9,4.9,4.8,4.7
638088,Le Chalet Suisse Motel,"Located less than 100 metres from the lake and 3 minutes walk from restaurants, cafes, and shopping with a picturesque view of Lake Taupo and Mount Ruapehu from all guest rooms. Rooms include Studios (30sqm), 1 and 2 bedrooms (61sqm) with spa bath in some of the units and balcony on the first floor. Facility includes a heated spa pool, swimming pool, children's play area, BBQ facility, self-serviced launderette, and FREE WI-FI internet access throughout the motel. All rooms are fully self-contained. Seasonal, peak and special events rates apply.",stay@lechaletsuisse.co.nz,http://www.lechaletsuisse.com,+64 7-378 1556,Hotel,"3 Titiraupenga Street PO Box 1381, Taupo 3330 New Zealand",New Zealand,Taupo,3330,-38.691395,176.07365,4.0,$$,194.5,16,182,6,166,188,,1,,,1,,1,1,1,1,1,1,,,1,#19 of 60 hotels in Taupo,19,60,478,4.3,4.7,4.8,4.3,4.6,4.3,4.3
1187473,Tui Oaks Motel,"Tui Oaks motel is absolute lakefront with the best lake and mountian views in all of Taupo. Tui Oaks has 18 units, set 700 metres easy flat walk from downtown Taupo along the lake front. There is free off street parking and restaurants and shops within easy walking distances. We have a secure fully fenced lawn area that has direct access to some of our rooms. We welcome pets and these rooms are ideal. We are a kiwi family owned and operated motel.",stay@tuioaks.co.nz,http://www.tuioaks.co.nz/,+64 7-378 8305,Hotel,"84-86 Lake Terrace, Taupo 3330 New Zealand",New Zealand,Taupo,3330,-38.694294,176.07794,3.5,$,160.5,18,57,8,128,139,,1,,,1,1,1,1,,1,1,,,1,1,#39 of 60 hotels in Taupo,39,60,143,3.9,4.3,4.6,3.8,4.2,3.9,3.9
1997110,Coromandel Shelly Beach Top 10 Holiday Park,"Coromandel Shelly Beach TOP 10 Park is a beautiful Coromandel accommodation option recognised for its fantastic location located just five minutes from the Coromandel Township on the road to Port Jackson. Escape the hustle and bustle while enjoying close access to the Coromandel township with award winning restaurants, fun parks, fishing charters and access to refreshing walks that take you to amazing scenic spots. Heated swimming pool with splash zone, beach access straight from the park provides safe swimming and coastal exploration for the whole family. In-park activities include a jumping pillow, playground, volleyball and room for creative games on our extensive lawns. Enjoy our BBQ rotunda and free barbeques where you can cook up your catch of the day!",stay@shellybeachcoromandel.co.nz,http://www.shellybeachcoromandel.co.nz/,0116478668584,Specialty Lodging,"243 Colville Road Shelly Beach, Coromandel 3584 New Zealand",New Zealand,Coromandel,3584,-36.735603,175.48099,2.0,$,101,12,329,5,79,93,,1,,,1,1,1,1,,1,1,1,,,,#1 of 26 Speciality lodging in Coromandel,1,26,640,4.6,4.7,4.7,4.6,4.8,4.5,4.5
288247,The Cove on the Lake,"Taking pride of place on the shores of Lake Taupo, The Cove is an intimate motel with a range of accommodation that includes an Executive Studio, 12 Suites with a thermally heated hot tub on their own private balcony and 6 Studios. Suites feature living room, super-king sized bedroom and kitchenette. Studios have either a super king, or a a queen sized bed and en suite. All rooms are air conditioned. Most rooms have lake views. The Cove is also home to Espresso Cove, an onsite cafe with a delicious menu and stunning views across Lake Taupo.",enquiries@thecove.co.nz,http://www.thecove.co.nz/,+64 508 843 2683,Hotel,"213 Lake Terrace, Taupo 3330 New Zealand",New Zealand,Taupo,3330,-38.70536,176.08752,4.5,$$,237.5,19,144,8,156,169,,,1,,,,1,,,1,1,,,1,1,#23 of 60 hotels in Taupo,23,60,263,4.3,4.6,4.5,4.4,4.4,4.3,4.1
555023,Hilton Lake Taupo,"Welcome to Hilton Lake Taupo, the region's only 5 Star International hotel. From its spectacular vantage point, Hilton Lake Taupo commands magnificent views over New Zealand’s largest lake and beyond. This distinguished hotel offers a wide range of room types (113 rooms total), from Hilton Guest Rooms through to the grand Presidential Suite. For families, groups and those staying a little longer, one to three bedroom apartments offer convenient and spacious options. Rejuvenate with a round of tennis, or a workout in the fully-equipped gym, enjoy a dip in the naturally heated outdoor pool and spa-pool, or relax in the sauna or steam room. Indulge in flagship restaurant and bar, Bistro Lago with an inspired menu created by New Zealand celebrity Chef, Gareth Stewart. Bistro Lago's offerings include high tea, $29.95 three course lunch, happy hour and gourmet a la carte featuring locally sourced ingredients. Be prepared for an extraordinary experience: an outstanding location, a breathtaking panorama, exceptional service, an intimate ambiance and contemporary luxury of the highest standard.",reservations.laketaupo@hilton.com,http://www3.hilton.com/en/hotels/new-zealand/hilton-lake-taupo-AKLLTHI/index.html,0116473787080,Hotel,"80-100 Napier Road, Taupo 3330 New Zealand",New Zealand,Taupo,3330,-38.70358,176.10117,4.5,$$,333.5,113,1112,8,194,195,,1,,,1,,,,1,1,1,1,1,1,,#18 of 60 hotels in Taupo,18,60,2919,4.3,4.7,4.3,4.5,4.4,4.5,4.1
1997110,Coromandel Shelly Beach Top 10 Holiday Park,"Coromandel Shelly Beach TOP 10 Park is a beautiful Coromandel accommodation option recognised for its fantastic location located just five minutes from the Coromandel Township on the road to Port Jackson. Escape the hustle and bustle while enjoying close access to the Coromandel township with award winning restaurants, fun parks, fishing charters and access to refreshing walks that take you to amazing scenic spots. Heated swimming pool with splash zone, beach access straight from the park provides safe swimming and coastal exploration for the whole family. In-park activities include a jumping pillow, playground, volleyball and room for creative games on our extensive lawns. Enjoy our BBQ rotunda and free barbeques where you can cook up your catch of the day!",stay@shellybeachcoromandel.co.nz,http://www.shellybeachcoromandel.co.nz/,0116478668584,Specialty Lodging,"243 Colville Road Shelly Beach, Coromandel 3584 New Zealand",New Zealand,Coromandel,3584,-36.735603,175.48099,2.0,$,101,12,329,5,79,93,,1,,,1,1,1,1,,1,1,1,,,,#1 of 26 Speciality lodging in Coromandel,1,26,640,4.6,4.7,4.7,4.6,4.8,4.5,4.5
2002976,Albert Number 6 Motel,"Welcome to Albert Number 6 Motel. Our aim is to make your visit relaxed, enjoyable and memorable. Maybe that's why so many of our visitors return year after year. Daily continental breakfasts available for $20 per person, unlimited WiFi, free parking and Netflix.. Located minutes from iconic Mercury Bay and great local eateries, Albert Number 6 puts the best of Whitianga at your fingertips. The Lost Spring, a unique and popular hot Geo-Thermal spa experience, is within easy walking distance. Visit world renowned Hot Water Beach and Cathedral Cove, highly rated tourist attractions only a short drive away.",stay@albertnumber6.co.nz,http://www.albertnumber6.co.nz,+64 7-866 0036,Bed and Breakfast,"6 Albert Street, Whitianga 3510 New Zealand",New Zealand,Whitianga,3510,-36.8314,175.7057,3.0,$,141.5,16,74,8,132,160,,1,1,,,,1,,1,1,1,,,1,1,#10 of 35 B&Bs / Inns in Whitianga,10,35,221,4.2,4.2,4.6,3.6,4.3,3.8,3.8
1036619,Ventura Inn & Suites Hamilton,"Ventura Inn & Suites Hamilton is superbly located at the south end of the central business district, only metres from city businesses and the best restaurants, cafes and entertainment. Nearby attractions include the SKYCITY Hamilton Casino, Waikato Museum, Hamilton Gardens and lots of shopping! We are only a short drive from the Claudelands Event Centre and Arena. For your Hamilton accommodation we offer 50 well appointed guest rooms with a choice of either studio rooms, or one-bedroom suites featuring kitchen facilities and separate bedroom. Rooms with king-size beds and spa baths are available. free wireless internet access, free local telephone calls and free parking. Relax during your stay with a swim in our outdoor swimming pool,",reservations@venturainns.co.nz,http://www.venturainns.co.nz,+64 7-838 0110,Hotel,"23 Clarence Street, Hamilton 3204 New Zealand",New Zealand,Hamilton,3204,-37.794144,175.28438,3.5,$$,173,50,89,7,143,157,,1,1,,1,,,1,1,1,1,1,,1,1,#10 of 56 hotels in Hamilton,10,56,506,4.1,4.3,4.5,4.1,4.4,4.2,4.4
7617157,Lakefront Lodge,,stay@lakefrontlodgetaupo.co.nz,http://lakefrontlodgetaupo.co.nz/,+64 7-376 0116,Hotel,"100 Lake Terrace, Taupo 3330 New Zealand",New Zealand,Taupo,3330,-38.695534,176.07942,3.0,$,139.5,40,181,5,107,150,,,,,,,,,,1,1,1,,1,1,#59 of 60 hotels in Taupo,59,60,514,3.1,3.9,4.3,3.1,3.5,3.5,3.5
647518,Alpine Lake Motel,"Relax and enjoy all that Lake Taupo has to offer in our centrally located motel featuring spacious modern rooms, spa baths, Nespresso Coffee Machines, BBQ facilities, kitchenettes, underfloor heating, heat pumps / air-conditioning, free ultra fast WiFi, Smart TVs, king size beds, free car parking, EV chargers and friendly local operators. Alpine Lake is located within ten minutes walk to shops, restaurants and lake activities. It is perfect for families, couples, corporates or groups. A large, free off street car park is available for convenience. Continental breakfast boxes are available to purchase for $15 each. Your Taupo adventure starts here... We are as close to the action as you can get! #lovealpinelake",stay@alpinelake.co.nz,http://www.alpinelake.co.nz/,0116473780899,Hotel,"141 Te Heuheu St, Taupo Taupo, Taupo 3330 New Zealand",New Zealand,Taupo,3330,-38.69015,176.07979,4.0,$$,225,20,80,10,172,206,,,,,1,,1,1,,1,1,,,1,1,#5 of 60 hotels in Taupo,5,60,333,4.6,4.7,4.5,4.6,4.6,4.6,4.5
586425,Taupo DeBretts Spa Resort,"Choose to stay ahead of the game with our awesome Luxury Accommodation - self-contained villas, lodges and spa chalets, providing an indulgent escape and complete with panoramic lake and mountain views. Or stay true with our ever-popular Holiday Park accommodation - from camping to van sites, cabins and motels, all spacious and excellent value.We have pools,water playground,slides,big bouncing air pad,Day Spa,Cafe-the ultimate all-year-round relaxation and recreation destination!",info@taupodebretts.com,http://www.taupodebretts.co.nz/,0116473788559,Specialty Lodging,"76 Napier Road, Taupo 3330 New Zealand",New Zealand,Taupo,3330,-38.70374,176.09744,4.5,$$,190,36,339,7,82,207,,,,,,1,1,1,1,1,1,1,,1,1,#8 of 39 Speciality lodging in Taupo,8,39,1016,4.2,4.3,4.2,4.2,4.3,4.2,4.1
1216554,Tasman Holiday Parks - Miranda,"A great location, luxurious hot mineral pool, ample free activities for guests all year round… It’s easy to see why our Miranda holiday park is a popular return destination for thousands of Kiwis and international visitors. Situated at the gateway to the North Island’s Coromandel Peninsula, the park is one hour southeast of Auckland and 20 minutes from Thames. Unwind in our fabulous on-site hot mineral pool. Test your skills on the flying fox or wander through the Enchanted Forest. Check out the BMX track, or walking and cycling trails. Go swimming or fishing at the nearby coast. From here, it’s an easy drive to some of New Zealand’s most popular holiday spots, famed for their rugged natural beauty, spectacular vistas and unique experiences. Visit the world-famous Cathedral Cove, internationally important Miranda wetlands and walking trails with relics from the gold-mining era. Our Miranda holiday park offers quality accommodation for most needs and budgets. Give us a call – we’re",miranda.manager@tasmanholidayparks.com,https://tasmanholidayparks.com/nz/miranda/accommodation/?gad_source=1&gclid=cjwkcajwy8i0bhakeiwadfaeghsplbhscl5ctxdt41vppchwpy6aeyb2yenlnejjipk9dzc9gt0-0hocur8qavd_bwe#sites,+64 7-867 3205,Specialty Lodging,"595 Front Miranda Road, Thames 3576 New Zealand",New Zealand,Thames,3576,-37.20753,175.33313,4.0,$,204.5,35,179,4,130,149,,,,,,1,1,1,1,1,1,1,,1,,#1 of 12 Speciality lodging in Thames,1,12,405,4.5,4.7,4.4,4.5,4.5,4.5,4.3
257101,Millennium Hotel and Resort Manuels Taupo,"Located right on the edge of Lake Taupo, Millennium Hotel and Resort Manuels Taupō features 12 luxury suites and 39 boutique guest rooms. It also offers well-equipped facilities including a heated pool, sauna, gym and tennis court.",reception@manuels.co.nz,https://www.millenniumhotels.com/en/taupo/millennium-hotel-and-resort-manuels-taupo/?cid=gplaces-millennium-hotel-and-resort-manuels-taupo,+64 7-378 5110,Hotel,"243 Lake Terrace Waipahihi, Taupo 3330 New Zealand",New Zealand,Taupo,3330,-38.70851,176.08823,4.5,$$,272.5,51,540,6,240,250,,1,1,,,,,1,1,1,1,1,1,1,1,#15 of 60 hotels in Taupo,15,60,1236,4.3,4.5,4.7,4.3,4.5,4.3,4.1
632621,Silver Fern Lodge,"Taupo offers accommodation to suit all budgets, Silverfern lodge offers studio style rooms to Dorm rooms. 5 minutes walk to Taupo city centre, Great Lake Taupo and Taupo Bundgy. Escape to Taupo and stay in clean, modern, affordable accommodation in the heart of Taupo. Silver Fern Lodge in Taupo is in a quiet location on the edge of Taupo central business district within walking distance to shopping, restaurants and bars, RSA, Cosmopolitan Club, supermarkets & Event Centre. Close to golf courses, heated pools, bungy, Lake Taupo, etc Our furnishings reflect New Zealands national symbol ""the fern"" Ideal accommodation in the heart of Taupo to suit all budgets, school groups, sport teams, tour groups, families, couples to the independant travellers",reservations@silverfernlodge.co.nz,http://www.silverfernlodge.co.nz/,+64 7-377 4929,Specialty Lodging,"118 Tamamutu Street, Taupo 3330 New Zealand",New Zealand,Taupo,3330,-38.68689,176.0775,2.0,$,113.5,28,116,6,77,92,,1,,,1,,1,1,,1,1,,,,,#21 of 39 Speciality lodging in Taupo,21,39,136,3.8,3.5,4.1,3.7,3.6,3.5,3.5
1187468,Lakeside Taupo Motel,"Executive Motel in Taupo is the perfect accommodation for business travelers and couples wanting a tranquil, safe and secure environment with off street parking. Our clean, quiet, non smoking units with tasteful decor and furnishings have outdoor tables and chairs for relaxing; ensuring your stay will leave you refreshed and revived. All 11 units face away from the road - minimising road noise and helping you get a great night's sleep. With views of the lake from the upstairs balcony you can relax with a coffee or glass of wine and view the superb sunsets. Your unit is serviced daily and an in room breakfast is available if requested We offer a full Laundry service to our guests. The main Taupo town centre, with its excellent dining and shopping facilities is located a short walking distance away.Taupo is an easy drive to Rotorua, Hobbiton, Tongariro and Hamilton so make this your central North Island base for a great holiday.",stay@lakesidetaupo.co.nz,http://www.executivemotel.co.nz/,+64 7-377 0661,Hotel,"114 Lake Terrace, Taupo 3330 New Zealand",New Zealand,Taupo,3330,-38.69626,176.08043,4.0,$$,193.5,11,42,8,139,182,,,1,,1,,1,,1,1,1,,,1,1,#24 of 60 hotels in Taupo,24,60,272,4.4,4.6,4.5,4.4,4.5,4.3,4.4
257124,Novotel Hamilton Tainui,,h2159-re2@accor.com,https://all.accor.com/hotel/2159/index.en.shtml,+64 7-838 1366,Hotel,"7 Alma Street, Hamilton 3244 New Zealand",New Zealand,Hamilton,3244,-37.78641,175.2829,4.0,$$,269.5,217,367,7,285,297,,1,1,,1,1,,,1,1,,,1,1,1,#7 of 56 hotels in Hamilton,7,56,1592,4.1,4.5,4.7,4.3,4.2,4.3,4
2549355,Argent Motor Lodge,"With superior accommodation and state of the art design, Argent Motor Lodge in Hamilton is perfectly located for tourists and guests on holiday, corporate travellers on business and for people visiting family or friends at either the Waikato or Braemar hospitals. As the closest motel to the Waikato Hospital, the Argent is also just a 2 minute walk to Braemar Hospital and only 3 minutes’ drive to the Hamilton City Centre, Hamilton Lake and the award-winning Hamilton Gardens. TripAdvisor Traveller’s Choice Award recipients for five consecutive years, Argent Motor Lodge is designed with you, the guest, in mind. Rooms are beautifully appointed and extra spacious with fully equipped kitchens, luxurious bathrooms, full hush glass and plush beds for your complete comfort. 50+ Sky Channels are available, along with unlimited free WiFi and complimentary guest parking. Offering top-class customer service, tasteful decor and the latest amenities, you will be pleased with your stay at the Argent.",info@argenthamilton.co.nz,http://www.argenthamilton.co.nz/index.html,+64 7-843 9912,Hotel,"27 Lorne Street Melville, Hamilton 3206 New Zealand",New Zealand,Hamilton,3206,-37.807186,175.28357,4.0,$$,196,15,127,8,144,183,,1,1,,1,,1,1,,1,1,,,1,1,#1 of 56 hotels in Hamilton,1,56,1056,4.9,5,4.7,4.9,4.9,4.8,4.8
1843771,Okoroire Hot Springs Hotel,"Okoroire Hot Springs Hotel is an excellent choice for travelers visiting Tirau, offering a romantic environment alongside many helpful amenities designed to enhance your stay.
Guest rooms offer a flat screen TV and a desk, and Okoroire Hot Springs Hotel makes getting online easy as free wifi is available.
You can also take advantage of some of the amenities offered by the small hotel, including a concierge, newspaper, and a coffee shop. In addition, guests can enjoy a pool and free breakfast during their visit. As an added convenience, there is free parking available to guests.
While staying at Okoroire Hot Springs Hotel, visitors can check out Dog and Sheep Shaped Corrugated Metal Buildings (3.1 mi), which is a popular Tirau attraction.
During your visit, be sure to check out a popular Tirau steakhouses such as Oxford Royal Hotel Steak House, which is a short distance from Okoroire Hot Springs Hotel.
Best of all, Okoroire Hot Springs Hotel makes it easy to experience some great Tirau attractions like Deciduus - fine art and plant boutique, which is a popular art gallery.
Enjoy your stay in Tirau!
",travis@okohotel.co.nz,http://www.okohotel.co.nz/,+64 7-883 4876,Bed and Breakfast,"18 Somerville Road, Tirau 3485 New Zealand",New Zealand,Tirau,3485,-37.953423,175.80371,3.0,$$,245,20,198,4,220,257,,,1,1,1,,,,,1,1,1,,,1,#2 of 2 B&Bs / Inns in Tirau,2,2,293,3.5,3.8,4.2,3.5,3.7,3.9,3.7
255636,Heartland Ambassador Hotel Hamilton,"Central to Hamilton Events and Entertainment. Located in the heart of the city amidst shopping, entertainment and the CBD, Heartland Ambassador Hotel Hamilton is within short walking distance to FMG Waikato Stadium, Claudelands Event Centre, Seddon Park cricket grounds and only 20 minutes from Hamilton International Airport. Relax in our studio rooms, suites or 1 and 2 Bedroom Apartments, cool off in the pool or relax in our Hot Tub. Restaurant is open for breakfast daily with a la carte and hot and cold buffet options. Heartland Ambassador Hotel Hamilton is the ultimate location for the corporate traveller to large sporting or tour groups looking for that iconic touch.",hamilton@heartlandhotels.co.nz,https://www.scenichotelgroup.co.nz/hamilton/heartland-ambassador-hotel-hamilton,+64 7-839 5111,Hotel,"86 Ulster Street Whitiora, Hamilton 3240 New Zealand",New Zealand,Hamilton,3240,-37.77854,175.27388,3.5,$,186,51,194,6,134,163,,1,1,,1,,,1,1,1,1,1,1,1,1,#9 of 56 hotels in Hamilton,9,56,494,3.9,4.3,4.5,4.2,4.2,4.1,4.1
3794930,Hamilton Settlers Motor Lodge,"A modern motel, minutes from Hamilton CBD. With secure parking and complimentary wi-fi in all units. Units range from studio units to executive studio units with spa bath. Also, there are one and two bedroom units, some with spa and balcony. Easy drive or short walk to city centre, major sports facilities, shopping centre, supermarket and theatre. Take a short stroll to the Waikato River and walks along the river bank. The beautiful Hamilton lake (Lake Rotoroa) with its boardwalk, cafe and sailing activities is minutes away by car.",bksettlers@gmail.com,http://www.bks.co.nz/bks-settlers-motor-lodge.htm,+64 800 222 990,Hotel,"200 Ulster Street, Hamilton 3200 New Zealand",New Zealand,Hamilton,3200,-37.77752,175.27106,4.0,$,134.5,16,29,6,148,180,,1,,,,,1,,,1,1,,,1,1,#17 of 56 hotels in Hamilton,17,56,107,4.2,4.1,4.5,4.1,4.4,4.3,4.2
609468,Waitomo Caves Guest Lodge,"Family owned guest lodge Right in the heart of Waitomo Caves village, opposite the award winning Huhu Cafe and just a short walk to the Waitomo i-Site/Discovery Centre, the Waitomo Glowworm Caves, cave adventure tourist operators, the tavern and pizzeria. 8 quality ensuite studio units in a beautiful, peaceful, garden setting, with lovely views over the surrounding countryside.Walk some of the local tracks to see the wonderful hills and countryside",waitomocavesguestlodge@xtra.co.nz,http://www.waitomocavesguestlodge.co.nz/,+64 7-878 7641,Bed and Breakfast,"7 Waitomo Village Road, Waitomo Caves 3943 New Zealand",New Zealand,Waitomo Caves,3943,-38.260715,175.11046,3.0,$,167.5,8,240,5,139,166,,1,,1,,,,1,,1,1,,,,1,#1 of 3 B&Bs / Inns in Waitomo Caves,1,3,691,4.6,4.7,4.8,4.3,4.8,4.5,4.6
1024034,Tasman Holiday Parks - Hahei Beach,"Tasman Holiday Parks – Hahei offers the ultimate Coromandel beach escape, located directly opposite the golden sands of Hahei Beach. From beachfront camping and powered campervan sites to cosy cabins, and self-contained villas, there’s accommodation to suit every style of traveller. Guests can relax into the laid-back coastal atmosphere while exploring nearby natural attractions including Cathedral Cove, Hot Water Beach and the stunning Coromandel coastline. With everything you need for an easy seaside getaway, Tasman Holiday Parks – Hahei is the perfect base to slow down, switch off and experience one of New Zealand’s most iconic beach destinations.",hahei@tasmanholidayparks.com,http://www.haheiholidays.co.nz/,+64 7-866 3889,Specialty Lodging,"41 Harsant Avenue, Hahei 3591 New Zealand",New Zealand,Hahei,3591,-36.8409,175.80853,4.5,$,163.5,50,982,3,159,177,,,,,,,1,1,1,,1,,,1,,#3 of 8 Speciality lodging in Hahei,3,8,1671,4.5,4.4,4.9,4.3,4.5,4.4,4.2
21500352,Waitomo Lodge Motel,"Waitomo Lodge is a comfortable stay for your visit to the Waitomo District. Located in Te Kuiti, the largest town in the Waitomo District and close to all you needs during your visit.",info@waitomo-lodge.co.nz,http://www.waitomo-lodge.co.nz,+64 7-878 0003,Hotel,"62 Te Kumi Road, Te Kuiti 3910 New Zealand",New Zealand,Te Kuiti,3910,-38.32547,175.15372,4.0,$,155,,26,1,122,122,,,,,,,1,,,1,1,,,,1,#1 of 1 hotels in Te Kuiti,1,1,26,4.3,4.6,4.4,4.3,4.1,4,3.8
676371,Tasman Holiday Parks - Waihi Beach,"Tasman Holiday Parks - Waihi Beach is the kind of nostalgic place that parents dream of. There are a huge variety of accommodation options from cabins to self contained units as well as caravan and camping sites. The range of activities at the resort include a swimming pool, playground and jumping pillow. Kids always have a blast while the adults relax and unwind. The resort is situated at the north end of Waihi Beach with direct access from the park to the beach.",,http://tasmanholidayparks.com/waihi-beach,+64 7-863 5504,Specialty Lodging,"15 Beach Road, Waihi 3611 New Zealand",New Zealand,Waihi,3611,-37.398,175.93694,4.5,$$,181.5,35,111,3,120,126,,,,,,1,1,1,1,1,1,1,,1,,#2 of 11 Speciality lodging in Waihi,2,11,636,4.3,4.5,4.7,4.3,4.4,4.2,4
489141,Lakeland Resort Taupo,"Lakeland Resort is situated on the beautiful shores of Lake Taupo, New Zealand's largest lake and world renowned for its trout fishing and scenery.Set amidst 2.8 acres of landscaped grounds, complete with 64 well equipped studio units, with 42 plasma flat screen TV, tennis court, outdoor seasonal swimming pool, 2 private indoor spa pools, guest laundry facilities, ample off-street parking, 2 conference rooms and the Lakeland Bar and Brasserie.Lakeland Resort offers relaxing and comfortable accommodation, superb conference and function facilities with The Lakeland Bar & Brasserie serving divine cuisine.",info@lakeland.co.nz,http://www.lakeland.co.nz/,+64 7-378 3893,Hotel,"282 Lake Terrace, Taupo P.o. Box 1179, Taupo 3330 New Zealand",New Zealand,Taupo,3330,-38.71209,176.0874,3.0,$,155.5,64,99,,,,,1,1,,,,,1,1,1,1,1,,1,1,#46 of 60 hotels in Taupo,46,60,316,3.5,4,3.9,3.7,3.9,3.8,3.9
939087,Cottage Mews Motel,"Enjoy the nostalgia of days past in a charming self-contained studio or family cottage. Hosts Lewis & Tania Bourke offer warm personal service and are happy to share their fresh perspective of the Lake Taupo area. Enjoy tea in a private garden courtyard, cycle along the lake-front or paddle a kayak around the point. Take the path to the lake edge or relax in a spa bath with lavender bubbles. Just minutes from the boutique shopping, restaurants and cafes of downtown Taupo, the motel is central to the region’s action and attractions. Fine dining, fishing expeditions, a long soak in thermal pools or a weekend spent walking and cycling … whatever your idea of a Taupo getaway, Cottage Mews promises a moderately-priced and memorable lakeside experience.",cottagemews@xtra.co.nz,http://cottagemews.co.nz/,+64 7-378 3004,Hotel,"311 Lake Terrace, Taupo 3330 New Zealand",New Zealand,Taupo,3330,-38.71159,176.0859,3.0,$$,179,11,245,5,146,184,,,,,1,,1,1,,1,1,,,,1,#7 of 60 hotels in Taupo,7,60,838,4.7,4.8,4.6,4.6,4.9,4.6,4.7
255926,Quality Inn Acapulco,"Welcome to Quality Inn Acapulco, your Taupo “home away from home.” Quality Inn Acapulco aims to make your visit as relaxing and enjoyable as possible, which is why so many guests continue to come back year after year. While staying at Quality Inn Acapulco , visitors can check out Spa Thermal Park and Riverbank Recreational and Scenic Reserve (1.7 mi) and Formula Challenge Racing (1.8 mi), some of Taupo's top attractions. Quality Inn Acapulco offers guests an array of room amenities including a flat screen TV, air conditioning, and a refrigerator, and getting online is possible, as free Wi-Fi is available. The hotel offers baggage storage, to make your visit even more pleasant. The property also features a hot tub and barbeque facilities. Guests arriving by vehicle have access to free parking. When you’re feeling hungry, be sure to check out Kassaba Mediterranean Cafe & Restaurant, Piccolo Cafe, and Portofinos, which are some Italian restaurants that are popular with locals and out-of-towners alike. During your visit, be sure to check out Maori Rock Carvings (0.1 mi), which is a popular attraction within walking distance of the hotel. Quality Inn Acapulco puts the best of Taupo at your fingertips, making your stay both relaxing and enjoyable.",info@acapulcotaupo.co.nz,https://www.choicehotels.com/new-zealand/taupo/quality-inn-hotels/nz199,+64 7-378 7174,Hotel,"19 Rifle Range Road, Taupo 3330 New Zealand",New Zealand,Taupo,3330,-38.692886,176.07811,4.0,$$,219.5,39,344,6,164,176,,1,,,1,,1,1,1,1,1,,1,1,1,#21 of 60 hotels in Taupo,21,60,419,4.2,4.5,4.5,4.2,4.4,4.3,4.2
664587,ibis Hamilton Tainui,,h2159-re2@accor.com,https://all.accor.com/hotel/6690/index.en.shtml,+64 7-859 9200,Hotel,"18 Alma Street, Hamilton 3204 New Zealand",New Zealand,Hamilton,3204,-37.785156,175.28258,3.0,$$,237,126,163,3,220,220,,1,1,,1,1,,1,1,1,,,1,1,1,#12 of 56 hotels in Hamilton,12,56,1150,3.8,4.3,4.5,3.8,4,3.9,4.1
2640010,Backpackers Central Hamilton,"As our name suggests, Backpackers Central Hamilton is conveniently located close to most amenities. A range of bed options from dorm (up to 6 bunk beds) to fully furnished single, double and triple, family rooms. We offer modern, safe (24hr access with electronic swipe key), clean and friendly environment with Free Breakfast, Free WiFi for high speed internet, Free Locker in Dorm, Free bed linen, Free coffee and tea, Free parking, Free DVD hire, Fully Stocked Kitchens, BBQ Deck, Guest Laundry, Luggage Storage. Group bookings are our specialty as we have 48 dorm beds, 9 doubles, 3 twins, 2 triples, family and 19 singles. Your satisfaction is our goal, Arrive as guests, Leave as friends!",info@backpackerscentral.co.nz,http://backpackerscentral.co.nz,+64 7-839 1928,Specialty Lodging,"846 Victoria Street, Hamilton 3204 New Zealand",New Zealand,Hamilton,3204,-37.78086,175.27739,2.0,$,74,48,56,2,62,77,1,1,,1,,,1,1,1,1,1,,,,1,#20 of 23 Speciality lodging in Hamilton,20,23,120,3,3.5,4.1,3.3,3.5,3,3.4
631967,Sacred Waters Apartments,"On the shores of New Zealand's favorite lake sits Taupo's number one luxury lakefront accommodation, Taupo Sacred Waters Luxury Lakefront Apartments. Overlooking Lake Taupo this stylish luxury apartment complex provides an outstanding experience for visitors to the lakeside city of Taupo New Zealand. Sacred Waters Luxury Lakefront apartment's are Taupo's most central luxury accommodation choice. An easy walk to Central Taupo and a short drive to any Taupo tourist activity. Sacred Waters Taupo is Qualmark 5 Star internationally rated.",info@sacredwaters.co.nz,http://www.sacredwaters.co.nz/index.html,+64 7-376 1400,Hotel,"221 - 225 Lake Terrace Waipahihi, Taupo 3330 New Zealand",New Zealand,Taupo,3330,-38.705944,176.08775,5.0,$$$,423,16,312,5,320,337,,1,,,1,,,1,,1,1,,,,1,#13 of 60 hotels in Taupo,13,60,470,4.7,4.8,4.8,4.9,4.6,4.7,4.4
289727,Parklands Motor Lodge,"Renowned for its ambience hospitality, Parklands Motorlodge combines a popular restaurant and neighbourhood bar with 30 tasteful accommodation units, both hotel suites and self-contained units, only a stone's throw from Turangi township and within comfortable travelling distance of the area's major attractions. Turangi is the closest town to the Tongariro Alpine Crossing. The Tongariro Alpine Crossing in the Tongariro National Park near Turangi is said to be""the best one day trek in New Zealand"". It's annually ranked amongst the top 10 single day treks in the world. High praise but if you have even a passing interest in hiking, The Tongariro Alpine Crossing will be one of the most rewarding experiences in New Zealand. Fly Fish the Southern Lake Taupo region. Fly Fishing Guides available. Whitewater Rafting Daily. Scenic Flights over the Volcanos.",info@parklandsmotorlodge.co.nz,http://www.parklandsmotorlodge.co.nz/,+64 7-386 7515,Hotel,"25 Te Arahori Street PO Box 142, Turangi 3334 New Zealand",New Zealand,Turangi,3334,-38.99228,175.81075,4.0,$,143.5,31,70,5,137,153,,1,,,1,1,1,1,1,1,1,1,,,1,#4 of 10 hotels in Turangi,4,10,314,4.3,4.5,4.4,4.1,4.5,4.3,4.4
11680339,The Village Resort,"The Village Resort is located at 82 Lake Terrace (entry is by way of 6 Tui Street) in Taupo, New Zealand, and overlooks the shores of stunning Lake Taupo. Just 500 Meters from the Taupo CBD, it is ideally situated for all your accommodation requirements in the North Island of New Zealand's Water Playground and Events Capital. With a mix of One, Two, and Three Bedroom Apartments, this 4 Star property boasts an Outdoor Swimming Pool, a Spa Pool, and glorious views across the lake that are to die for. Ideal air conditioned accommodation for Families, Couples and Singles, The Village Resort has the right accommodation for your needs. Please note- The images may differ to your actual room booking.",stay@thevillageresort.co.nz,http://www.thevillageresort.co.nz,+64 7-378 0333,Specialty Lodging,"82 Lake Terrace, Taupo 3330 New Zealand",New Zealand,Taupo,3330,-38.69421,176.07745,4.0,$$,242,22,103,6,182,221,,1,,,1,,1,1,,1,1,,,,1,#6 of 39 Speciality lodging in Taupo,6,39,103,4.7,4.8,4.9,4.8,4.8,4.7,4.7
1806670,Sovereign Pier On The Waterways,"Luxury 5 star resort delivering great holiday experiences 2nd to none with guaranteed water views, spacious modern suites,(1,2 or 3 bedrooms). Your ideal honeymoon or holiday location. Facilities include FREE in room Wi-Fi, super-sized spa pool, lap pool and tennis court, gym and kayak hire. Suites all have designer kitchens, spacious dining, lounge and bedrooms with walk-in wardrobes in master bedroom, providing all the comforts of home and more. Water views guaranteed with all Suites located on the waterfront with peaceful relaxing views of the Waterways & mountain range beyond; set amongst landscaped grounds, just minutes from the beach, Whitianga is spoilt for choice with many cafes, bars & restaurants, ensuring all tastes are catered for, only a 1.5Km walk to the centre of the township. Cosy gas fires/or heat pumps complete the picture for the colder months. A full laundry is provided within each Suite.Unique to Sovereign Pier is their own private boat ramp; and ample FREE parking for cars & boat trailers. Guests with large power boats and yachts can also rent a marina berth, subject to availability. They have 24hr security in their gated complex for your peace of mind and a private lockable garage is provided with each Suite. Kayaks & quadricycle are available for hire. Whitianga is a New Zealand coastal town on the move. Often considered the Coromandel's jewel in the crown - It marks the gateway to spectacular deep sea fishing and diving as well as swimming, bush walking, scenic cruises, soaking in a hot pool at Hot Water Beach at low tide, or indulging yourself for a massage at the famous Whitianga Lost Spring Hot Mineral pools & Spa, horse riding, surf and line fishing, kayaking, relaxed shopping, dining on local cuisine, golfing, bone carving - Sovereign Pier sits in the center of all of this,in the peaceful location of the Whitianga waterways.",stay@whitiangaholidays.co.nz,https://www.whitiangaholidays.co.nz/,+64 7-867 1236,Specialty Lodging,"73 South Highway Whitianga, Whitianga 3510 New Zealand",New Zealand,Whitianga,3510,-36.8398,175.6925,5.0,$$,341.5,15,192,2,459,493,,1,,,,,1,1,,1,1,1,,1,1,#4 of 32 Speciality lodging in Whitianga,4,32,231,4.8,4.9,4.7,4.9,4.7,4.6,4.7
953212,Waitomo TOP 10 Holiday Park,"A modern, beautifully landscaped park, right in the centre of Waitomo. Walk to the Glowworm Caves, restaurants, store and museum. Our accommodation includes fully self contained park motels ideal for couples or families, en-suite units perfect for couples, and deluxe cabins which are perfect for families or small groups. We also have great hard surface powered sites for motor homes and caravans and great nonpowered sites for tents. Park facilities include swimming pool, Hot tub (free), covered BBQ area, playground, trampoline, free WiFi (data limited), full laundry, communal bathrooms and kitchen/dining for campers and cabin clients and a full advisory and booking facility for any of Waitomo's fantastic activities. We are rated 4 star plus by Qualmark.",admin@waitomopark.co.nz,http://www.waitomopark.co.nz/,+64 7-878 7639,Specialty Lodging,"12 Waitomo Village Road PO Box 32, Waitomo Caves 3943 New Zealand",New Zealand,Waitomo Caves,3943,-38.2602,175.11017,4.0,$,130.5,18,224,,,,,1,,,,1,1,1,1,1,1,1,,1,,#1 of 4 Speciality lodging in Waitomo Caves,1,4,1080,4.5,4.7,4.8,4.4,4.6,4.5,4.4
561906,Grafton Cottage & Chalets,"The Lonely Planets pick for Thames. Nestled high in the hills above Thames, Grafton Cottage and Chalets is in a excluded, peaceful tree-lined setting far from any traffic noise. At the end of each day exploring the Coromandel, relax in the spa, or simply laze by the pool overlooking the sea. BBQ your dinner while watching the sun set over the sea or sample the local restaurants. We offer self contained chalet accommodation in individually designed studio, 1 and 2 bedroom cedar chalets. A delicious full continental breakfast (Grafton Cottage style), on site staff and daily housekeeping is included in the room rate.",welcome@graftoncottage.co.nz,http://graftoncottage.co.nz/,+64 7-868 9971,Bed and Breakfast,"304 Grafton Road, Thames 3500 New Zealand",New Zealand,Thames,3500,-37.148888,175.56242,4.0,$,151,6,204,5,139,159,,,,1,,,1,,,1,1,1,,,1,#4 of 12 B&Bs / Inns in Thames,4,12,288,4.7,4.8,4.7,4.4,4.8,4.7,4.6
1160424,Tongariro Lodge,"Tongariro Lodge offers a unique fishing lodge atmosphere with an international reputation for providing guests with intimate friendly service, the best of food and wine and private exclusive accommodation. There is a secluded spa and all weather tennis court on park like grounds. The Lodge specialises in providing personally guided trout fishing or outdoor experiences with resident guides.Tongariro is the ideal holiday destination for trout fishermen, outdoor enthusiasts and family adventure.",trout@tongarirolodge.co.nz,http://www.tongarirolodge.co.nz/,+64 7-386 7946,Hotel,"83 Grace Road, Turangi 3382 New Zealand",New Zealand,Turangi,3382,-38.978603,175.81816,4.0,$$,273.5,24,175,7,260,299,1,1,1,,,,1,,1,1,1,,,1,1,#6 of 10 hotels in Turangi,6,10,289,4.1,4.5,4.7,3.9,4.4,4.3,3.8
258296,Grand Mercure Puka Park Resort,,reservations@pukapark.co.nz,https://all.accor.com/hotel/3687/index.en.shtml,+64 7-864 8088,Hotel,"42 Mount Avenue Pauanui Beach, Pauanui 3546 New Zealand",New Zealand,Pauanui,3546,-37.032276,175.86815000000001,4.5,$$,287.5,48,562,2,267,268,1,1,1,,1,1,,1,1,1,1,1,1,,,#2 of 2 hotels in Pauanui,2,2,1161,4.1,4.1,4.4,4.1,4.1,4.2,3.5
643009,Quantum Lodge Motor Inn,"Finding the ideal charming motel in Hamilton does not have to be difficult. Welcome to Quantum Lodge Motor Inn, a nice option for travelers like yourself. Just across the road to ""The Base"" Shopping Centre and also now the new train station through to Auckland. Numerous bars, cafes & restaurants, supermarkets all within walking distance. Quantum Lodge Motor Inn is a great destination for corporate, couples, families, friends and tourists. You’ll enjoy relaxing rooms that offer air conditioning/heating and you can stay connected during your stay as Quantum Lodge offers guests unlimited wifi. The motel features a pool, gymnasium, spa pool, guest laundry and BBq facilities, providing just the spot after your busy day. For guests with a vehicle complimentary parking is also available. During your visit, be sure to check out one of Hamilton's many popular attractions such as The ""Hamilton Gardens"", Zealong, The Zoo, The gorgeous River Trail just to name a few. Quantum Lodge Motor Inn looks forward to welcoming you on your next visit to Hamilton.",info@quantumlodge.co.nz,http://www.quantumlodge.co.nz/,+64 7-850 5801,Hotel,"1 Karewa Place Pukete, Hamilton 3200 New Zealand",New Zealand,Hamilton,3200,-37.74894,175.23784,3.5,$$,230,25,64,7,210,234,,1,,,1,,1,1,1,1,1,1,,1,1,#4 of 56 hotels in Hamilton,4,56,260,4.8,4.8,4.4,4.7,4.6,4.6,4.6
2027609,No. 1 Motels,"Finding an ideal family-friendly motel in Cambridge does not have to be difficult. Welcome to No. 1 Motels, a nice option for travelers like you.
No. 1 Motels is a family-friendly motel offering a refrigerator and air conditioning in the rooms, and it is easy to stay connected during your stay as free wifi is offered to guests.
The motel features baggage storage. For guests with a vehicle, free parking is available.
While in Cambridge be sure to experience local falafel favorites at Kebabelicious.
If you are interested in exploring Cambridge, check out an art gallery, such as The Garden Art Studio.
No. 1 Motels looks forward to welcoming you on your visit to Cambridge.
",office@no1motel.com,http://www.no1motels.co.nz/,+64 7-823 1467,Hotel,"89 Victoria Street, Cambridge 3434 New Zealand",New Zealand,Cambridge,3434,-37.890957,175.46689,3.0,$,95,45,44,8,96,105,,1,,,,,,,,1,1,,,1,1,#9 of 9 hotels in Cambridge,9,9,81,3.5,4.3,4.4,3.8,3.7,4.1,3.9
1187051,Jetpark Hotel Hamilton Airport,"Dedicated to providing excellent service and genuine Kiwi hospitality to our guests. We are passionate about New Zealand and ensuring that every guest who steps through our doors has the best experience. Located a 6-minute walk from Hamilton Airport terminal and 2 km from Mystery Creek Events Centre. It features free parking, a fitness centre, an outdoor pool, a sauna and a tennis court. The rooms provide guests with free WiFi, flat-screen TV's as well as mini fridges and tea/coffee making facilities. Some rooms feature air-conditioning and a spa bath. The apartments include living rooms and kitchenettes. Room service is offered. Other facilities at Jet Park Hamilton Airport are a casual restaurant/bar with seasonal garden seating and a conference centre with 6 meeting rooms. We pride ourselves on making everyone feel welcome and hope you find a home within our walls.",reservations@jetpark.co.nz,https://www.jetparkhamilton.co.nz/,+64 9-275 4100,Hotel,"201 Airport Road, Hamilton 3282 New Zealand",New Zealand,Hamilton,3282,-37.867085,175.3383,4.0,$$,195.5,62,60,1,189,189,,1,1,,1,,,1,,1,1,1,1,,1,#15 of 56 hotels in Hamilton,15,56,67,4.5,4.7,4.6,4.7,4.6,4.6,4.4
1150584,Raglan Backpackers and Waterfront Lodge,"Raglan Backpackers hostel and Surf Camp New Zealand is located on the water's edge of Raglan's beautiful harbour, looking out across the water to Mt Karioi. Purpose-built accommodation for your comfort and security, we take pride in our clean facilities, friendly atmosphere, surfing knowledge and helpful staff. All rooms open onto a private central courtyard garden, where you can relax in a hammock or enjoy the hot tub. The living room and dining area open onto the grass lawn which is absolute waterfront. We have surfing instructors waiting to teach you the best way to stand up and get surfing! We also rent Surfboards, Wetsuits, Mountain Bikes, Double and Single kayaks, Body Boards to rent and even a sauna and spa pool! We have also have free transport in our Electric Car to the surf beach for guests renting Surfboards!! (5 min drive).",info@raglanbackpackers.co.nz,http://www.raglanbackpackers.co.nz/,+64 7-825 0515,Specialty Lodging,"6 Wi Neera Street, Raglan 3225 New Zealand",New Zealand,Raglan,3225,-37.800915,174.86797,2.0,$,96,12,77,2,94,101,,,,,,,,1,1,1,1,,,1,,#1 of 12 Speciality lodging in Raglan,1,12,168,4.7,4.5,5,4.4,4.6,4.4,4.6
1139487,Anchorage Resort Taupo,"The Anchorage Resort is a beautiful complex located right on the shores of NZ's largest body of water, Lake Taupo. The Anchorage Resort features 21 spacious units, We have a variety of room types from large studios, one and two bedroom units and our amazing and luxurious 3 bedroom apartment. Our complex is also family friendly with our pool area recently receiving a spruce up -including a new deck. With a heated plunge pool, we offer the perfect way for the family to relax and enjoy Taupo's amazing sights whatever the weather. We also offer free Wi-Fi, off-street parking and easy access to the lake just across the road from our motel. You will not find a better place to stay at for that special family holiday.",info@taupomotel.co.nz,http://www.taupomotel.co.nz/,+64 7-378 5542,Hotel,"346 Lake Terrace Two Mile Bay, Taupo 3330 New Zealand",New Zealand,Taupo,3330,-38.715343,176.0837,4.0,$$,274.5,21,146,6,216,254,,1,,,1,1,1,1,,1,1,1,,,1,#3 of 60 hotels in Taupo,3,60,365,4.8,4.9,4.7,4.8,4.9,4.8,4.7
788925,Creel Lodge Motel,"Creel Lodge - Peaceful and quiet away from the main highway, private river access. Tired of travelling? Then visit this oasis on the central plateau, 15 minutes from the Tongariro Crossing. Inspection welcomed. Have a safe journey.",info@creel.co.nz,,+64 7-386 8081,Hotel,"183 Taupahi Road Waikato, Turangi 3444 New Zealand",New Zealand,Turangi,3444,-38.99317,175.81392,4.0,$$,197.5,19,131,5,180,207,,1,,,,,1,1,1,1,1,,,1,,#2 of 10 hotels in Turangi,2,10,424,4.7,4.8,4.7,4.6,4.6,4.6,4.6
255635,Anglesea Motel & Conference Centre,"At Anglesea Motel and Conference Centre, we aim to make sure your stay is as comfortable and enjoyable as possible. We offer some great free services and have plenty of parking for cars and trailers.We offer a wide range of accommodation options, conference centre facilities, townhouses and tailor-made holiday packages to suit your needs.Anglesea Motel and Conference Centre is a 42 unit complex, conveniently located on a quiet, tree lined street that makes you forget you are in the city. You are only a few minutes’ walk from some of the best Hamilton attractions including Founders Theatre, Waikato Stadium, Seddon Park and the Hamilton CBD. We're also not far from Claudelands Event Centre and plenty of great Hamilton restaurants and cafes. And we're only 1.5 hours drive from Auckland Airport!",reservations@angleseamotel.com,http://www.angleseamotel.com,+64 7-834 0010,Hotel,"36 Liverpool Street, Hamilton 3204 New Zealand",New Zealand,Hamilton,3204,-37.781296,175.2724,4.0,$,116.5,48,36,5,118,130,,,,,,,1,1,1,1,1,1,,1,1,#29 of 56 hotels in Hamilton,29,56,211,3.5,4,3.9,3.7,3.6,3.9,3.7
1209421,Baileys At The Beach Motel,"Baileys At The Beach is situated directly across the road from Buffalo Beach. We offer 9 well equipped units for couples, families/friends and corporate guests. We have 2 Standard One Bedroom units for the budget savvy, 4 Deluxe One Bedroom Units and 3 Premium Units for those who want luxury. Fully equipped kitchen, microwave and fridge/freezer. SKY Guest Select provides a selection of over 50 channels, including sports and movies. High speed wireless Internet. Every room has a beautiful view to watch the stunning sunrises or just sit and relax on your private patio or balcony and watch the world go by. Make us your next holiday destination!",info@baileysmotel.co.nz,http://www.baileysmotel.co.nz/,+64 7-866 5500,Hotel,"66 Buffalo Beach Road, Whitianga 3510 New Zealand",New Zealand,Whitianga,3510,-36.819443,175.69917,3.0,$$,239,9,86,7,193,252,,,,,1,,1,1,,1,1,,,,1,#5 of 13 hotels in Whitianga,5,13,127,4.5,4.8,4.7,4.6,4.5,4.4,4.3
621480,Turangi Leisure Lodge,"Turangi Leisure Lodge is located near the Turangi town centre, on the southern shores of Lake Taupo in the Waikato region of New Zealand's North Island. The Classic Managed Resort features 38 self-contained 1 and 3 bedroom apartments with facilities including a bar, spa pool, BBQ area, games room, table tennis, golf clubs, mini golf, and heated swimming pool. This Turangi accommodation is the ideal base for trout fishing on the Tongariro River, lake activities on Lake Taupo, hiking trails at Tongariro National Park, Kaimanawa Forest Park, and Pureroa Forest Park, and the ski fields at Mount Ruapehu. Guests can explore the countless activities on offer in Turangi from the comfort of Turangi Leisure Lodge.",reservations@classicholidayclub.com.au,,+64 7-386 8988,Hotel,"Ngawaka Place Turangi, Taupo 3334 New Zealand",New Zealand,Taupo,3334,-38.989376,175.81194,2.5,$,159.5,38,109,6,128,159,,,,,,1,1,1,,1,1,1,,1,,#43 of 60 hotels in Taupo,43,60,115,3.9,4.3,3.9,4.1,4.1,3.9,4.2
579843,The Waitomo Village Chalets - Home Of Kiwipaka,"Comfortable and friendly, our facility set in private gardens with rural views includes chalets with en suites and a lodge with shared bathrooms. The property is northerly facing, sunny and has a rustic ambience providing a great get away experience. All the queen and twin king single chalets and Family Kitchenette Chalet include smart TVs, bar fridges and tea and coffee making facilities. The loft chalets can accommodate more than two guests and are suitable for the more budget sensitive travellers- 4 adults or a family including three children ( 5). A self-catering kitchen and lounge area with smart TV is available for chalet group bookings on request or by arrangement. All linen is provided for all room types. Contactless entry is arranged for individual travellers on booking. Larger groups can be met as per booking arrangement. The lodge can accommodate exclusive group bookings including use of lounge and kitchen area. It is very popular for private functions, celebrations , team events and conferences. Please contact the property directly for these bookings.",stay@waitomochalets.com,https://www.waitomovillagechalets.co.nz/,+64 22 621 5143,Hotel,"Hotel Access Road Hotel Access Road, Waitomo Caves 3943 New Zealand",New Zealand,Waitomo Caves,3943,-38.26196,175.10896,3.0,$,115.5,47,83,6,94,104,,,1,,,,,,,1,1,,,1,1,#2 of 4 hotels in Waitomo Caves,2,4,30,4.1,4.5,4.9,4.1,4.4,4.1,4.4
1187046,Auto Lodge Motel,"Come and stay at one of the best motels in Hamilton. Auto Lodge Motel is located only minutes north of central Hamilton, away from the central traffic, easy to find with ample parking. Close to Supermarkets, Cafes, Sky City Casino, Waikato Stadium, Water World, Claudelands Event Centre and the Base Shopping Centre. We offer accommodation to suit all needs; from Studio suites, One-bedroom Suites to Spa Bath Studio Suites. Our Spa Bath Suite, including a luxurious spa, is perfect for a quiet wind-down or a weekend getaway. All units are fully equipped for a comfortable and relaxing stay whatever the occasion. We also offer all the modern day necessities in all our suites including 42 inch Flat Screen Televisions with +50 Sky Digital Channels, Free Unlimited fibre Wifi access, Heat pump and Air-conditioner, large parking area and much more.",info@autolodgemotel.co.nz,http://www.autolodgemotel.co.nz,+64 800 524 232,Hotel,"298 Ulster Street Whitiora, Hamilton 3200 New Zealand",New Zealand,Hamilton,3200,-37.775894,175.2667,4.0,$,126.5,14,48,7,140,140,,,,,1,,1,,1,1,1,,,,1,#16 of 56 hotels in Hamilton,16,56,57,4.5,4.8,4.3,4.4,4.6,4.5,4.3
584541,Oceanside Motel Whitianga,"The Oceanside is a boutique motel, offering a unique blend of superior beachfront accommodation, traditional hospitality and stunning sea views in Whitianga, the heart of the magical Coromandel Peninsula. With 180 degree panoramic views over Buffalo Beach and Mercury Bay from all units you are only metres away from safe swimming and fantastic boating in the beautiful waters of Mercury Bay. Make the most of this opportunity to relax and unwind in one of New Zealand's most acclaimed scenic regions. The Oceanside is just a 10 minute stroll along the beach to Whitianga's renowned cafes and restaurants, the wharf and marina complex plus the Village shopping centre. With just a 2 minute drive we are one of the closest motels to the international acclaimed The Lost Spring Thermal Pools & Spa complex.",info@oceanside-motel.co.nz,http://www.oceansidemotel.co.nz/,+64 7-866 5766,Hotel,"32 Buffalo Beach Road, Whitianga 3510 New Zealand",New Zealand,Whitianga,3510,-36.82532,175.70232,3.0,$$,208,9,87,8,190,224,,,1,,1,,1,1,,1,,,,,1,#7 of 13 hotels in Whitianga,7,13,139,4.3,4.7,4.8,4.4,4.5,4.4,3.9
1187456,Chelmswood Motel Taupo,"Welcome to Chelmswood Motel Taupo Overlooking Lake Taupo New Zealand. Chelmswood Motel Taupo is a Tudor style complex consisting of 36 units (24) with their very own natural thermal mineral pools. Located at the southern entrance to Taupo with beautiful views of Lake Taupo. Easy to find, conveniently located on Lake Terrace (old SH 1) which passes through Taupo on the way to either Auckland or Wellington. Chelmswood Motel Taupo is the perfect choice for the whole family, the couple wanting a romantic peaceful break, the over-nighter looking for a great nights sleep to break their journey. Secure off road parking for your trail bike trailers, race rigs, boats etc.",relax@chelmswood.co.nz,http://www.chelmswood.co.nz/,+64 800 238 238,Hotel,"250 Lake Terrace, State Hwy 1 Waipahihi, Taupo 3330 New Zealand",New Zealand,Taupo,3330,-38.709995,176.08913,3.0,$$,183.5,38,177,6,122,210,,,,,,,1,1,1,1,1,,,,1,#36 of 60 hotels in Taupo,36,60,351,4,4.3,4.3,4,4.3,4.1,4.1
1852260,Bow Street Accommodation,"Seven two storied Apartments and one 2-bedroom Cottage, all sitting along the waterfront with Raglan's cafes, shops and water only 50m from your doorstep. Each of our 7x Apartment are 2 storied. Upstairs you’ll find a spacious bedroom with a comfortable King bed & bi-fold windows looking out to the Pohutukawa trees & water. The setting is quite magical. Downstairs you’ll find an open plan kitchenette & stylish living area with comfy couch, day bed & bi-fold doors opening out to your own patio. We also have the 2-bedoom waterside, bach-like Cottage. Upstairs you'll find a gorgeous bedroom with queen bed, ensuite & private deck surrounded by the water and mountain views. Downstairs is an open plan kitchen, dining & living area with French doors opening out to your own courtyard. The second bedroom is found downstairs, also with ensuite. All serviced, Fibre Wi-Fi, SmartTV and off-street parking.",info@bowstreet.co.nz,http://bowstreet.co.nz,,Specialty Lodging,"1 Bow Street, Raglan 3225 New Zealand",New Zealand,Raglan,3225,-37.7998,174.86726,0.0,$$,254,8,157,7,230,307,,,,,,,1,,1,1,1,,,,1,#2 of 12 Speciality lodging in Raglan,2,12,166,4.5,4.6,4.9,4.7,4.4,4.5,4.3
9604108,Phoenix Resort,"Welcome to Phoenix Resort Taupo. The resort itself is set in a picture-perfect rose garden, directly across the road from sparkling Lake Taupo, New Zealand's largest lake. Accommodation options encompass a choice of flexible configurations. Check into a spotless, impeccably maintained studio, or a one-bedroom or two-bedroom apartment. Two-bedroom apartments sleep up to a maximum of six. The single-bedroom units will accommodate up to four. The studios on the other hand, are ideal for a romantic getaway for two. All rooms include hospitable touches including kitchen facilities, selected Sky TV channels, free WiFi to keep you connected and even electric blankets to keep you cozy. All rooms also have their own private thermal mineral pool, where you can relax in the rich minerals and revitalise your your mind, body and soul.",phoenixresortmotel@gmail.com,http://www.phoenixresort.co.nz/,+64 7-378 7216,Hotel,"212 Lake Terrace Waipahihi, Taupo 3330 New Zealand",New Zealand,Taupo,3330,-38.70549,176.08818,3.0,$$,270,13,146,5,176,196,,,,,1,,1,1,,1,1,,,,,#28 of 60 hotels in Taupo,28,60,121,4.5,4.6,4.4,4.7,4.7,4.8,4.3
9466392,Rua Resort,"Rua Resort Boutique Bed and Breakfast is on a hill overlooking green pastures and taking in a postcard-worthy panoramic view of Mount Pirongia. Rua Resort boasts arguably some of the best vistas the Waikato has to offer. Come relax, unwind and enjoy some good ol' Kiwi hospitality!",ruaresort@gmail.com,http://www.ruaresort.com/,0116421617003,Bed and Breakfast,"170 Foster Road Temple View, Hamilton 3290 New Zealand",New Zealand,Hamilton,3290,-37.81903,175.20879,3.0,$$,168.5,8,136,3,155,186,,1,1,1,,1,,,,1,1,,,,1,#2 of 25 B&Bs / Inns in Hamilton,2,25,125,4.4,4.8,4.4,4.5,4.5,4.6,4.5
258175,Lake Taupo Lodge,"Lake Taupo Lodge offers 5 star luxury accommodation with dinner by arrangement. The focus is on gracious living and the six guest suites are luxurious examples of world class accommodation.This award winning, luxury bed & breakfast lodge is a designer’s delight. Inspired by Frank Lloyd Wright, it is set within magnificent landscaped gardens overlooking beautiful Lake Taupo and the mountains.Lake Taupo Lodge prides itself in the care and attention that we put into our guests. From the moment you arrive you can relax and let us look after you in style and comfort.This is a large (10,000 sqm) multi faceted property with each room having its own lounge area as well as the large main lounge and dining areas.",Reservations@laketaupolodge.co.nz,http://www.laketaupolodge.co.nz/,0116473787386,Specialty Lodging,"41 Mapara Road Acacia Bay, Taupo 3385 New Zealand",New Zealand,Taupo,3385,-38.704945,176.02792,5.0,$$$$,1048,6,281,4,1020,1095,,1,1,1,,,,,1,1,1,,,,1,#2 of 39 Speciality lodging in Taupo,2,39,495,4.9,4.9,4.8,4.8,4.9,4.9,4.6
2484944,Quest Hamilton,"Quest Hamilton is a wonderfully updated property perfectly located in a peaceful position within Hamilton’s city centre. Close to fantastic shopping, restaurants activities and attractions. Quest Hamilton offers a mix of 38 large studio, one and two bedroom executive self-contained serviced apartments with comfortable and modern furnishings and all the great services and amenities Quest is known for, including full kitchens and laundry including washing machines and dryers in all apartments. Perfect for a night or a year; Quest Hamilton offers a unique ""Home Away from Home"" experience.",reservations@questhamilton.co.nz,http://www.questhamilton.co.nz,+64 21 444 124,Specialty Lodging,"51 London Street, Hamilton 3204 New Zealand",New Zealand,Hamilton,3204,-37.783306,175.27902,4.0,$$,208,38,56,1,157,157,,,,,,,1,1,1,1,,,,1,1,#3 of 23 Speciality lodging in Hamilton,3,23,116,3.7,4.3,4.4,4.1,4.1,4.1,4
626611,Tongariro River Retreat,"Tongariro River Retreat in Turangi is conveniently located in the central North Island. With Tongariro National Park located 38min away is ideal for guests who are here to ski, snowboard, hike, sightsee, and fish. With an abundance of activities, we provide affordable and comfortable accommodation, right in the town centre. Our friendly staff are happy to help you find shuttle services, tour guides, activities and the local restaurants to enjoy a meal. With spacious communal living, kitchen and dining areas we are a great place for group bookings and have plenty of room for everyone. Relax in our private courtyard or warm up by the fireplace. Looking forward to seeing you all!!",book@tongariroriverretreat.com,https://www.tongariroriverretreat.com/,+64 7-386 8949,Specialty Lodging,"26 Ngawaka Place, Turangi 3334 New Zealand",New Zealand,Turangi,3334,-38.988724,175.81161,4.0,$,79,14,96,5,75,85,,1,,,,,1,1,,1,1,,,1,1,#6 of 19 Speciality lodging in Turangi,6,19,106,4.5,4.6,4.6,4.2,4.4,4.3,4.5
1734853,Beachside Resort Whitianga,"Beachside Resort Whitianga offers lovely one & two bedroom self-contained motel apartments at competitive rates. Just a three minute stroll to Whitianga's main street and only a minute to the beautiful Buffalo Beach. Beachside Resort Motel is located on the Beachside of the Oceans Resort complex in the heart of Whitianga, New Zealand (NZ). Perfect to explore the sights and attractions of Mercury Bay and the Coromandel Peninsula.",stay@beachsideresort.co.nz,http://www.beachsideresort.co.nz/,+64 7-867 1356,Hotel,"20 Eyre Street, Whitianga 3510 New Zealand",New Zealand,Whitianga,3510,-36.829952,175.70514,4.0,$$,268,21,141,5,145,199,1,1,1,,,,1,,1,1,1,1,,1,1,#3 of 13 hotels in Whitianga,3,13,766,4.4,4.7,4.7,4.6,4.5,4.4,4.5
1158086,Raglan Sunset,"Wake up to salty sea air, great coffee and the laid-back buzz of Raglan right on your doorstep. Nestled in the heart of town, Raglan Sunset by Tasman Holiday Parks is made for curious wanderers, weekend cruisers and adventure chasers looking to live like a local. Park the car, forget the stress and wander through Raglan’s colourful streets lined with cool little shops, craft breweries and cafés worth lingering in. The harbour’s just down the road, while the world-famous surf beaches are only a short drive away. Check in, slow down and soak up the easy-going Raglan vibe.",book@raglansunsetmotel.co.nz,http://www.raglansunsetmotel.co.nz/,+64 7-825 0050,Hotel,"7 Bankart Street, Raglan 3225 New Zealand",New Zealand,Raglan,3225,-37.800842,174.86961,3.5,$$,196.5,24,100,4,204,227,,,,,,,1,1,,1,1,,,1,1,#1 of 1 hotels in Raglan,1,1,325,4.1,4.5,4.7,3.9,4.2,4.1,4.1
1210060,Peninsula Motel,"Welcome to Peninsula Motel, centrally located in the heart of Whitianga on the stunning Coromandel Peninsula. Whether you're travelling with family, a corporate group, or friends, we offer a range of retro to modern, fully self-contained rooms in various sizes - perfectly suited to your needs. Enjoy the comfort of free WiFi, full Sky TV, and ample parking, including space for boats and trailers. Just a short walk away, you'll find The Lost Spring, award-winning fishing charters, and Cathedral Cove boat tours, making us the ideal base for your Coromandel adventure. Our central location also puts you within easy reach of Whitianga’s best cafés, bars, and restaurants. Peninsula Motel is locally owned and operated, providing a warm, friendly stay that makes you feel right at home. Whether you're here for a relaxing getaway or to explore the best of the Coromandel, we’re here to make your visit memorable. Book your stay today and experience true Kiwi hospitality.",info@peninsulamotel.co.nz,http://www.peninsulamotel.co.nz,+64 7-866 5607,Hotel,"93-97 Albert Street, Whitianga 3510 New Zealand",New Zealand,Whitianga,3510,-36.83729,175.70343,3.0,$,167.5,14,76,6,125,176,,,,,,,1,1,,1,1,,,1,1,#4 of 13 hotels in Whitianga,4,13,187,4.4,4.7,4.6,4.3,4.6,4.3,4.3
12219996,Kelly Rd Cambridge Lodge,"We are located at the entrance of the beautiful tree-lined Cambridge, five minutes from the town square, boutique shops and cafés with Hamilton International airport a 20-minute drive away. Let us be your home away from home while you soak up the local rural natural environment and explore the region’s attractions along the road less travelled. Stay in one of our studio units or a one or two bedroom apartment and view the artwork and stories of the region’s champions showcased in each room. Kelly Rd Cambridge accommodation delivers genuine excellence.",stay@kellyrd.co.nz,http://kellyrd.co.nz/,+64 7-282 0578,Hotel,"1 Kelly Rd, Cambridge 3434 New Zealand",New Zealand,Cambridge,3434,-37.889317,175.45265,4.0,$$,229.5,22,91,5,223,252,,1,1,,1,,1,1,,1,1,,1,1,1,#2 of 9 hotels in Cambridge,2,9,179,4.8,4.9,4.7,4.9,4.9,4.9,4.7
285469,YHA Waitomo Juno Hall Backpackers,"Waitomo has been entertaining guests for decades with its deep caverns, luminescent glowworms and dark waterways for generations. YHA Waitomo offers the perfect base to experience all this spectacular place has to offer. The hostel is situated on a farm and has stunning views and native forest as your backdrop. Relax in a hammock by our large swimming pool and unwind from the adrenalin activities on your doorstep.",junowaitomo@xtra.co.nz,http://www.junowaitomo.co.nz/,+64 7-878 7649,Specialty Lodging,"600 Waitomo Caves Rd, Te Kuiti 3977 New Zealand",New Zealand,Te Kuiti,3977,-38.264446,175.12251,1.5,$,68,32,83,4,42,91,,1,,,,,,1,,1,1,,,,,#1 of 6 Speciality lodging in Te Kuiti,1,6,275,4.2,3.8,4,3.6,4.2,3.5,3.8
634398,Oceans Resort Whitianga,"Enjoy your next holiday in apartment style accommodation at competitive rates. Oceans Resort offers contemporary motel accommodation in self catering apartments. Choose to utilise the upper floor at a 1 bedroom price (serviced daily) perfect for couples or business travel, or choose to use the full apartment at a 2 bedroom price or include the use of the the 'sleep out' - both perfect for groups and families.",stay@oceansresort.co.nz,http://www.oceansresort.co.nz/,+64 7-869 5222,Hotel,"18 Eyre Street 50 Metres Down the Drive, Whitianga 3510 New Zealand",New Zealand,Whitianga,3510,-36.830013,175.70502,4.0,$$,222.5,25,186,5,185,249,,1,,,,,1,1,1,1,1,1,,,1,#2 of 13 hotels in Whitianga,2,13,498,4.7,4.8,4.8,4.7,4.6,4.6,4.5
648635,Harbour View Motel,"Spacious self-contained 1brm ground floor units, all with private deck and harbour views. Set in quiet garden and bush setting, parking at door. Kitchens with cooking facilities, dining area, en suite with shower/shub and separate toilet. King or queen size bed in living area, separate bedroom with 2 single beds. SKY TV, Spa, BBQ, laundry,Broadband Wi-Fi. Continental/cooked breakfast available. Bikes for guest use. Adjacent to walking tracks, Wetlands, safe swimming beach; 2klm to town and golf course.",harbourviewmotelltd@xtra.co.nz,http://www.harbourviewmotelltd.co.nz/about-motel-c,+64 7-866 8690,Hotel,"25 Harbour View Road Coromandel Town, Coromandel 3581 New Zealand",New Zealand,Coromandel,3581,-36.754715,175.48451,4.0,$,146.5,6,155,7,118,140,,1,,,,1,1,1,1,1,1,,,1,1,#4 of 10 hotels in Coromandel,4,10,315,4.5,4.7,4.7,4.6,4.7,4.6,4.5
4076449,Astra Motor Lodge,"Luxurious New Motor Lodge located by Braemar Private Hospital and a few minutes walk to Waikato Hospital. CBD local restaurants and cafes are all within 5 mins in the car. Visit our beautiful gardens or enjoy a stroll around the lake. The 16 beautifully appointed apartment style rooms all with king and superking beds -(can be split into two singles). Sky Guest select with 50 channels plus in everyroom. Full kitchens. Double showers some with twin heads.Spa Baths, heat pump/air-conditioning in everyroom, Ultra fast broadband, wifi, guest laundry. Continental and cooked breakfasts available, with Gluten free options. Plenty of parking.",info@astramotorlodge.co.nz,http://www.astramotorlodge.co.nz,+64 7-282 0015,Hotel,"47 Kahikatea Drive, Hamilton 3206 New Zealand",New Zealand,Hamilton,3206,-37.809193,175.27643,3.0,$$,184,16,77,7,179,213,,1,,,1,,1,1,1,1,1,,,1,1,#3 of 56 hotels in Hamilton,3,56,423,4.8,4.9,4.6,4.9,4.9,4.8,4.8
5484473,Mayfair Court Motel,,mayfaircourtmotel@gmail.com,https://mayfaircourtmotel.co.nz/,+64 7-886 7399,Bed and Breakfast,"22 Logan Street, Tokoroa 3420 New Zealand",New Zealand,Tokoroa,3420,-38.216408,175.8715,0.0,$,122,15,35,7,120,133,,,,,,1,,,,1,1,,1,,1,#2 of 6 B&Bs / Inns in Tokoroa,2,6,21,3.7,4.4,4.4,3.2,4.3,4.3,4
8810402,Haka Lodge Taupo,"Haka Lodge Taupō is an up-market backpacker's hostel located in central Taupō. Our ethos places the guest experience at the heart of everything we do. Come and stay in backpacker luxury with FREE unlimited Wi-Fi, hot-tub and stunning views of Lake Taupō! Haka Lodges are a modern New Zealand hostel network with fresh ideas, smart design and an eco outlook.",reservations@hakahouse.com,https://hakahouse.com/,+64 7-377 0068,Specialty Lodging,"56 Kaimanawa Street, Taupo 3330 New Zealand",New Zealand,Taupo,3330,-38.68767,176.07738,2.0,$,107,29,156,6,86,106,,1,,,1,,1,1,1,1,1,,,,1,#5 of 39 Speciality lodging in Taupo,5,39,672,4.5,4.6,4.4,4.4,4.6,4.3,4.6
600070,Bella Vista Motel Taupo,"We welcome you to the Bella Vista Taupo Motel. We are easy to find on Heu Heu Street, just 3.5 hours from Auckland. We have ample safe parking so you can leave your car, avoid parking issues, walk to work or explore on foot. Our superior smoke free accommodation includes a variety of studios and one bedroom units. The purpose built access units have been designed with parking at the door for your convenience. You have a choice of king, queen or single beds with electric blankets for those cooler nights. Wireless internet is available with a spacious work desk in every room. Units vary from just tea and toast making facilities to those with cooking facilities. We offer continental breakfasts and evening meals charge back facilities, dine in or dine out. You can be assured of a warm welcome at reception where we will assist you in every way possible.",taupo@bellavista.co.nz,http://www.bellavista.co.nz/our-motels/taupo,+64 7-378 9043,Hotel,"145 Te Heuheu Street, Taupo, Taupo 3330 New Zealand",New Zealand,Taupo,3330,-38.69,176.0803,4.0,$$,181.5,18,82,8,152,175,,1,1,,1,,1,1,,1,1,,,1,1,#9 of 60 hotels in Taupo,9,60,337,4.5,4.7,4.3,4.3,4.7,4.5,4.4
2544278,Putaruru Hotel,"Built in the early 1950s in a predominantly art deco style, the Putaruru Hotel is a unique and striking looking building. The building has had a number of owners over the years and hasn’t been looked after well. Hopefully she will get back in her former glory one day. Most of the characteristic details are still intact. You can feel the grandeur from the old days as soon as you step into the building and notice the sweeping stairs which leads to the hotel rooms. The old telephone is still there as well as the writing room, which is now used as television room for the guests. Even the reception desk with its sliding doors make you feel been dropped back to the 19th century. The Parongi function room still has her beautiful fireplace, chandeliers and authentic wallpaper and even the little art-deco bar in there has never been touched. The on-site restaurant is open from Wednesday till Saturday from 8 am till 8.30 pm for breakfast, lunch, dinner, coffee, a beer or a glass of wine.",putaruruhotelnz@gmail.com,http://www.putaruruhotel.co.nz/,+64 7-883 3911,Bed and Breakfast,"79 Princes Street, Putaruru 3411 New Zealand",New Zealand,Putaruru,3411,-38.053192,175.77986,3.0,$,99.5,21,45,6,98,110,,,1,,,1,,1,,1,1,,,,1,#1 of 1 B&Bs / Inns in Putaruru,1,1,42,2.7,3.3,2.8,2.8,3.6,2.6,2.9
6925660,Acacia Lake View Motel,"Experience stylish accommodation, superior service and stunning lake and mountain views at Acacia Lakeview Motel With its breathtaking views of the lake and mountains beyond, soothing on site spa baths in some units and stylish rooms, newly built Acacia Lakeview Motel offers relaxation and comfort for every budget. With a brand new wing offering the newest accommodation in Taupo, Acacia Lakeview Motel is more than just a place to sleep. Whether you are visiting Taupo for business or pleasure, your stay at Acacia Lakeview Motel will be one of comfort, relaxation and breathtaking scenery. Our stylish and spacious rooms provide you with all the comforts of home along with a front row seat to take in the amazing vista of Australasia's largest lake, Lake Taupo and the snow capped mountains beyond.",,https://acacialakeviewmoteltaupo.co.nz/,+64 7-378 4948,Hotel,"60-62 Lake Terrace, Taupo 3330 New Zealand",New Zealand,Taupo,3330,-38.691273,176.07272,3.0,$$,251.5,24,55,5,207,231,,1,1,,1,1,1,1,,1,1,,,1,1,#26 of 60 hotels in Taupo,26,60,136,4.4,4.9,4.9,4.6,4.5,4.2,4.3
1756071,Albert Court Motor Lodge,"Quietly nestled amongst the tree clad streets of Hamilton East, our truly peaceful accommodation is less than 2km from the Central City and only a few minutes walk from the Events Centre, Hamilton Gardens and the Waikato River. The perfect home base for exploring all that Hamilton has to offer. Our range of motel accommodation is ideal for anyone looking for affordable, self contained comfort. . Our accommodation offers:•A great sleep - top of the range beds (2 metres long)•The right temperature (you choose) - heat pumps/air conditioning in each unit•Nice and quiet surrounds - double glazing, residential location, brick construction•32"" LCD TV - Sky and freeview•Broadband options - WiFi and ethernet cable•Spacious bathrooms - with a great shower•Excellent location - close to hospitals, Hamilton Gardens, University CBD, Hamilton East village and cafes, river walks•Superior executive Hamilton accommodation... Executive Studios (some with Spa Bath/Jacuzzi), 1 bedroom Suites (1 with Spa Bath/Jacuzzi), a 2 bedroom unit. Location... Albert Court is situated in a quiet residential location near the Waikato River, Hamilton East village & Hamilton Gardens. Only 2kms to the CBD.",web@albertcourt.co.nz,http://www.albertcourt.co.nz/,0116479294047,Hotel,"29 Albert Street Corner Albert and Grey Street, Hamilton 3216 New Zealand",New Zealand,Hamilton,3216,-37.79766,175.29448,4.5,$$,202.5,18,112,5,207,235,,1,,,1,,1,,1,1,1,,,1,1,#2 of 56 hotels in Hamilton,2,56,458,4.8,5,4.7,4.8,4.9,4.7,4.7
10790486,Waitomo Orchard B&B,,,,,Specialty Lodging,"38 Whitbourne Road, Waitomo Caves 3977 New Zealand",New Zealand,Waitomo Caves,3977,-38.23047,175.18915,3.0,$,105.5,,58,7,102,117,1,,,1,,1,,,,1,1,,,,1,#3 of 4 Speciality lodging in Waitomo Caves,3,4,55,3.8,4.3,4.4,3.8,3.5,4.6,3.5
2321618,Horse and Jockey Inn,"At Horse and Jockey Inn we are proud to be an Award Winning business. We are a family restaurant, tavern, serving good food, lunch and dinner time. Our aim is to create a homely atmosphere, with background music so you can still enjoy a pleasant conversation during your lunch/dinner. We have plenty of space to cater for larger functions, birthdays, anniversaries and so on. We have a great sun facing courtyard for you to enjoy and relax. We have live music playing most Friday nights. On the second floor we offer 15 rooms for accommodation, single, twin, queen and family size, with private or shared bathroom. A small kitchenette with fridge, microwave, tea and coffee making facilities is available for our guests, fire regulations prevent us from offering full cooking facilities, enjoy our food below. Our focus is keeping the rooms simple and affordable, no TV supplied, feel free to watch downstairs. Limited Free Zenbu (50MB) WiFi available, in the general areas. We are in the centre of town an easy walk to catch the free bus from the I site to the Hobbiton Movie set.",info@horseandjockeyinn.co.nz,http://www.horseandjockeyinn.co.nz/,+64 7-888 9972,Bed and Breakfast,"85 Arawa St, Matamata 3400 New Zealand",New Zealand,Matamata,3400,-37.80889,175.77351,0.0,$,140,16,35,5,126,165,,1,,,,,,,,,1,,,,1,#4 of 6 B&Bs / Inns in Matamata,4,6,127,3.3,3.9,4.2,3.3,3.5,3.6,4
257125,Alcamo Hotel - Hamilton,,alcamo@xtra.co.nz,http://www.alcamohotel.co.nz/,+64 7-839 0200,Hotel,"290 Ulster Street, Hamilton 3200 New Zealand",New Zealand,Hamilton,3200,-37.775356,175.26753,3.0,$,100.5,56,47,5,97,109,,1,,,1,1,,1,1,,1,1,1,,1,#56 of 56 hotels in Hamilton,56,56,87,2,2,3.5,2.2,2.6,2.4,2.3
2204830,ASURE Albert Park Motor Lodge,"Albert Park Motor Lodge is owned and operated by Ross & Mel Jones, who purchased the business in 2016 and are excited about providing tourists, families, sports groups and business people with a friendly, comfortable and quiet place to stay in Te Awamutu. Albert Park Motor Lodge is the closest motel to the CBD and is easy walking distance to all amenities, cafes, restaurants, sports facilities. When staying with us at Albert Park Motor Lodge you will be warmly welcomed and enjoy a stress free stay in a quiet and relaxing environment.",bookings@albertparkmotorlodge.co.nz,http://www.albertparkmotorlodge.co.nz,+64 800 221 166,Bed and Breakfast,"299 Albert Park Drive, Te Awamutu 3800 New Zealand",New Zealand,Te Awamutu,3800,-38.01135,175.32854,4.0,$$,198.5,15,56,6,176,185,,,,,1,,1,,1,1,1,,,1,1,#1 of 8 B&Bs / Inns in Te Awamutu,1,8,138,4.7,4.8,4.7,4.7,4.8,4.6,4.7
628355,Barclay Motel,"Asure Barclay Motel is located just minutes away from the Hamilton central business district and close to the Waikato Stadium. Family friendly and safe, Asure Barclay Motel provides an environment for total relaxation for adults and hours of fun for the kids. We offer a swimming pool for our guests to enjoy.",info@barclaymotel.co.nz,http://barclaymotel.co.nz/,+64 7-838 2475,Hotel,"280 Ulster Street, Hamilton 3200 New Zealand",New Zealand,Hamilton,3200,-37.776234,175.2679,4.0,$,133,21,1,2,111,121,,1,,,,1,1,1,,1,1,,1,1,1,#31 of 56 hotels in Hamilton,31,56,62,3.8,4.5,4.4,4.2,4.1,4,3.9
652787,Cascades Lakefront Motel,"Stunning quiet location on the shores of Lake Taupo. Direct access to walk/cycle way (no roads to cross). Lakeside apartment for views and total rest and relaxation, studio units with some lake views, family rooms sleep up to 6 people and some have two bathrooms and 2 LCD TV's and/or a ensuite 2nd toilet. Heated outdoor pool, hot tub, Springfree trampoline, children's playhut, SKY TV, free unlimited internet, cooked or continental breakfast available most of the time. Clean, warm, affordable and friendly accommodation. Small pets by arrangement. Lots of free parking for boats, trailers etc.",,,,Hotel,"303 Lake Terrace, Two Mile Bay, Taupo 3330 New Zealand",New Zealand,Taupo,3330,-38.711254,176.08601,3.5,$$,191.5,24,178,6,171,199,,1,,,1,1,1,1,1,1,1,1,,,1,#11 of 60 hotels in Taupo,11,60,669,4.5,4.7,4.5,4.4,4.7,4.5,4.5
655017,Hygate Motor Lodge,"Welcome to the Hygate Motor Lodge where guests will find the best in customer service, amenities and accommodations all for an affordable rate. The Hygate Motor Lodge is an environmentally rated motel offering apartment-style guest rooms each complete with satellite television with 50+ channels, air-conditioning/heat pump and FREE UltraFast Fibre broadband Internet & Wi-Fi (1 password for all devices & NO Data Caps). Executive suites with spa bath are also available. This Hamilton hotel makes breakfast available to guests every morning for a small fee. The motel's additional amenities include meeting facilities accommodating up to 50 guests.",info@hygate.co.nz,http://www.hygate.co.nz,+64 7-839 3277,Hotel,"299 Ulster Street, Hamilton 3200 New Zealand",New Zealand,Hamilton,3200,-37.776165,175.26622,4.0,$,130,22,17,8,110,139,,1,,,,,1,1,,1,1,,1,1,1,#26 of 56 hotels in Hamilton,26,56,109,4.1,4.4,4.2,4.3,4.2,4.1,4.1
1415129,Comfort Inn Sunset,"Finding an ideal budget friendly small hotel in Thames does not have to be difficult. Welcome to Comfort Inn Sunset, a nice option for travellers like you. While staying at Comfort Inn Sunset, visitors can check out Burke Street Wharf (1.6 mi) and Thames Coastal Walkway (1.9 mi), some of Thames' top attractions. Free wifi is offered to guests, and rooms offer a refrigerator and a kitchenette. For travellers arriving by car, free parking is available. When you’re feeling hungry, be sure to check out Royal Kitchen Indian Restaurant &bar, which is a Chinese restaurant that is popular with locals and out-of-towners alike. There is no shortage of things to do in the area: explore popular monuments and statues such as Thames First World War Memorial. Comfort Inn Sunset looks forward to welcoming you on your visit to Thames.",sunsetmotel@xtra.co.nz,https://www.choicehotels.com/en-au/new-zealand/thames/comfort-inn-hotels/nz202,+64 7-868 8573,Bed and Breakfast,"1017 Tararu Road, Thames 3500 New Zealand",New Zealand,Thames,3500,-37.10982,175.51862,3.0,$,165.5,8,116,7,155,189,,,,,,,1,1,1,1,1,,,1,1,#3 of 12 B&Bs / Inns in Thames,3,12,247,4.5,4.6,4.8,4.5,4.6,4.6,4.7
502813,Tudor Motor Lodge,"The Tudor Motor Lodge is an older style motel, situated 7 mins walking distance of Hamilton CBD, 10 mins walk to hospital and clinics and close to 2 major supermarkets. Our units, though not modern, are clean, tidy and affordable. We have special rates for groups and extended stays. We are pet friendly and allow well behaved pets to stay with you in your unit. We are currently in the process of upgrading and hope to have completed all units by Jan 2012",info@tudormotorlodge.co.nz,http://www.tudormotorlodge.co.nz,+64 7-838 2244,Hotel,"24 Thackeray Street, Hamilton 3204 New Zealand",New Zealand,Hamilton,3204,-37.79261,175.27977,3.0,$,130.5,24,41,,,,,1,,,,,1,1,,1,1,,,,,#36 of 56 hotels in Hamilton,36,56,84,3.3,3.5,4.2,3.3,3.8,3.7,3.6
15866586,Grandeur Thermal Spa & Resort,,info@grandeurresort.co.nz,http://www.grandeurresort.co.nz/,+64 7-376 5067,Specialty Lodging,"281 Spa Road, Taupo 3378 New Zealand",New Zealand,Taupo,3378,-38.672215,176.0916,3.0,$,108,,76,5,81,96,,,,,,,,,,1,1,1,,,,#38 of 39 Speciality lodging in Taupo,38,39,64,2.4,1.9,3,1.9,2,3.1,2
21389689,Waiotahi Valley Lodge,"Waitahi Valley Lodge Offering a garden, Waiotahi Valley Lodge has accommodations in Thames. Complimentary WiFi is provided. Some units are air-conditioned and include a terrace and/or a seating area with a flat-screen TV. A continental breakfast is available each morning at the bed and breakfast. Guests can use the hot tub. Coromandel Town is 41.8 km from Waiotahi Valley Lodge, while Whitianga is 35.4 km from the property. Auckland Airport is 69.2 km away.",info@waiotahivalleylodge.nz,http://www.waiotahivalleylodge.nz,+64 21 772 351,Specialty Lodging,"38b Waiotahi Road, Thames 3500 New Zealand",New Zealand,Thames,3500,-37.12736,175.54488,0.0,$,156,4,12,2,150,161,,,,1,,1,1,1,,1,1,1,1,1,1,#6 of 12 Speciality lodging in Thames,6,12,5,5,5,5,4.5,4.8,5,5
1025808,Quest on Ward,"In the happening heart of Hamilton city the Quest on Ward serviced apartments offer studios, one and two bedroom apartments all with full kitchens including an oven, dishwasher and microwave. Wifi (chargeable) for business or leisure and a washing machine/clothes dryer in every apartment. Almost all apartments have a balcony to view the city sights, shopping malls, cafes and the casino only a few steps away. Inside, everything is provided as your home away from home and a peaceful retreat in the downtown area. Hobbiton, the Waitomo Caves, Raglan Beaches and mineral spas all within an hour of Hamilton.",contact@questapartments.com.au,https://www.questapartments.co.nz/properties/north-island/hamilton/quest-on-ward,+64 7-839 1676,Bed and Breakfast,"42-47 Ward Street, Hamilton 3204 New Zealand",New Zealand,Hamilton,3204,-37.78649,175.281,4.0,$$,234,29,44,8,196,221,,1,,,,,1,1,1,1,,,,1,,#4 of 25 B&Bs / Inns in Hamilton,4,25,197,4.2,4.6,4.7,4.3,4.5,4.2,4.3
1928739,Tasman Holiday Parks - Beachaven,"Whether you're on holiday, visiting friends and relatives or attending events in and around Waihi Beach, Tasman Holiday Parks - Beachaven provides the perfect spot. Just off SH2 between the Coromandel and Tauranga, this holiday park is great for families, couples, groups, international travellers and businesses. Tasman's Beachaven is a safe, friendly holiday park set on 4 acres of land offering a wide range of accommodation. We've got plenty of space for tents, motorhomes and caravans. If you are the sort of camper wanting a spot of luxury then you can choose from our fabulous range of cabins, lodges and motel units. Some of our units are also dog friendly and we are located only 100 metres from the 9km long beach. White sands, clear water, many scenic walks and surf are some of the lovely attractions here at Waihi Beach. Waihi Beach also provides, stunning views to Mayor Island, local walks to Orakawa Bay, fabulous cafes and boutique shops.",beachaven@tasmanholidayparks.com,https://tasmanholidayparks.com/beachaven,+64 7-863 5505,Specialty Lodging,"21 Leo Street, Waihi 3611 New Zealand",New Zealand,Waihi,3611,-37.40287,175.93884,3.5,$,148.5,20,154,4,119,126,,1,,,,,1,1,,1,1,,,1,,#3 of 11 Speciality lodging in Waihi,3,11,338,4.5,4.6,4.7,4.5,4.6,4.4,4.2
255926,Quality Inn Acapulco,"Welcome to Quality Inn Acapulco, your Taupo “home away from home.” Quality Inn Acapulco aims to make your visit as relaxing and enjoyable as possible, which is why so many guests continue to come back year after year. While staying at Quality Inn Acapulco , visitors can check out Spa Thermal Park and Riverbank Recreational and Scenic Reserve (1.7 mi) and Formula Challenge Racing (1.8 mi), some of Taupo's top attractions. Quality Inn Acapulco offers guests an array of room amenities including a flat screen TV, air conditioning, and a refrigerator, and getting online is possible, as free Wi-Fi is available. The hotel offers baggage storage, to make your visit even more pleasant. The property also features a hot tub and barbeque facilities. Guests arriving by vehicle have access to free parking. When you’re feeling hungry, be sure to check out Kassaba Mediterranean Cafe & Restaurant, Piccolo Cafe, and Portofinos, which are some Italian restaurants that are popular with locals and out-of-towners alike. During your visit, be sure to check out Maori Rock Carvings (0.1 mi), which is a popular attraction within walking distance of the hotel. Quality Inn Acapulco puts the best of Taupo at your fingertips, making your stay both relaxing and enjoyable.",info@acapulcotaupo.co.nz,https://www.choicehotels.com/new-zealand/taupo/quality-inn-hotels/nz199,+64 7-378 7174,Hotel,"19 Rifle Range Road, Taupo 3330 New Zealand",New Zealand,Taupo,3330,-38.692886,176.07811,4.0,$$,219.5,39,344,6,164,176,,1,,,1,,1,1,1,1,1,,1,1,1,#21 of 60 hotels in Taupo,21,60,419,4.2,4.5,4.5,4.2,4.4,4.3,4.2
1722066,Te Aroha Motel,"Te Aroha Motel is centrally situated next to the Historic Hot Springs Domain where you'll find the world's only hot soda water geyser - Mokena. Te Aroha is a rural town in the Thames Valley region of New Zealand with a population of around 4000. It is 53km northeast of Hamilton and 50km south of Thames. Just one hour and forty-five minutes drive from Auckland and an hours drive from Tauranga, Te Aroha has become a popular tourist destination for both Aucklanders and overseas tourists and sits on the route to the Coromandel peninsula, making it an ideal stopover on the way or on your return home.",tearohamotel@xtra.co.nz,http://tearohamotel.co.nz,+64 7-884 9417,Bed and Breakfast,"108 Whitaker Street, Te Aroha 3320 New Zealand",New Zealand,Te Aroha,3320,-37.54437,175.71384,2.5,$,159.5,12,48,6,163,175,,1,,,,,1,,1,1,1,,,,1,#1 of 4 B&Bs / Inns in Te Aroha,1,4,149,4.7,4.9,4.9,4.5,4.8,4.6,4.7
1029078,Caves Motor Inn,"If you’re looking for a motel in Waitomo Caves, look no further than Caves Motor Inn.
You’ll enjoy relaxing rooms that offer a refrigerator and a kitchenette, and you can stay connected during your stay as Caves Motor Inn offers guests wifi.
The motel features room service and baggage storage. Plus, Caves Motor Inn offers an on-site restaurant, providing a pleasant respite from your busy day. For guests with a vehicle, free parking is available.
While in Waitomo Caves, you may want to check out some of the restaurants that are a short walk away from Caves Motor Inn, including Waitomo Homestead (0.8 mi) and Caves Motor Inn Restaurant (0.0 mi).
The staff at Caves Motor Inn looks forward to serving you during your upcoming visit.
",glow.worm@xtra.co.nz,http://www.cavesmotorinn.co.nz/,+64 7-873 8109,Hotel,"728 State Highway 3 Hangatiki Junction, Waitomo Caves New Zealand",New Zealand,Waitomo Caves,,-38.255474,175.17928,3.0,$,127.5,28,38,2,129,130,,1,,,,1,,,,1,1,,,,,#4 of 4 hotels in Waitomo Caves,4,4,113,3.5,4.1,3.7,3.4,3.8,3.5,3.9
1861634,Cambridge Coach House,"Relax in the peaceful, park-like surroundings of Cambridge Coach House - Luxury Cottage Accommodation, only 3 mins drive from town. The beautifully finished, separate cottage and suites are in keeping with the character & charm of the main Villa. Every modern comfort can be found in the two luxurious queen suites with generous tiled ensuites with Air Conditioning and Blackberry Cottage which stands alone. All 3 choices situated in the 1.5 acres of manicured gardens. We are just 6 mins to Lake Karapiro, 10 mins to Mystery Creek Events Centre, 20 mins to Hobbiton Movie Set and less than 1 hr to Raglan, Tauranga, Waitomo Caves and Rotorua with ample safe off road parking.",cambridgecoachhouse@gmail.com,http://www.cambridgecoachhouse.co.nz,+64 7-823 7922,Bed and Breakfast,"3796 Cambridge Road, Cambridge 3495 New Zealand",New Zealand,Cambridge,3495,-37.90147,175.45398,4.0,$$,166.5,3,100,4,145,192,,,,,,,1,,,1,1,,,,1,#4 of 26 B&Bs / Inns in Cambridge,4,26,195,4.7,4.9,4.6,4.8,4.7,4.7,4.7
4755219,Whakaipo Lodge,"You'll certainly cherish your time at Whakaipo Lodge, a boutique lodge perfectly positioned close to Taupo and the Great Lake while providing an idyllic, romantic sanctuary away from it all. Nestled on a 4 hectare estate, with stunning gardens and friendly sheep, the Lodge is adjacent to the spectacular Whakaipo Bay Reserve of Lake Taupo, just perfect for secluded swimming, walking, biking or photography. Treat yourself and be pampered with superb food, NZ wine, local craft beer and exceptional coffee or organic tea from your knowledgeable Kiwi hosts at Taupo's top-rated Bed & Breakfast/Inn. Stunning location, gourmet food & wine experience, luxury accommodation and great company are all here in abundance. So, sit back and relax in style.",bookings@whakaipolodge.co.nz,http://www.whakaipolodge.co.nz,+64 22 547 0399,Bed and Breakfast,"1/504 Mapara Road Acacia Bay, Taupo, Taupo 3385 New Zealand",New Zealand,Taupo,3385,-38.688416,175.9855,5.0,$$$$,661.5,2,145,,,,,1,1,1,1,,,,1,1,1,,,,1,#1 of 42 B&Bs / Inns in Taupo,1,42,418,5,5,4.8,4.9,5,4.9,4.9
581103,Broadway Motel & Miro Court Villas,"Finding an ideal family-friendly motel in Matamata does not have to be difficult. Welcome to Broadway Motel & Miro Court Villas, a nice option for travelers like you.
Free wifi is offered to guests, and rooms at Broadway Motel & Miro Court Villas offer a flat screen TV, air conditioning, and a refrigerator.
During your stay, take advantage of some of the amenities offered, including baggage storage. Guests of Broadway Motel & Miro Court Villas are also welcome to enjoy a pool and barbeque facilities, located on site. For travelers arriving by car, free parking is available.
Travelers looking to enjoy some fish and chips can head to The Redoubt Bar and Eatery or Broadway Burger Bar. Otherwise, you may want to check out an Asian restaurant such as Star Food Cafe, Chips N' Curry Takeaways, or Sen Sushi.
Broadway Motel & Miro Court Villas puts the best of Matamata at your fingertips, making your stay both relaxing and enjoyable.
",broadwaymotel@xtra.co.nz,http://www.broadwaymatamata.co.nz/,0116478888482,Hotel,"128 Broadway, Matamata 3400 New Zealand",New Zealand,Matamata,3400,-37.810326,175.77544,3.0,$$,242.5,20,169,2,239,239,,1,,,,1,1,1,,1,1,1,,1,1,#2 of 5 hotels in Matamata,2,5,335,4.6,4.9,4.8,4.7,4.8,4.6,4.7
12709642,The House With No Nails,,Jen@housewithnonails.co.nz,http://housewithnonails.co.nz,+64 7-888 0911,Specialty Lodging,"80 Waghorn Road, Matamata 3474 New Zealand",New Zealand,Matamata,3474,-37.70912,175.78162,3.0,$$,249,6,84,4,215,290,,1,1,1,1,1,1,1,1,1,1,1,1,,1,#1 of 7 Speciality lodging in Matamata,1,7,26,4.9,5,4.6,4.9,5,4.7,5
27156199,Annabells B&B,"Annabells B&B is a haven amongst the Nikau palms and subtropical forest overlooking Mercury Bay in Whitianga, NZ. I have the Ngahere Suite downstairs which overlooks the ferns and gardens, has the king bed or 2 singles and an ensuite. The Nikau Suite is upstairs and has a queen bed and beautiful spa bath with bifold doors which open to the rainforest. A delicious, cooked breakfast is served in my dining room at a time to suit your boat cruise and itinerary. Both Suites are beautifully appointed and with a selection of teas and coffees. Quality NZ made toiletries are in each ensuite for guests to enjoy. We are 3 hrs drive from Auckland, one hour drive from Coromandel town and 3 hrs drive from Hamilton and a bit longer from Rotorua. There are alot of curvy and hilly roads around the Coromandel Peninsula so travelling time is in hours and not km's. Come and stay at Annabells B&B. Bobby and Pearly Girl, the resident cats will greet you as well and love pats and affection.",beverley@annabells.co.nz,http://www.annabells.co.nz,011642109028855,Bed and Breakfast,"41 Tarapatiki Drive, Whitianga, Whitianga 3510 New Zealand",New Zealand,Whitianga,3510,-36.79547,175.69429,0.0,$$,290.5,2,49,,,,,,,1,,,,1,,1,1,,,1,1,#7 of 35 B&Bs / Inns in Whitianga,7,35,35,4.9,4.8,4.9,4.8,4.8,4.9,4.8
302208,Rolleston Motel Thames - Wenzel Motels,"Relax at the Rolleston Motel in Thames and enjoy the quiet, serene atmosphere, yet still remain close to all the recreational amenities. Whether it is a business trip, a well-deserved getaway, you will be able to have everything available to you at your doorstep. Rolleston Motel is the ideal base to explore the Hauraki Cycle trail which starts 500m behind the Motel. Thames has great local art thanks to local artists and is the gateway to the Coromandel. - Free WIFI with Ultra High-speed Fibre connection - 4k Smart TV's with Netflix etc - BBQ and outdoor saltwater pool area - Bike/E-bike parking with power supply - Saltwater outdoor pool and Hot tub - free parking (including trailer) - some rooms with Aircon Rolleston Motel operates under a Zero Tolerance For Noise policy. It is important for us that everyone who stays at our motel enjoys a good night's sleep.",info@wenzelmotels.co.nz,http://www.wenzelmotels.co.nz,+64 7-868 8091,Hotel,"105 Rolleston Street, Thames 3540 New Zealand",New Zealand,Thames,3540,-37.1485,175.55069,3.0,$,164,17,74,5,155,181,1,1,,,1,,1,1,,1,1,,1,1,1,#4 of 7 hotels in Thames,4,7,161,4.1,4.4,4.2,4.2,4.3,4.4,4.2
507229,Breakers Motel,"Quality self contained motel accommodation overlooking a superb landscaped pool complex with waterfall. Large BBQ areas for great outdoor dining and enjoying the Whangamata sunshine. Spacious studio, one and two bedroom units with private spa and decks with views over marina and pool, well equipped self catering kitchens, modern marble & tiled bathrooms and Sky TV 50+. Private, luxury honeymoon suite ideal for romantic getaways. Wireless internet, off-street parking available. Children's playground and breakfast available on request. Walking distance to Marina, beaches, golf course, restaurants and lovely designer shops.",info@breakersmotel.co.nz,http://www.breakersmotel.co.nz/,+64 7-865 8464,Hotel,"318-324 Hetherington Road, Whangamata 3620 New Zealand",New Zealand,Whangamata,3620,-37.200073,175.86745,3.0,$$,213.5,22,123,1,210,210,,1,,,1,1,1,1,,1,1,1,,,1,#2 of 5 hotels in Whangamata,2,5,255,4.6,4.8,4.5,4.7,4.7,4.6,4.5
1755182,At Parkland Place,"See why so many travelers make At Parkland Place their bed and breakfast of choice when visiting Whitianga. Providing an ideal mix of value, comfort and convenience, it offers a family-friendly setting with an array of amenities designed for travelers like you.
Free wifi is offered to guests, and rooms at At Parkland Place offer a flat screen TV, a kitchenette, and a seating area.
During your stay, take advantage of some of the amenities offered, including baggage storage. Guests of At Parkland Place are also welcome to enjoy free breakfast, located on site. For travelers arriving by car, free parking is available.
Stu's Wild Pig Farm (2.8 mi), located nearby, makes At Parkland Place a great place to stay for those interested in visiting this popular Whitianga landmark.
When you’re feeling hungry, be sure to check out Bayside Chinese Takeaways, The House of Chang Thai, and That Curry Place, which are some Asian restaurants that are popular with locals and out-of-towners alike.
During your visit, be sure to check out a popular hot spring like The Lost Spring, which is a short distance from the bed and breakfast.
We’re sure you’ll enjoy your stay at At Parkland Place as you experience all of the things Whitianga has to offer.
",info@parklandplace.co.nz,,+64 7-866 4987,Bed and Breakfast,"14 Parkland Place off Centennial Drive, Brophy's Beach, Whitianga 3510 New Zealand",New Zealand,Whitianga,3510,-36.8044,175.70195,4.0,$$,272.5,5,54,,,,,1,,1,,1,1,,,1,1,,,,1,#5 of 35 B&Bs / Inns in Whitianga,5,35,226,4.9,5,4.6,4.9,4.9,4.8,4.8
1190207,Waterfront Apartments,"Waterfront Apartments is ideally located right on Buffalo Beach, Whitianga. All apartments having breathe taking ocean views and the well-appointed property is only a 3-minute walk to restaurants & bars, shops, activities and even has a 5-minute walk short cut to The Lost Spring geothermal pools and spa. Everything is right at your doorstep or you could just stay and relax in your apartment enjoying the scenery. This is the gateway to all the Coromadel has on offer and the perfect base for visiting the likes of Cathedral Cove, Hot Water Beach and many other attractions.",info@waterfront.net.nz,http://www.waterfront.net.co.nz,+64 7-869 5994,Specialty Lodging,"2 Buffalo Beach Road, Whitianga 3510 New Zealand",New Zealand,Whitianga,3510,-36.829666,175.70514,4.0,$$,281,8,181,4,218,255,,1,,,1,,1,1,1,1,1,,,1,1,#3 of 32 Speciality lodging in Whitianga,3,32,434,4.6,4.6,4.9,4.5,4.6,4.6,4.5
543533,Microtel Lodge Hamilton,,info@microtel.co.nz,http://www.microtel.co.nz/,+64 7-957 1848,Specialty Lodging,"140 Ulster Street, Hamilton 3200 New Zealand",New Zealand,Hamilton,3200,-37.77789,175.27242,2.0,$,79.5,17,110,7,68,94,1,,,,,,1,1,,1,1,,,1,1,#8 of 23 Speciality lodging in Hamilton,8,23,68,3.2,3.6,3.5,3.1,3.4,3.3,3.4
287841,Tairua Shores Motel,"Tairua Shores Motel consists of: four family units, each unit has a separate bedroom with king size bed, separate full kitchen,separate bathroom, lounge and own deck with bbq; Three spacious garden chalets plus two superior garden chalets. All chalets have a king size bed, separate bathroom, kitchen and own private garden deck.",info@tairuashores.co.nz,http://www.tairuashores.co.nz,+64 7-864 8520,Hotel,"156 Main Road, Tairua 3508 New Zealand",New Zealand,Tairua,3508,-37.008472,175.84944,3.0,$$,199,9,88,7,167,223,,1,,,1,,1,1,,1,1,,,,1,#1 of 4 hotels in Tairua,1,4,186,4.7,4.9,4.7,4.7,4.8,4.8,4.6
2048454,Motutere Bay TOP 10 Holiday Park,Motutere Bay TOP 10 Holiday Park is the only holiday park right on the shores of Lake Taupo. A perfect base to experience all that the Taupo/Turangi region has to offer in summer or winter. Only 20 mins drive from Taupo township and 45 mins drive from Whakapapa ski fields and Tongariro Alpine Crossing. Come and experience our little piece of paradise!,info@motuterebaytop10.co.nz,https://www.laketaupotop10.co.nz/,+64 7-386 8963,Specialty Lodging,"2819 State Highway 1, Turangi 3382 New Zealand",New Zealand,Turangi,3382,-38.886726,175.96095,2.5,$,128,10,122,3,109,115,,,,,,1,1,1,,1,1,,,1,1,#1 of 19 Speciality lodging in Turangi,1,19,253,4.2,4.6,4.5,4.3,4.6,3.9,4.3
633829,Camelot On Ulster,"Camelot on Ulster is a family owned and operated motel. The owners & managers are proud and excited to welcome you to Camelot where they endeavour to give you a warm and comfortable stay with that special family feel. Camelot on Ulster is conveniently situated in central Hamilton. It is just a short distance from Centre Place Mall and other central city retail stores, Te Awa the Base, and walking distance to the Waikato Stadium. If you're looking for evening entertainment, Camelot on Ulster is close to the Skycity Casino, three movie theatres and several nightclubs and bars. And if it's dining out you want then there are many restaurants nearby or if dining in it's just a short walk to several supermarkets. Having recently upgraded our rooms and facilities, Camelot on Ulster provides modern, clean and spacious accommodation that is affordable. We offer friendly service for all travellers: from overnight guests, business travellers, families and those requiring long term accommodation.",stay@camelotonulster.co.nz,http://www.camelotonulster.co.nz/,+64 7-834 2122,Hotel,"231 Ulster Street, Hamilton 3200 New Zealand",New Zealand,Hamilton,3200,-37.777794,175.26968,4.0,$,166,40,196,7,150,176,,1,,,1,,1,1,1,1,1,1,,1,1,#8 of 56 hotels in Hamilton,8,56,363,4.4,4.6,4.5,4.4,4.6,4.5,4.4
1844766,eMotel,"eMotel is a contemporary boutique motel perfectly situated beside the Taupo town centre, on a quiet street, opposite a park and with lake views from each room. The Lakefront is only a few hundred metres away. The accommodation is superior luxury 5 star accommodation. We have two Tesla charging sites available. eMotel caters for guests who expect the best. The eMotel concept is to provide the exceptional facilities for the independent traveller. On your day of your arrival you will receive a text and/or email with your apartment number and your code to access your apartment. We leave you to enjoy peace and tranquillity. Should you require any assistance our wonderful manager, is on hand. Each luxury apartment Includes: Free High Speed WIFI internet 55 inch smart TVs (in the living room and another TV in the bedroom). Luxurious Stressless chairs to sit back and relax- put your feet up. Sit back, relax and watch a movie, catch up on the latest news or watch the big game on SKY TV (50 plus channels) Super King size Beds for a luxurious good night’s rest. Laundry facilities On-site free car parking right outside your door. Boat parking is also available. Kitchen facilities in every apartment including a Nespresso coffee maker. Bose sound system to enjoy music from your own device. Enjoy your own private courtyard.",welcome@emotel.nz,http://emotel.nz,+64 7-378 8569,Hotel,"120 Roberts Street Corner of Kaimanawa & Roberts, Taupo 3330 New Zealand",New Zealand,Taupo,3330,-38.69111,176.07689,3.5,$$,232,4,125,2,240,252,,1,1,,1,,1,1,,1,1,,,,1,#2 of 60 hotels in Taupo,2,60,365,4.9,4.8,4.9,4.9,4.8,4.9,4.8
647118,Colonial Lodge Motel,"We are located opposite the main swimming beach just 1.3 Klms, a short pleasant stroll along the shores of beautiful Lake Taupo, to the main Shopping Centre, Restaurants and Vibrant Night Life. Our spacious Spa Studios, Family Studios, One Bedroom and Family Apartments are tastefully decorated and furnished for your comfort. Our Studios and Apartments are quiet, without any road noises, making them suitable for Corporate or Free Independent Travellers wishing to have a quiet nights rest. They have been built to capture the warm Sun in Winter and to keep cool during the Summer months. The main Swimming beach is opposite our front door and, from our BBQ Area and Picnic Tables, there are wonderful views of the 3 Volcanoes and all the splendour of the lake with yachts sailing, fishing boats and water sports. Come alone, with your partner, bring your family or friends and request an interconnecting room. Stay for a night or for a week. Stay here while on a Business Trip or for Pleasure and Relaxation.",reception@colonial.co.nz,http://www.colonial.co.nz/,+64 7-378 9846,Hotel,"134 Lake Terrace, Taupo 3330 New Zealand",New Zealand,Taupo,3330,-38.69776,176.08266,4.0,$$,204,12,68,5,103,135,,,,,,,1,1,,1,1,,,1,1,#42 of 60 hotels in Taupo,42,60,89,4.1,4.5,4.3,4.1,4.5,4.4,3.9
9981108,Quest Taupo Serviced Apartments,,contact@questapartments.com.au,https://www.questapartments.co.nz/properties/north-island/taupo/quest-taupo/overview,+64 7-929 8579,Specialty Lodging,"51-61 Kaimanawa Street, Taupo 3330 New Zealand",New Zealand,Taupo,3330,-38.68722,176.07796,3.0,$$,223.5,,34,5,181,192,,,,,1,,1,1,1,1,1,1,,1,1,#20 of 39 Speciality lodging in Taupo,20,39,148,3.7,4.2,4,3.9,3.8,4.2,3.6
21069301,Stag Park Accommodation,"The perfect place to rest up and recharge after a long drive. Our motel accommodation has single or double rooms available, each comprising an open-plan room, a comfortable bed with fresh linen and towels provided. Nightly or weekly rental terms available",accommodation@stagpark.co.nz,http://stagpark.co.nz/motel-accommodation/,+64 7-378 6403,Bed and Breakfast,"140 Napier Road, Taupo 3330 New Zealand",New Zealand,Taupo,3330,-38.703815,176.10553,0.0,$,91,12,0,2,88,93,,,,,,,,,,,1,,,1,,#38 of 42 B&Bs / Inns in Taupo,38,42,4,2.8,,2,,1,,1
4473697,"FatOwl Motel, Bar & Eatery","Owls Nest Motel is an excellent choice for travelers visiting Piopio, offering a family-friendly environment alongside many helpful amenities designed to enhance your stay.
For those interested in checking out Piopio Berry Orchard (1.9 mi) while visiting Piopio, Owls Nest Motel is a short distance away.
Owls Nest Motel is a family-friendly motel offering a flat screen TV and air conditioning in the rooms, and it is easy to stay connected during your stay as free wifi is offered to guests.
The motel features a 24 hour front desk. Plus, guests can enjoy a lounge, which has made this a popular choice among travelers visiting Piopio. For guests with a vehicle, free parking is available.
During your visit, be sure to check out a popular Piopio pubs such as The Night Owl Restaurant and Bar, which is a short distance from Owls Nest Motel.
If you’re looking for things to do, you can check out Waitanguru Falls, which is a popular waterfall amongst tourists.
Enjoy your stay in Piopio!
",theowlsnest@xtra.co.nz,https://fatowl.nz/,+64 7-877 8767,Hotel,"12 Ruru Street, Piopio 3912 New Zealand",New Zealand,Piopio,3912,-38.46797,175.01518,3.0,$,125,10,18,5,84,116,,,,,,1,,,,1,1,,,,1,#1 of 1 hotels in Piopio,1,1,38,4.3,4.6,4.3,4.3,4.4,4.3,4.4
1191570,Cambrian Lodge Motel,"The Cambrian is only 15 km from the Hamilton International Airport and an easy 4 minutes walk to the town centre. A visitor has many fine restaurants to choose from and art, crafts or antique boutiques to browse through.",info@cambrianlodge.co.nz,http://www.cambrianlodge.co.nz,+64 7-827 7766,Hotel,"63 Hamilton Road, Cambridge 3434 New Zealand",New Zealand,Cambridge,3434,-37.8896,175.4637,3.0,$,152,9,17,5,153,166,1,,,,,1,1,,,1,1,1,,1,1,#7 of 9 hotels in Cambridge,7,9,74,3.9,4.3,4.5,3.6,4.2,4.1,3.7
1027833,Ashbrook Motel Taupo,"Ashbrook Motel is located in the city centre and offers accommodation in Taupo. 35 km from Orakei Korako - The Hidden Valley and 300 m from Taupo Bungy. The property features a spa & wellness centre, as well as barbecue facilities. The property offers garden views and a children's playground. All rooms in the motel are fitted with a flat-screen TV. Featuring a private bathroom with a shower and free toiletries, some units at Ashbrook Motel also have a terrace. At the accommodation, the rooms are equipped with a seating area. Ashbrook Motel offers 4-star accommodation with a hot tub. A range of activities are offered in the area, such as cycling and hiking. For guests' convenience, the motel has a business centre. Wairakei Natural Thermal Valley is 1.1 km from Ashbrook Motel, while Lake Taupo Hole in One Challenge is 1.3 km away. Taupo Airport is 8 km from the property, and the property offers a free airport shuttle service.",stay@ashbrookmotel.co.nz,http://www.ashbrookmotel.co.nz/,+64 7-378 5836,Hotel,"9 Scannell Street, Taupo 3330 New Zealand",New Zealand,Taupo,3330,-38.68433,176.07787,3.5,$$,217.5,15,72,5,154,174,,1,1,,1,,1,1,1,1,1,,,1,1,#32 of 60 hotels in Taupo,32,60,144,4.4,4.7,4.4,4.6,4.4,4.5,4.4
1852793,Manor Views,"Manor Views ""a place to unwind"" - we are delighted to be able to offer such a peaceful and relaxing environment for your business hideaway or private getaway. We are only 40mins from Manukau in Auckland and 20mins from The Base in Hamilton. We overlook 3 lakes and the river. Come and rejuvenate and relax in one of our suites which are complete with Double Spa Baths, Double Showers, Big screen TV's, DVD players as well as being self contained. Each of our self contained suites are 4 and a half star rated. Standard rooms also available. We are the gateway to Waikato, Coromandel, Rotorua, Taupo, and Waitomo. We have just applied for our Enviro Award - watch this space!",info@manorviews.co.nz,http://manorviews.co.nz/,+64 7-828 0171,Hotel,"24 Upland Road Waterview Heights, Huntly 3700 New Zealand",New Zealand,Huntly,3700,-37.563988,175.1639,4.0,$,106,10,80,5,87,105,,1,,,1,,1,,1,1,1,,,1,,#1 of 2 hotels in Huntly,1,2,107,4.1,4.6,4.3,4.2,4.6,4.4,4.3
624752,River Birches Lodge,"River Birches is the closest boutique five-star Luxury Lodge to the Tongariro Crossing. The Lodge is set within a peaceful garden-scape beside the renown Tongariro River. Guests can select from a range of exciting activities, from fly fishing, hiking, mountain biking the riverside trails, white water rafting, golfing to winter skiing on Mount Ruapehu. River Birches offers single party, privately guided Tongariro Crossing. Positioned alongside the Lodge, sits The Cottage at River Birches. This beautiful self-contained property provides a superb option for families and larger groups of travellers who appreciate the privacy, spaciousness, and independence of a high quality architecturally designed, luxury residence. River Birches Lodge and The Cottage at River Birches proudly support Destination Charging for Electronic Vehicles and has two TESLA EV chargers.",reservations@riverbirches.co.nz,http://www.riverbirches.co.nz,+64 7-386 0445,Hotel,"19 Koura Street Taupo, Turangi 3334 New Zealand",New Zealand,Turangi,3334,-38.998703,175.8123,5.0,$$$$,1025.5,4,190,4,858,979,,1,1,,1,,,,1,1,1,,,,1,#1 of 10 hotels in Turangi,1,10,226,4.8,5,4.7,4.9,4.8,4.9,4.5
1514471,Beetham Park Motel,"Security alarm in each room, 42 inch plasma TV with own SKY decoder and over 50 digital channels, HUGE king beds, unlimited FREE wireless internet, parking outside units, airconditioning, only 5 minute drive to CBD.",sharryn@deltapropertygroup.co.nz,,+64 7-838 9323,Hotel,"297 Ulster Street, Hamilton 3200 New Zealand",New Zealand,Hamilton,3200,-37.77636,175.2666,3.0,$,144,14,46,5,123,157,,,,,,1,1,,1,1,1,,,,1,#25 of 56 hotels in Hamilton,25,56,54,4.4,4.7,4.6,4.3,4.7,4.4,4.5
2177136,Bayview Valley Lodge,"Bayview Valley Lodge, a 5-Star Boutique Bed & Breakfast Accommodation in Whitianga, 12 x Winner of Travellers Choice Award and Top 1% of Hotels Worldwide for 24 & 25. Located in the Historic Wharekaho Valley with Pacific Ocean views, our two luxury suites, Tui Suite & Kupe Suites, are stylish in design & both well-appointed. Each suite offers full valley & ocean views, spacious & individual in character. A full-service centre with a choice of teas & an Espresso Coffee Machine, our emphasis is on your privacy, comfort, & relaxation with a personal touch from your hosts. We truly wish to make a difference & to ensure a memorable stay. Each Suite is located on separate floors, affording total privacy. Our Luxury top-of-the-range Hot Spa Pool is booked privately & offers stunning views of the valley & the Pacific Ocean by day & the stars & Milky Way by night. Owner & Host David Hall",bayviewvalleylodge@gmail.com,https://www.bayviewvalleylodge.co.nz/,01164274532821,Bed and Breakfast,"19a Tarapatiki Drive, Ohuka Park, Whitianga 3510 New Zealand",New Zealand,Whitianga,3510,-36.79543,175.70253,5.0,$$,363,2,309,,,,,1,1,1,1,,,,1,1,1,,,,1,#1 of 35 B&Bs / Inns in Whitianga,1,35,215,5,5,5,4.9,5,5,5
658809,Pacific Harbour Villas,"Pacific Harbour Villas is a unique pet friendly waterfront retreat in Coromandel Peninsula. Our modernised Polynesian inspired villas offers convenience and comfort. Enjoy an unforgettable experience of the harbour views at sunset or enjoy breakfast when the sun rises. Located two hours from Auckland CBD, Pacific Harbour Villas is the central pivot for travellers, surrounded by international holiday destinations; Catherdral Cove and Hot Water Beach. Adventure into the unknown, relax at a spa or simply enjoy our amenities, Pacific Harbour Villas has an extensive range of activities to cater to all our Guests.",holiday@pacificharbour.co.nz,http://www.pacificharbour.co.nz/,+64 7-864 8581,Specialty Lodging,"223 Main Road, Tairua 3544 New Zealand",New Zealand,Tairua,3544,-37.002224,175.84805,3.0,$$,203,29,60,3,189,193,,1,,,1,,1,1,,1,1,,,1,1,#2 of 5 Speciality lodging in Tairua,2,5,102,3.9,4.5,4.9,4.1,4.3,4.3,3.5
1493390,Panorama Motor Inn,"Well established TeKuiti Accommodation, we have comfortable and spacious refurbished rooms with panoramic views of the picturesque countryside. Studio units with king-size beds, units with self-catering facilities, 3-bedroom holiday home with full amenities, suitable for families, with excellent restaurant & Bar. Situated in the heart of the King Country, central North Island on State highway 3, right on the edge of the Waitomo Caves tourism adventures and activities, nestled on the hillside with magnificent views.",glow.worm@xtra.co.nz,http://www.panoramamotorinn.co.nz/,+64 7-878 8051,Specialty Lodging,"59 Awakino Road, Te Kuiti 3910 New Zealand",New Zealand,Te Kuiti,3910,-38.347126,175.16786,4.0,$,142.5,21,17,,,,,,,,,,1,,,1,1,1,1,,,#5 of 6 Speciality lodging in Te Kuiti,5,6,78,3.6,4.3,3.8,3.7,4,3.5,3.7
27140520,Norton Motel,,,,+64 7-595 0477,Bed and Breakfast,"45 Norton Road, Hamilton 3204 New Zealand",New Zealand,Hamilton,3204,-37.784527,175.2656,0.0,$,136,,0,1,132,132,,,,,,,,,,,,,,,,#23 of 25 B&Bs / Inns in Hamilton,23,25,4,2.3,3.5,3.5,2.5,3,1.5,2
1786902,Whitianga Campground,,,,+64 7-866 5834,Specialty Lodging,"6 Bongard Road, Whitianga 3510 New Zealand",New Zealand,Whitianga,3510,-36.812317,175.69778,3.0,$,70.5,9,13,,,,,,,,,,1,,1,,1,,,,1,#32 of 32 Speciality lodging in Whitianga,32,32,75,2.4,2.2,3.3,2,2.2,2.5,2
25218643,Oceans 88 Whitianga Coastal Suites,,info@oceans88.co.nz,https://oceans88.co.nz/,+64 7-866 5884,Bed and Breakfast,"88 Albert Street, Whitianga 3510 New Zealand",New Zealand,Whitianga,3510,-36.8392,175.70369,0.0,$$,221.5,,10,2,209,240,,,,,,,1,,,,,,,,,#21 of 35 B&Bs / Inns in Whitianga,21,35,11,4.7,5,5,5,5,5,5
1209414,Avalon Motel Thames - Wenzel Motels,,avalon@wenzelmotels.co.nz,http://www.motelavalon.co.nz/,+64 7-868 7755,Hotel,"104 Jellicoe Crescent, 3500 New Zealand",New Zealand,,3500,-37.148518,175.55008,3.0,$,163.5,12,73,6,151,170,,1,,,1,,1,1,,1,1,,,,1,#31 of 43 hotels in Coromandel Peninsula,31,43,46,4.4,4.5,4.3,4,4,3.5,3.7
1432247,Otorohanga and Waitomo Motels,"We welcome you to Otorohanga, closest town to the world famous Waitomo Caves. The wide range of activities on offer is guaranteed to satisfy all age groups and complement any family holiday. Stay with us for friendly service, comfortable, spacious and affordable accommodation in a picturesque rural setting. All our units are fully self-contained with ample free parking & WiFi plus a spa pool and outdoor swimming pool. We are located just 1km north of the Otorohanga township on SH3.",stay@otorohangamotels.co.nz,http://www.waitomomotels.co.nz,+64 7-873 8289,Hotel,"59 Main North Road, Otorohanga 3900 New Zealand",New Zealand,Otorohanga,3900,-38.18186,175.22545,3.0,$,132.5,12,42,,,,,,,,,,1,1,1,1,1,1,,,1,#2 of 2 hotels in Otorohanga,2,2,130,3.7,4.2,4,3.7,4.2,4.2,4
4548374,Matariki Motor Lodge,"Matariki Motor Lodge is just two minutes south of Te Awamutu’s town centre on SH3. All 15 ground floor units are self-contained with 32” Smart flat screen TVs; Kitchenette with double hob, microwave and fridge; Complementary tea/coffee; Heat pump/air conditioning; Free unlimited WiFi; Double glazed. We have two wheelchair access units.",bookings@matarikimotorlodge.co.nz,http://www.matarikimotorlodge.co.nz,0116472807610,Bed and Breakfast,"425 Kihikihi Road, Te Awamutu 3800 New Zealand",New Zealand,Te Awamutu,3800,-38.01877,175.3264,3.0,$$,179,14,52,7,186,190,,,,,1,,1,,1,1,1,,,1,1,#2 of 8 B&Bs / Inns in Te Awamutu,2,8,151,4.7,4.8,4.6,4.7,4.7,4.7,4.7
1051043,Grosvenor Motor Inn,"Finding an ideal budget friendly motel in Hamilton does not have to be difficult. Welcome to Grosvenor Motor Inn, a nice option for travelers like you.
You’ll enjoy relaxing rooms that offer a flat screen TV, a refrigerator, and a desk, and you can stay connected during your stay as Grosvenor Motor Hotel offers guests free wifi.
The motel features express check-in and check-out and baggage storage. Plus, Grosvenor Motor Inn offers a pool and an on-site restaurant, providing a pleasant respite from your busy day. For guests with a vehicle, free parking is available.
For those interested in checking out popular landmarks while visiting Hamilton, Grosvenor Motor Inn is located a short distance from Sapper Horace Moore-Jones commemorative statue (0.2 mi) and Rally Drive NZ (1.1 mi).
Travelers looking to enjoy some fish and chips can head to The Bank Bar and Brasserie, Good George Brewery and Dining Hall, or Keystone. Otherwise, you may want to check out a cafe such as The Kirk Cafe, Hamilton Gardens Cafe, or The Sugar Bowl Cafe.
During your visit, be sure to check out popular attractions like Hamilton Lake Domain (1.1 mi), Parana Park (1.1 mi), and Waikato Stadium (0.8 mi), which are all within walking distance of the motel.
Grosvenor Motor Inn puts the best of Hamilton at your fingertips, making your stay both relaxing and enjoyable.
",enquiries@grosvenor.co.nz,http://www.grosvenor.co.nz/,+64 7-838 3399,Hotel,"165 Ulster Street, Hamilton 3240 New Zealand",New Zealand,Hamilton,3240,-37.77826,175.27138,3.0,$,118.5,40,71,,,,,1,,,,1,,1,,1,1,1,,,1,#55 of 56 hotels in Hamilton,55,56,194,2.2,2.5,4,2.6,2.8,2.9,2.8
2467204,Matamata Central Motel,"We extend a warm welcome to visitors to the Matamata area. Matamata Central Motel is your ideal accommodation provider for overnight stays while travelling through south, north, west or east, or for staying in Matamata for the Hobbit experience or visiting the equine facilities. We can provide accommodation: fully serviced, self-contained units. Matamata Central Motel was opened in 2010 and is the newest Motel in Matamata. The motel has a drive through entrance and all units open on to the court yard. Lawns and covered area for smoking. Car parking beside your unit. All units are double glazed with 32in flat screen tvs.",stay@matamatacentralmotel.co.nz,https://www.matamatacentralmotel.co.nz/,+64 7-880 9487,Bed and Breakfast,"42 Waharoa Road West, Matamata 3400 New Zealand",New Zealand,Matamata,3400,-37.804043,175.76912,3.5,$$,264,12,142,2,222,239,,1,,,1,,,,1,1,,,,,,#2 of 6 B&Bs / Inns in Matamata,2,6,208,4.5,4.9,4.6,4.7,4.6,4.5,4.5
5870999,Braxmere,"Braxmere is in a breathtaking location that provides an idyllic setting for tranquil relaxation. It is also within a short distance of some of New Zealand’s best skiing, tramping and fishing spots. Reflecting the balance of action packed activities with downtime is done through simple yet stunning design. Host a wedding, take a weekend break or enjoy a corporate retreat.",info@braxmere.co.nz,http://www.braxmere.co.nz,+64 274 272 963,Specialty Lodging,"88 Waihi Road, Tokaanu, Turangi 3381 New Zealand",New Zealand,Tokaanu,3381,-38.95134,175.74489,4.0,$$,233.5,10,164,,,,,,,,,,1,1,,1,1,,,1,,#1 of 3 Speciality lodging in Tokaanu,1,3,178,4.6,4.9,4.8,4.7,4.5,4.9,4.5
1211536,O'Reilly's Motel,"Welcome to O'Reilly's Motel, your Matamata “home away from home.” O'Reilly's Motel aims to make your visit as relaxing and enjoyable as possible, which is why so many guests continue to come back year after year.
The rooms offer a refrigerator, a kitchenette, and a seating area, and getting online is possible, as free wifi is available, allowing you to rest and refresh with ease.
In addition, as a valued O'Reilly's Motel guest, you can enjoy a sauna and barbeque facilities that are available on-site. Guests arriving by vehicle have access to free parking.
Travelers looking to enjoy some shrimp can head to Osteria Matamata. Otherwise, you may want to check out a cafe such as Workmans Cafe Bar, Eat Cafe, or O-Del-Emz.
O'Reilly's Motel puts the best of Matamata at your fingertips, making your stay both relaxing and enjoyable.
",info@oreillys.co.nz,http://www.oreillys.co.nz/,+64 7-888 9126,Hotel,"187 Firth Street, Matamata 3400 New Zealand",New Zealand,Matamata,3400,-37.824856,175.76973,3.0,$,146,14,13,4,160,169,,,,,,1,1,1,1,1,1,,,1,1,#4 of 5 hotels in Matamata,4,5,89,3.6,4.3,3.5,3.8,3.9,3.1,3.9
1974695,Ocean Breeze Resort,"Ocean Breeze is an upmarket, boutique property offering self contained apartments. Each apartment features a fully equipped kitchen, laundry and lounge room with sky television, dvd and cd player and Wi-Fi access. Spacious separate bedrooms and bathrooms each with a bath and a shower. Situated just 200m from the beautiful iconic Pauanui surf beach it is also a pleasant short stroll to the restful harbour. Pauanui is also just a short drive to the popular Cathedral Cove and Hot Water Beach at Hahei. Do as little or as much as you choose. Ocean Breeze is 'Beachside Bliss'.",enquiries@oceanbreeze.co.nz,http://www.oceanbreeze.co.nz/,+64 7-864 8911,Specialty Lodging,"34 Pauanui Blvd PO Box 86, Pauanui 3546 New Zealand",New Zealand,Pauanui,3546,-37.01461,175.86337,3.5,$$,281,6,37,,,,,,1,,,,1,1,1,1,1,1,,,1,#1 of 3 Speciality lodging in Pauanui,1,3,53,4.8,4.9,5,4.9,4.9,4.8,4.8
12946672,English Cherry Tree Manor,"4 double-rooms. Feel comfortable in the spacious 1930s timber home of high ceilings and big rooms. The 5-acre garden has drystone walls, ponds, 15m heated pool, table-tennis, pool table, livestock, wildlife and comfort cycles hire for $50/day $35/4 hours. From house, there's a great ride to Hamilton Gardens, along the Waikato River and stopping at cafes, a museum, historic sites and other interesting sites. Get a self-guide programme or join a guided tour. 2 hours riding and 4-6 hours duration.",pauloulton@nzpuretour.com,http://en.nzpuretour.com/,+64 210 413 872,Specialty Lodging,"125 Matangi Road, Tamahere 3284 New Zealand",New Zealand,Tamahere,3284,-37.8028,175.34276,3.0,$$,215.5,4,42,4,195,241,,,,1,,1,,1,,1,1,1,,,1,#1 of 4 Speciality lodging in Tamahere,1,4,19,4.4,5,5,4.8,4.5,5,5
2726001,Tokaanu Lodge Motel,,tokaanulodge@farmside.co.nz,http://www.tokaanulodgemotel.co.nz,+64 7-386 8572,Bed and Breakfast,"Corner State Highway 41 and Mangaroa Street, Tokaanu, Turangi New Zealand",New Zealand,Tokaanu,,-38.96894,175.76878,0.0,$$,167,14,32,,,,,1,1,,1,1,1,1,,1,1,,,1,1,#1 of 1 B&Bs / Inns in Tokaanu,1,1,60,4.1,3.7,4.5,3.8,4.6,3.7,4.3
1989318,970 Lonely Bay,"970 Lonely Bay Lodge is a luxury boutique accommodation in Cooks Beach, Whitianga, New Zealand. Accommodation includes three one bedroom suites and a premier two bedroom (honeymoon) suite, all with en-suite, extensive mini-bar, spacious terrace and bush or water views of Purangi Estuary and Cooks Beach. Lodge accommodation facilities include a library, TV/AV 'snug' with Bang & Olufsen plasma television / sound system, separate guest indoor and outdoor bathrooms, solarium and deck, and multiple fireplaces. The boutique lodge offers a perfect venue for corporate events, weddings, honeymoons and romantic getaways",enquiries@970lonelybay.com,https://www.970lonelybay.com/,+64 7-866 5688,Specialty Lodging,"970 Purangi Road RD1, Cooks Beach, Whitianga 3591 New Zealand",New Zealand,Cooks Beach,3591,-36.83313,175.72981,4.0,$$$$,900.5,4,251,,,,,1,,1,1,,,,1,1,1,,,,1,#2 of 5 Speciality lodging in Cooks Beach,2,5,233,4.9,5,4.9,4.9,4.9,4.9,4.7
617970,Te Tiro Accommodation,"Immerse yourself in the picturesque Stubbs Farm and our panoramic views of the Waitomo Caves region and central North Island mountains. Our accommodation includes two self-contained Pioneer-style Cottages and a Lotus Belle Glamping tent, just 13 minutes from Waitomo Caves village. Best of all, you have Waitomo’s world-famous Glowworms at your accommodation doorstep. A great place to base yourself while visiting the Waitomo Caves, a special area known worldwide for its caves, particularly its glowworms. The Stubbs Farm offers activities for everyone, from enjoying a soak in the outdoor bath of the glamping tent to relaxing on your private deck or taking short walks around the farm. As the sun sets, witness the spectacular starry night sky or take a short walk to view the glow-worm grotto just meters from your accommodation. For early risers, there are breathtaking sunrises to greet you in the morning. The glamping tent is Ideal for couples and can accommodate a small family of 4",tetiro@waitomocavesnz.com,http://www.waitomocavesnz.com/about-te-tiro-bb/,+64 27 379 2356,Specialty Lodging,"970 Caves-Te Anga Rd, Waitomo Caves New Zealand",New Zealand,Waitomo Caves,,-38.263496,175.0268,2.0,$$,299.5,3,254,1,276,276,,,,,1,,1,,,1,1,,,,,#2 of 4 Speciality lodging in Waitomo Caves,2,4,147,4.8,4.8,4.6,4.5,4.8,4.8,4.8
1726807,Bella Vista Motel Hamilton,"We pride ourselves on our good ol'fashioned service and offer modern, clean & comfortable studio units, one & two bedroom units & access/disability studio units with interconnecting option. Some units have spa baths, all NON smoking and pet free. Sky/Freeview TV, FREE WiFi & ultrafast internet, FREE DVD and DVD library. Our FREE on-site parking is security monitored. Very conveniently located in Hamilton, only 20 minutes drive from Hamilton Airport and 1.5 Hours easy drive from Auckland Airport, Minibus Express can be ordered to greet you or drop you off. From your motel unit you can walk to Hamilton City Centre, Cafes, Restaurants & Bars, Supermarket, Waikato Stadium, Waikato River Walk and ProDrive Golf Driving Range complete with Mini Putt!. Claudelands Events Centre and Waikato Hospital are only minutes away by car. Hamilton is centrally located for trips to Hobbiton, Lake Karapiro, Waitomo Caves and the Cambridge Velodrome/Avantidrome. Our Qualmark Rating of 'Four Star' ensures that our facilities and services give you confidence when making a reservation.",stay@bellavistahamilton.co.nz,http://www.bellavistahamilton.co.nz/,+64 7-838 1234,Hotel,"1 Richmond Street Whitiora, Hamilton 3200 New Zealand",New Zealand,Hamilton,3200,-37.77703,175.26787,4.0,$,163,18,44,5,198,198,1,1,,,1,,1,1,1,1,1,,,1,1,#23 of 56 hotels in Hamilton,23,56,70,4.3,4.8,4.2,4.4,4.5,4.3,4.2
1852260,Bow Street Accommodation,"Seven two storied Apartments and one 2-bedroom Cottage, all sitting along the waterfront with Raglan's cafes, shops and water only 50m from your doorstep. Each of our 7x Apartment are 2 storied. Upstairs you’ll find a spacious bedroom with a comfortable King bed & bi-fold windows looking out to the Pohutukawa trees & water. The setting is quite magical. Downstairs you’ll find an open plan kitchenette & stylish living area with comfy couch, day bed & bi-fold doors opening out to your own patio. We also have the 2-bedoom waterside, bach-like Cottage. Upstairs you'll find a gorgeous bedroom with queen bed, ensuite & private deck surrounded by the water and mountain views. Downstairs is an open plan kitchen, dining & living area with French doors opening out to your own courtyard. The second bedroom is found downstairs, also with ensuite. All serviced, Fibre Wi-Fi, SmartTV and off-street parking.",info@bowstreet.co.nz,http://bowstreet.co.nz,,Specialty Lodging,"1 Bow Street, Raglan 3225 New Zealand",New Zealand,Raglan,3225,-37.7998,174.86726,0.0,$$,254,8,157,7,230,307,,,,,,,1,,1,1,1,,,,1,#2 of 12 Speciality lodging in Raglan,2,12,166,4.5,4.6,4.9,4.7,4.4,4.5,4.3
1143608,Stadium Motel,"The Stadium Motel is a centrally located, modern hospitality complex. The unique tranquility of being situated across the road from a picturesque tree-lined council park and reserve provides a very quiet and peaceful environment for all guests. This prime location allows for easy access (walking distance) to the CBD of Hamilton and many of the city’s sporting and theatrical clubs. Less than 50 metres from the gates to Waikato Stadium, 5 minutes walk to the nearest supermarkets and restaurants, and less than 10 minutes walk to the CBD makes this quiet complex ideally located to base yourself from for all activities whether business or pleasure. It is also only a short drive to the Claudelands Event Centre, Hamilton Gardens, The Base Shopping Complex or Westfield’s Chartwell Mall. Hamilton Airport is a 20 minutes' drive and Hobbit is 45 minutes.",info@stadiummotel.co.nz,http://www.stadiummotel.co.nz,+64 7-839 0555,Hotel,"37 Willoughby Street, Hamilton 3200 New Zealand",New Zealand,Hamilton,3200,-37.77973,175.26936,3.0,$,144.5,17,58,3,133,146,,,,,,,1,1,1,1,1,,,1,1,#27 of 56 hotels in Hamilton,27,56,47,4.1,4.2,4.5,4.2,4.3,4.3,4.2
1774553,Judges Pool Motel,"Trip Advisor Certificate of Excellence Winner 2014. Just a stone's throw from the world-renowned Tongariro River at the southern end of Lake Taupo, Judges Pool Motel offers comfortable, quiet place to stay. Stroll to the river pools to fish for big Rainbow and Brown Trout or venture to the nearby Tongariro National Park with its alpine walks and ski fields. Judges Pool Motel provides the perfect base for your activities or the ideal stopover with no traffic noise on your travels, with affordable family accommodation in our fully self-contained units. We're one of the area's most popular motels and the owners-operators Stella and Rhett have a wealth of local knowledge to share with you. . All Units Serviced Daily . Free Unlimited WIFI . Heat Pumps / Air Conditioning . Laundry and a Drying Room . Undercover BBQ Area",stay@judgespoolmotel.co.nz,http://www.judgespoolmotel.co.nz/,+64 7-386 7892,Hotel,"92 Taupahi Road, Turangi 3334 New Zealand",New Zealand,Turangi,3334,-38.990288,175.81448,3.0,$$,184,9,229,6,181,208,,1,,,1,,1,1,1,1,1,,,,1,#7 of 10 hotels in Turangi,7,10,162,4.4,4.7,4.6,4.4,4.6,4.5,4.5
325756,Distinction Hamilton Hotel & Conference Centre,"Distinction Hamilton Hotel & Conference Centre offers 147 air-conditioned hotel rooms and suites, many of which have been refurbished in 2017. The hotel’s new Superior Rooms & Suites have been designed to feature a modern & contemporary vibe. Guests will be treated to upgraded, luxury beds combined with sumptuous linen ensuring a restful night’s sleep, plush new carpet, increased soundproofing, comfortable armchairs and a work desk, 49” flat screen televisions, free unlimited WiFi and individually controlled heat pumps/air conditioning. Guest services including a gymnasium and bar. The hotel's popular Garnett's Restaurant is open for breakfast and dinner daily. Located only minutes from the Hamilton city centre and conveniently located to reach any out-of-town places of interest, this Hamilton hotel is a favourite with business travellers and holiday makers alike. For families, the proximity of Waterworld is a real bonus and for horse racing enthusiasts, Te Rapa Racecourse is just a short walk away. The Base Hamilton - NZ's largest shopping centre is also just a few minutes walk from our Hamilton hotel. Distinction Hamilton also boasts some of the largest conference facilities in the Waikato area.",reservations@distinctionhamilton.co.nz,http://www.distinctionhotelshamilton.co.nz,+64 7-849 0860,Hotel,"100 Garnett Avenue Te Rapa, Hamilton 3241 New Zealand",New Zealand,Hamilton,3241,-37.766224,175.25276,4.0,$$,200,147,108,7,178,202,,1,1,,,,,,1,1,1,,1,1,1,#24 of 56 hotels in Hamilton,24,56,357,3.3,3.6,3.5,3.3,3.8,3.6,3.6
1187046,Auto Lodge Motel,"Come and stay at one of the best motels in Hamilton. Auto Lodge Motel is located only minutes north of central Hamilton, away from the central traffic, easy to find with ample parking. Close to Supermarkets, Cafes, Sky City Casino, Waikato Stadium, Water World, Claudelands Event Centre and the Base Shopping Centre. We offer accommodation to suit all needs; from Studio suites, One-bedroom Suites to Spa Bath Studio Suites. Our Spa Bath Suite, including a luxurious spa, is perfect for a quiet wind-down or a weekend getaway. All units are fully equipped for a comfortable and relaxing stay whatever the occasion. We also offer all the modern day necessities in all our suites including 42 inch Flat Screen Televisions with +50 Sky Digital Channels, Free Unlimited fibre Wifi access, Heat pump and Air-conditioner, large parking area and much more.",info@autolodgemotel.co.nz,http://www.autolodgemotel.co.nz,+64 800 524 232,Hotel,"298 Ulster Street Whitiora, Hamilton 3200 New Zealand",New Zealand,Hamilton,3200,-37.775894,175.2667,4.0,$,126.5,14,48,7,140,140,,,,,1,,1,,1,1,1,,,,1,#16 of 56 hotels in Hamilton,16,56,57,4.5,4.8,4.3,4.4,4.6,4.5,4.3
1787264,Coromandel Court Motel,"Welcome to Coromandel Court Motel Excellent location (3-minute stroll to shops and restaurants) Quiet, yet conveniently set in the heart of peaceful Coromandel township opposite bus stop and behind the i-SITE All units ground-floor and designated smoke free Quality accommodation: spacious studio units and 2-brm apartments Quality furnishings throughout Choice of king-size or single beds Groups welcome. Free Wireless internet available. Base yourself in Coromandel Town and explore the many beaches, walkways, history and fishing the region has on offer.25 minute drive to start of the walkway to New Chums Beach rated among the worlds top beaches, an hours drive to Hot Water beach and Cathedral Cove. Hosts: Margaret and Steve",corocourt@xtra.co.nz,http://www.coromandelcourtmotel.co.nz/,+64 7-866 8402,Hotel,"365 Kapanga Road, Coromandel 3506 New Zealand",New Zealand,Coromandel,3506,-36.7566,175.49815,4.0,$$,231,10,17,5,183,214,,,,,,,1,1,,1,1,,,1,1,#6 of 10 hotels in Coromandel,6,10,122,4.5,4.8,4.6,4.4,4.7,4.6,4.3
2442846,Brookby Motel,Peaceful bush setting off the main road yet only a 5 minute stroll to the main street for shopping and restaurants. 4 X 1-brm units with full kitchens; 2 x studios with microwave and tea/coffee-making facilities. Guest Select SKY TV offering 50+ channels.,brookbymotel@xtra.co.nz,http://www.brookbymotel.co.nz/,+64 7-868 6663,Hotel,"102 Redwood Lane, Thames 3500 New Zealand",New Zealand,Thames,3500,-37.135025,175.54533,1.0,$$,152,6,65,3,116,125,,,,,1,,1,,,1,1,,,1,1,#1 of 7 hotels in Thames,1,7,195,4.7,4.9,4.6,4.5,4.8,4.7,4.8
12545177,Uni Motel,"We offer 11 contemporary lifestyle room with unbeatable value, all the rooms. All the rooms have a king size bed with super comfortable mattress and all with free WiFi and free parking, complete with separated living, dining and sleeping areas, fully equipped kitchen, daily house - keeping and guest laundry facilities.",info@unimotel.co.nz,http://www.unimotel.co.nz,+64 7-856 4178,Hotel,"88 Knighton Road, Hamilton 3216 New Zealand",New Zealand,Hamilton,3216,-37.789948,175.31067,4.0,$,129,11,27,5,122,137,,1,,,1,1,1,,,1,1,,,,1,#46 of 56 hotels in Hamilton,46,56,31,3,3,4.3,2.6,3.6,4.3,3.2
1210090,Paku Lodge,"Looking for a place to stay in Tairua? Then look no further than Paku Lodge, a family-friendly motel that brings the best of Tairua to your doorstep.
You’ll enjoy relaxing rooms that offer a refrigerator, a kitchenette, and a sofa, and you can stay connected during your stay as Paku Lodge offers guests free wifi.
For guests with a vehicle, free parking is available.
For those interested in checking out Sailors Grave (2.5 mi) while visiting Tairua, Paku Lodge is a short distance away.
While you’re here, be sure to check out some of the cafes, including The Pepe, Out of the Blue Cafe, and The Old Mill Cafe, all of which are a short distance from Paku Lodge.
There is no shortage of things to do in the area: explore popular art galleries such as The Little Gallery.
We’re sure you’ll enjoy your stay at Paku Lodge as you experience everything Tairua has to offer.
",info@pakulodge.co.nz,http://www.pakulodge.co.nz/Site/Home.ashx,+64 7-864 8557,Hotel,"10 The Esplanade Box 63, Tairua 3544 New Zealand",New Zealand,Tairua,3544,-37.001534,175.86223,4.0,$$,170.5,10,50,,,,,,,,,1,1,1,1,1,1,,,,1,#3 of 4 hotels in Tairua,3,4,132,4.4,4.5,4.8,4.5,4.3,4.4,4.2
577118,Brenton Lodge,"Brenton Lodge is a boutique lodge with two suites, private balconies and independently accessed both with sea and island views. Set in an acre of garden, with inground pool, and just 2kms from Whangamata town and beach. Just an hour's drive from Cathedral Cove and Hot Water Beach, and minutes from Opoutere. A Continental Breakfast Basket is supplied upon arrival for you to enjoy at your leisure.",stay@brentonlodge.co.nz,http://www.brentonlodge.co.nz,+64 21 522 985,Specialty Lodging,"2 Brenton Place Rd1, Whangamata 3691 New Zealand",New Zealand,Whangamata,3691,-37.2021,175.85716,4.0,$$,266.5,2,75,,,,,1,,1,,,,1,,,1,1,,,1,#1 of 11 Speciality lodging in Whangamata,1,11,167,4.9,4.9,4.7,4.8,4.9,4.8,4.6
8869349,Pedlars Motel,"Welcome to Pedlars Motel – a newly built premium motel situated in the heart of Paeroa. Located right beside the world famous Hauraki Rail Trail, indulge yourself in our immaculate superior accommodation that offers the latest in stylish architectural design and ambience for guests to guarantee their maximum comfort.",stay@pedlarsmotel.nz,http://www.pedlarsmotel.nz,+64 800 579 645,Bed and Breakfast,"2a Arney Street, Paeroa 3600 New Zealand",New Zealand,Paeroa,3600,-37.38208,175.67198,3.5,$,147,14,28,4,144,155,,1,,,1,,1,1,1,1,1,,,1,1,#1 of 5 B&Bs / Inns in Paeroa,1,5,175,4.9,5,4.9,4.9,4.9,4.8,4.8
32709575,Lorne Apartments,,,,,Specialty Lodging,"37 Lorne Street, Hamilton 3206 New Zealand",New Zealand,Hamilton,3206,-37.80716,175.28407,0.0,$,131.5,,0,1,141,141,,,,,,,,,,,,,,,,#6 of 23 Speciality lodging in Hamilton,6,23,2,5,5,5,5,5,5,5
23783278,Ika Nui Taupo,,,,,Bed and Breakfast,"64 Lake Terrace, Taupo 3330 New Zealand",New Zealand,Taupo,3330,-38.69133,176.0729,4.0,$$,308.5,,21,5,178,212,,,,,,,1,,,1,1,1,,,1,#11 of 42 B&Bs / Inns in Taupo,11,42,31,4.5,4.7,4.9,4.7,4.7,4.3,4.3
15226559,Atea Lodge,,contact@example.com,https://atealodge.co.nz/,+64 21 582 288,Bed and Breakfast,"1070 Driving Creek Road, Coromandel 3583 New Zealand",New Zealand,Coromandel,3583,-36.734383,175.5038,4.0,$$$$,559,3,72,,,,,1,1,1,1,,,,,1,1,,,,1,#2 of 15 B&Bs / Inns in Coromandel,2,15,49,5,5,5,5,5,5,5
302046,Aotearoa Lodge,"Welcome to Aotearoa Lodge, your ultimate Whitianga retreat. Aotearoa Lodge is dedicated to ensuring your stay is as relaxing and enjoyable as possible, which is why so many guests return year after year. Conveniently located just 1.4 miles from Stu's Wild Pig Farm, Aotearoa Lodge offers easy access to this popular local attraction. Our comfortable rooms feature free WiFi, a TV, a private bathroom, and a refrigerator, allowing you to unwind and stay connected throughout your visit. Guests can also enjoy our sun terrace and 1.5-acre garden. We provide free parking for those travelling with a vehicle. While staying in Whitianga, indulge in delicious burritos at nearby restaurants like The Harbour House Cafe. Don't miss The Lost Spring, a renowned hot spring located just a short distance from Aotearoa Lodge. At Aotearoa Lodge, we bring the best of Whitianga to your fingertips, ensuring your stay is both relaxing and memorable. Book your stay with us today",aotearoa@tournz.co.nz,https://www.aotearoalodge.co.nz/,+64 7-866 2807,Hotel,"70 Racecourse Road, Whitianga 3510 New Zealand",New Zealand,Whitianga,3510,-36.82237,175.68864,3.0,$,137.5,10,61,9,112,151,,,,,,,1,,,1,1,,,1,1,#9 of 13 hotels in Whitianga,9,13,157,4,4.5,3.9,4,4.3,4.2,4.1
662449,Chevron Motel,"Here at Chevron Motel, we welcome you with spacious, apartment style units close to the CBD. We are located in central Taupo; 1 block to the town centre, close to cafes, bars, restaurants and cinema. Adjacent to RSA and Cosmopolitan Club. Right at the heart of New Zealand’s most active volcanic zone, Taupo is famous the world over for its trout fishing, but as the saying goes, there’s plenty more fish to catch in this scenic lakeside resort. Stunning scenery, thermal areas wreathed in steam and a host of outdoor pursuits from quad-biking to skydiving make Taupo one of the country’s best-loved holiday destinations Chevron Motel looks forward to welcoming you on your visit to Taupo.",stay@chevron-motel.co.nz,https://www.chevron-motel.co.nz/,+64 7-378 7360,Hotel,"102 Tamamutu Street, Taupo 3330 New Zealand",New Zealand,Taupo,3330,-38.68674,176.0761,3.0,$,162,16,69,5,143,171,,1,,,1,,1,1,,1,1,,,,1,#37 of 60 hotels in Taupo,37,60,82,4.3,4.7,4.7,4.6,4.5,4.5,4.5
4580871,Brooklyn Motor Lodge,"Brooklyn Motor Lodge is a brand new 23-unit motel complex in Hamilton East. We are conveniently located within walking distance to Claudelands Event Centre. Business travellers will appreciate our free internet access all units have heat pumps telephone, alarm clocks, iPod & iPhone docks, kitchens, some units have courtyards.",enquiries@brooklynmotorlodge.co.nz,http://www.brooklynmotorlodge.co.nz,+64 7-855 0774,Bed and Breakfast,"42 Brooklyn Road, Hamilton 3214 New Zealand",New Zealand,Hamilton,3214,-37.7738,175.29344,4.0,$,147.5,23,30,,,,,,,,,,1,,,1,1,,,1,1,#21 of 25 B&Bs / Inns in Hamilton,21,25,77,3.4,4.4,3.8,4.7,3.6,3.6,3.5
1019444,ASURE Prince Motor Lodge,"Right by the centre of Taupo with an on-site licensed restaurant and Conference Room, ASURE PRINCE offers spacious, air conditioned, single level, courtyard style accommodation - with in-floor (Winter) heating. Park safely by your front door in our courtyard, and you are just a two minute walk from the Town Centre's many shops, Cafes and and over 40 Restaurants. You are also just a 2 minute walk from the shores of our beautiful Lake Taupo - great for an evening stroll before Dinner.. For a lazy evening in, you can take advantage of the Thai Restaurant's free room service, watch a movie on our 50"" SMART TV's with 50+ Channels, or surf the web using our unlimited Hi-Speed WiFi service. PRINCE is a great place to SKYPE friends and family from. Away from the busy lakeside traffic, ASURE PRINCE provides 32 generous ground floor units - including 10 with spa baths and separate shower cabinets. All units are serviced daily, and with a mix of NZ Super King, King, Queen, and Single beds PRINCE provides the ideal location for your next Taupo holiday, Sports event, Corporate stop over, or Business Conference. Owner Operators Ron and Mairi and our General Manager Rachel look forward to welcoming you. ""We will provide safe, clean, comfortable, and affordable accommodation in a great location - and do all we can to help make your Taupo stay enjoyable"".",stay@princemotorlodge.co.nz,http://www.princemotorlodge.co.nz,+64 7-377 8888,Hotel,"100 Roberts Street, Taupo 3330 New Zealand",New Zealand,Taupo,3330,-38.69021,176.07434,3.5,$$,216.5,32,125,1,192,192,,1,,,1,,1,1,,1,1,,,1,1,#17 of 60 hotels in Taupo,17,60,373,4.5,4.6,4.8,4.3,4.6,4.4,4.4
1209388,Captain's Quarters Motor Inn,"If you’re looking for a family-friendly hotel in Cambridge, look no further than Captain's Quarters Motor Inn.
Rooms at Captain's Quarters Motor Inn provide a refrigerator, a kitchenette, and a desk, and getting online is easy, with free wifi available.
In addition, Captain's Quarters Motor Inn offers a pool, which will help make your Cambridge trip additionally gratifying. And, as an added convenience, there is free parking available to guests.
While in Cambridge, you may want to check out some of the restaurants that are a short walk away from Captain's Quarters Motor Inn, including Kebabelicious (0.4 mi), Lucky Takaways (0.2 mi), and Pony (0.5 mi).
Cambridge is also home to Cambridge Museum, a popular history museum that is not too far from Captain's Quarters Motor Inn.
The staff at Captain's Quarters Motor Inn looks forward to serving you during your upcoming visit.
",,http://www.captainsquartersmotorinn.co.nz/,+64 7-827 8989,Hotel,"57a Hamilton Road, Cambridge 3434 New Zealand",New Zealand,Cambridge,3434,-37.890022,175.46341,3.0,$$,199.5,9,4,1,167,167,,,,,,,1,1,1,1,1,1,,1,1,#5 of 9 hotels in Cambridge,5,9,99,4.5,4.7,4.6,4.3,4.7,4.6,4.6
1646916,Crows Nest Apartments,"Crow's Nest Apartments are fully self-contained luxury apartments, ideal for travelling couples, families and groups.Apartments are fully furnished in a modern, contemporary style. Fully equipped kitchens with quality appliances, dishwasher & microwave. Separate bedrooms with queen/twin & single beds. En-suites with bath/shower, hair dryer. Furnished private balconies/patios. Internet facilities, DVD player & 8-channel Sky Digital TV. Washing machine, dryer, iron/ironing board. Roof deck with 360 degree view of Whitianga, outdoor tables & chairs. With the beach only 20 metres away and the main street of Whitianga only a 2 min walk away, our contemporary designed apartments are the ideal choice for an enjoyable and memorable stay in the stunning Mercury Bay of the Coromandel Peninsula. A short stroll to restaurants, shops and ferry. Discover beautiful Cooks Beach, famous Cathedral Cove or dig your own spa at Hot Water Beach.",info@crowsnestwhitianga.co.nz,http://www.crowsnestwhitianga.co.nz/,+64 7-869 5979,Specialty Lodging,"Crows Nest 18-20 Mill Road, Whitianga 3510 New Zealand",New Zealand,Whitianga,3510,-36.83161,175.70665,4.0,$$,284,17,95,5,257,299,,,,,,,1,1,,1,1,,,,1,#5 of 32 Speciality lodging in Whitianga,5,32,131,4.6,4.7,4.9,4.4,4.6,4.3,4.6
1845540,Tirau Motor Inn,"Centrally located to Hamilton, Tauranga, and Rotorua, Tirau Motor Inn is also only a short drive from the Lord of the Rings Hobbiton movie set, Okoroire Hot Springs, Blue Springs Walkway, and more! Tirau Motor Inn is situated in a picturesque tourist town with great cafes and shops, and home to the iconic corrugated dog and sheep. It is an older style motel, recently refurbished, owned and run by Kiwis, where old-fashioned customer service is still offered to all our guests.",contact@tiraumotel.nz,https://tiraumotel.nz,+64 7-883 1111,Hotel,"54 Main Road, Tirau 3410 New Zealand",New Zealand,Tirau,3410,-37.977173,175.75604,0.0,$,158,13,29,1,157,157,,,,,1,,1,,1,1,1,,,1,1,#1 of 1 hotels in Tirau,1,1,4,5,4.8,5,4.5,5,4.3,4.8
255590,Baycrest Lodge,"Experience the latest in quality service and surroundings, where traditional elegance blends with a restful ambiance. Baycrest Lodge, Qualmark rated 4 Star Plus is 100m from the main swimming beach of Great Lake Taupo. All 16 units are spacious and elegantly appointed and have tasteful European bathrooms and fully self contained kitchen facilities, including fridges, ceramic hotplates and microwaves. Ground floor suites have individual hot thermal tubs, up to 50'C, 2 of which are full disability access units. First floor suites have large champagne spa baths, balconies and superb Great Lake Taupo views. Super King beds are available in all the studio suites. The 2 room family suites can have either singles or a super king bed as well as the queen bed in the lounge area. Some suites interconnect to make more sleeping configurations. Baycrest Lodge also has a stunning swimming pool thermally heated to between 30'C and 35'C all year round. There is a guest lounge/bar area and a guest laundry on site. Baycrest Lodge is close to a number of restaurants and is about 1 kilometre (flat and easy 15-20 minute walk) from the town centre. It is also in a perfect position to watch many of the major events such as the NZ Ironman. All the suites offer free WiFi (limits apply), Sky's all new 'Guest Select' meaning 50+ channels in every room, 32"" LCD TVs with inbuilt DVD player and I-Pod docking. Baycrest Lodge is the ideal place for the discerning traveller, anyone away on business or those just wanting to get away and relax for a time. We look forward to welcoming you to Baycrest Lodge and Taupo.",relax@baycrest.co.nz,http://www.baycrest.co.nz/,+64 7-378 3838,Hotel,"79 Mere Road, Taupo 3330 New Zealand",New Zealand,Taupo,3330,-38.698112,176.0839,4.5,$$,241,16,158,6,205,220,,1,,,1,,1,1,1,1,1,1,,1,1,#10 of 60 hotels in Taupo,10,60,426,4.6,4.7,4.4,4.6,4.6,4.6,4.4
576247,Woodlyn Park,"We are located in the Waikato, a 2 and a half hour drive south of Auckland and 2 hours across from Rotorua. We are a couple of minutes drive from the world famous Glowworm Caves in Waitomo. Our Motels are world unique, built in part from recycled and natural materials. They have in the past worked hard as a war plane, a navy patrol boat and a carriage from the steam train era. As such they have a slightly lingering aroma from their industrial past, much like any modern vehicle - their scent reflects the materials they are made of. Our Cave Holiday Motel built underground contain natural fibre curtains and some timbers - these too reflect the natural scent of their origins.",woodlynpark@gmail.com,http://www.woodlynpark.co.nz/,+64 7-878 6666,Hotel,"1177 Waitomo Valley Road, Waitomo Caves 3977 New Zealand",New Zealand,Waitomo Caves,3977,-38.253902,175.11879,3.0,$$,216.5,10,324,,,,,,,,,,1,,,1,1,,,,,#1 of 4 hotels in Waitomo Caves,1,4,369,3.9,4.1,4.3,3.9,3.9,4.1,3.8
2027609,No. 1 Motels,"Finding an ideal family-friendly motel in Cambridge does not have to be difficult. Welcome to No. 1 Motels, a nice option for travelers like you.
No. 1 Motels is a family-friendly motel offering a refrigerator and air conditioning in the rooms, and it is easy to stay connected during your stay as free wifi is offered to guests.
The motel features baggage storage. For guests with a vehicle, free parking is available.
While in Cambridge be sure to experience local falafel favorites at Kebabelicious.
If you are interested in exploring Cambridge, check out an art gallery, such as The Garden Art Studio.
No. 1 Motels looks forward to welcoming you on your visit to Cambridge.
",office@no1motel.com,http://www.no1motels.co.nz/,+64 7-823 1467,Hotel,"89 Victoria Street, Cambridge 3434 New Zealand",New Zealand,Cambridge,3434,-37.890957,175.46689,3.0,$,95,45,44,8,96,105,,1,,,,,,,,1,1,,,1,1,#9 of 9 hotels in Cambridge,9,9,81,3.5,4.3,4.4,3.8,3.7,4.1,3.9
676320,Te Mata Lodge,"Located in an idyllic valley, bordered by bush and stream, minutes from the coast. Quality reasonably priced accommodation - cabins, self contained 1 - 2 bedroom cottages and cute chalets. Quiet and peaceful, no road noise. Tranquil swimming river, gold panning, rock/gemstone collecting, bush walks, kayaking, glow worm grotto, MTB/walking track - all free to guests. Function/Games Room and Large covered Kwila deck and BBQ area, Playground, Dining/Kitchen Area, Car/Boat parking, Lodge available larger groups, private events & weddings and exclusive use option. for Friendly owners/managers who are happy to help with trip planning.",info@tematalodge.co.nz,http://www.tematalodge.co.nz/,01164292566247,Hotel,"18 Eames Crescent Te Mata Bay, Thames Coast, Thames 3575 New Zealand",New Zealand,Thames,3575,-36.96657,175.50082,3.5,$,136,10,147,2,175,189,,1,,,,1,1,1,1,1,1,,,,1,#2 of 7 hotels in Thames,2,7,255,4.7,4.8,4.8,4.4,4.8,4.7,4.6
1760438,Southpacific Motel & Conference Centre,"A small family run motel, under new management since October 2023, close to the beach and town centre, set amongst subtropical gardens. Offering cute ground level studio units with great outdoor areas, or one-bedroom apartments available in our 'Hawaii 5-0 block' with air-conditioning. There is a BBQ area available for your use, with covered seating under the tiki umbrellas and a spa pool (hot tub) to relax in after a day at the beach!",thesouthpacificnz@outlook.com,https://www.facebook.com/profile.php?id=61552311434439,+64 7-865 9580,Hotel,"249 Port Road, Whangamata 3643 New Zealand",New Zealand,Whangamata,3643,-37.21119,175.86821,4.0,$,175,13,42,,,,,,,,1,,1,1,,1,1,,,1,1,#4 of 5 hotels in Whangamata,4,5,103,4.3,4.8,4.5,4.3,4.5,4.5,4.3
1187457,Waitahanui Lodge,"The Waitahanui Lodge is all about the kiwi bach experience. The original lodge was built in 1932 as a fishing lodge that by today's standards would have been fairly basic. In the 1950's a new lodge was built right by the lake's edge and close to the world renowned Waitahanui River. With renovations and upgrading the Lodge has up to date facilities and caters for today's travellers, yet the ""kiwiana soul"" of the Lodge remains. The lodge consists of 5 well equipped, self catering cottages, accommodating up to 5 guests. All linen is supplied. Absolute lakefront location can be enjoyed from two of our cottages while the others are just a few steps away. Our wonderful lakeside terrace provides the perfect spot for a barbecue or simply to enjoy a great sunset. Our on site tackle shop has waders and rods for hire plus all the fishing tackle needed to fish our local rivers for trout.",waitahanui.lodge@xtra.co.nz,,+64 7-378 7183,Specialty Lodging,"116 State Highway 1 Waitahanui, Taupo 3378 New Zealand",New Zealand,Taupo,3378,-38.78791,176.07622,0.0,$$,241.5,5,152,,,,,,,,,,1,1,,1,1,,,,1,#7 of 39 Speciality lodging in Taupo,7,39,138,4.9,4.9,4.9,4.7,4.9,4.5,4.8
3840344,Waitomo Boutique Lodge,"Waitomo Boutique Lodge Farmstay is Waitomo's hidden gem, offering a five star farm holiday stay in a stunning setting, close to all the central North Island's major attractions including Hobbiton movie set - and a stone's throw from the action of Waitomo Caves. Choose from the cosy garden Cottage or the Boutique country homestead, which is available as an exclusive luxury lodge experience with a spectacular view.",leanne@montrose.cc,http://www.waitomoboutiquelodge.nz,+64 7-877 8543,Specialty Lodging,"256 Waipuna Road Waitomo, Te Kuiti 3985 New Zealand",New Zealand,Te Kuiti,3985,-38.341152,174.99704,5.0,$$$$,1695.5,3,109,,,,,,1,1,,1,,1,1,,1,1,,,1,#3 of 6 Speciality lodging in Te Kuiti,3,6,91,4.9,4.9,4.5,4.9,5,4.9,4.7
11888847,Belle Vue Boutique Lodge,"Belle vue Boutique Lodge is a magnificent English / French Provincial Style Lodge, overlooking the magnificent Lake Taupo and Mount Tauhara, surrounded by picturesque gardens and all the extra amenities and facilities every traveller could require. Exquisite Guest Lounge and Guest Dining Room, with Evening Fine Dining available. Liz and Steve are dedicated to ensure your stay is never forgotten and you cannot wait to plan your next stay. Just 3.4 kms to Town and Oh So Quiet and Peaceful.",enquiries@bellevueboutiquelodge.co.nz,http://www.bellevueboutiquelodge.co.nz,+64 274 881 908,Bed and Breakfast,"39 Mapara Road, Acacia Bay, Taupo 3385 New Zealand",New Zealand,Acacia Bay,3385,-38.704586,176.02882,4.0,$$,293.5,4,149,,,,,1,1,1,1,,,,1,1,1,,,,1,#1 of 1 B&Bs / Inns in Acacia Bay,1,1,135,4.9,4.9,5,4.8,4.9,4.9,4.9
9593906,Kinloch Manor & Villas,"‘Perfectly placed on a 254ha spectacular setting above the shores of Lake Taupo, heart of the internationally recognized adventure and wilderness playground is the new uber-luxury lodge Kinloch Manor & Villas. Opened in 2017 and featuring New Zealand’s only Jack Nicklaus Signature 18-hole Links Golf Course, voted #1 course in New Zealand by PGA professionals. The Lodge’s wild adventure concierge offering includes New Zealand’s most popular day hike, the Tongariro Alpine Crossing plus world class fly-fishing, white water rafting, forest and lake cycling are as spectacular as the Lodge welcoming whiskey and champagne bar, cuisine featuring ‘Farm to Table’ organics - 100% pesticide free with produce from the owners private estate. And the township of Kinloch’s spectacular lake frontage provides almost 3km of sandy beach, ideal for swimming in the stunning blue fresh water or strolling along the water’s edge. With interiors by multi-award winning designer Virginia Fisher, renowned for her work involving luxury lodges in New Zealand, the lodge and Manor Suites, 1 and 2 bedroom Luxury Residences with an additional Den, making a third bedroon or TV room - all feature stunning designer elements including vista windows of the lake and golf course, huge log fireplaces, sensational marble bathrooms and secluded furnished terraces.",reservations@thekinlochclub.com,http://www.kinlochmanor.co.nz,+64 7-377 8482,Specialty Lodging,"261 Kinloch Road Taupo, Kinloch 3377 New Zealand",New Zealand,Kinloch,3377,-38.65034,175.93393,5.0,$$$$,4014.5,18,136,,,,,,,,1,,1,,1,1,,,,1,1,#1 of 4 Speciality lodging in Kinloch,1,4,107,4.8,5,4.7,4.8,4.8,5,4.4
2467204,Matamata Central Motel,"We extend a warm welcome to visitors to the Matamata area. Matamata Central Motel is your ideal accommodation provider for overnight stays while travelling through south, north, west or east, or for staying in Matamata for the Hobbit experience or visiting the equine facilities. We can provide accommodation: fully serviced, self-contained units. Matamata Central Motel was opened in 2010 and is the newest Motel in Matamata. The motel has a drive through entrance and all units open on to the court yard. Lawns and covered area for smoking. Car parking beside your unit. All units are double glazed with 32in flat screen tvs.",stay@matamatacentralmotel.co.nz,https://www.matamatacentralmotel.co.nz/,+64 7-880 9487,Bed and Breakfast,"42 Waharoa Road West, Matamata 3400 New Zealand",New Zealand,Matamata,3400,-37.804043,175.76912,3.5,$$,264,12,142,2,222,239,,1,,,1,,,,1,1,,,,,,#2 of 6 B&Bs / Inns in Matamata,2,6,208,4.5,4.9,4.6,4.7,4.6,4.5,4.5
618671,Chalet Eiger,Chalet Eiger offers luxury accommodation in a tranquil environment with lake and mountain views. Chalet Eiger’s location makes it perfectly situated for easy access to the many activities in the surrounding area. The Kiwi-influenced cuisine utilizes home grown and locally sourced produce with an excellent selection of New Zealand wines.,stay@chaleteiger.co.nz,https://www.chaleteiger.co.nz,+64 7-378 6441,Specialty Lodging,"534 Gillespie Place Acacia Bay, Taupo 3385 New Zealand",New Zealand,Taupo,3385,-38.70947,176.01309,5.0,$$$$,662.5,4,108,,,,1,1,1,1,1,,,,1,1,1,,,,1,#4 of 39 Speciality lodging in Taupo,4,39,109,5,5,4.9,5,5,5,4.9
3439227,Tuakau Hotel,"Enjoy the warm ambience of our boutique country hotel 40 mins south of Auckland Airport at the Gateway to Waikato with 10 hotel rooms and 7 self-contained apartments. Each room is well appointed with a luxurious king-size bed, individual climate control, sound insulation, internet access, SKY TV, and complimentary refreshments, while the licensed restaurant, lounge and sports bars, TAB and gaming room, and conference facilities cater for all your entertainment needs. 7 Mins south of Pukekohe means convenient access to Pukekohe Race Track and Counties Manukau Rugby. Just 15 mins to the internationally acclaimed Hampton Downs MotorSport Race Track. Centrally located to provide easy access to both the wild West Coast beaches for surfing and the protected waters of the Hauraki Gulf for boating. Enjoy bush walking in the Hunua Ranges, a hot spa at Miranda, or the cycle trails on the Hauraki Plains.",info@tuakauhotel.co.nz,http://tuakauhotel.co.nz,+64 9-236 8084,Hotel,"1-3 George Street, Tuakau 2121 New Zealand",New Zealand,Tuakau,2121,-37.25745,174.94724,4.0,$$,167,17,36,,,,,1,,,1,,1,1,1,1,1,,1,1,1,#1 of 1 hotels in Tuakau,1,1,189,4.5,4.8,4.3,4.6,4.6,4.6,4.4
7659327,Little Haven,"Little Haven Taupo offers a welcoming mix of one, two, and three-bedroom units, perfect for couples, families, business travelers, and small groups visiting the area. Our ongoing refurbishments ensure each unit is fresh, modern, and fully self-contained, while our central location keeps you just moments from Taupo’s town center and stunning lakefront. Guests can enjoy a range of complimentary on-site facilities designed for comfort and relaxation — soak in the spa pool, take a swim in the outdoor pool, or let the kids explore the playground. Surrounded by beautiful park-like grounds, Little Haven offers the ideal setting for a relaxing stay in family-run accommodation right in the heart of Taupo.",accounts@52onriflemotel.co.nz,http://www.52onriflemotel.co.nz,0116473785250,Hotel,"52 Rifle Range Road, Taupo, Taupo 3330 New Zealand",New Zealand,Taupo,3330,-38.691227,176.07964,3.5,$$,222,10,80,1,195,195,,1,,,1,1,1,1,,1,1,1,,,1,#16 of 60 hotels in Taupo,16,60,169,4.6,4.7,4.6,4.7,4.7,4.7,4.3
20482129,The Olive Rabbit - Boutique Bed & Breakfast,"The sought-after Tongariro River is in the heart of the Central Volcanic Plateau of New Zealand. This stunning location takes peoples' breath away, providing the perfect setting for an unforgettable, magical holiday in Nature. The Olive Rabbit is a luxurious bed and breakfast in the quiet, riverside location of Turangi. Since we cater more for grown-ups, you can be assured of peace and tranquillity with the local birdlife being the only sounds to serenade your stay. When you stop with us, you'll enjoy a guest experience service second to none. Our rooms are extremely comfortable, our welcoming spa is wonderfully relaxing, our drinks and canapes, and our delicious breakfasts are mouth-watering and satisfying. Whether you are looking for an action-packed breakaway or somewhere to just escape and re-charge your batteries, The Olive Rabbit is your perfect paradise! ​ ​",info@theoliverabbit.co.nz,https://www.theoliverabbit.co.nz/,+64 274 473 150,Bed and Breakfast,"253 Taupahi Road, Turangi 3334 New Zealand",New Zealand,Turangi,3334,-38.99677,175.8108,4.0,$$$,431.5,4,39,,,,,1,,1,1,,,,1,1,1,,,,1,#1 of 8 B&Bs / Inns in Turangi,1,8,70,5,5,4.8,5,5,4.9,4.9
1187463,Great Lake Motel Taupo,"15 self-contained motel units, studio and one bedroom, situated only a couple of minutes walk from the town centre. There are also 2 bedroom / 2 bathroom lakefront apartments. Some units have large spa baths, all units have a kitchen with microwave, hotplates, fridge and kitchen utensils. Sky TV is available as well as Freeview channels. We are across the road from lovely Lake Taupo with views to the mountains, but only the apartments get uninterrupted views.",stay@greatlakemotel.co.nz,http://www.greatlakemotel.co.nz/,+64 7-378 0018,Hotel,"56 Lake Terrace PO Box 221, Taupo 3330 New Zealand",New Zealand,Taupo,3330,-38.69096,176.07208,0.0,$$,214,15,46,8,168,195,1,,,,1,,1,1,1,1,1,,,,,#27 of 60 hotels in Taupo,27,60,144,4.3,4.3,4.8,4.2,4.4,4.3,4.2
3164397,Rose Lodge Bed & Breakfast,"Rose Lodge Bed and Breakfast in Tirau is a great base for visiting the Central North Island being 40 minutes to Rotorua, 44 minutes to Tauranga, 40 minutes to Hamilton, and 1 hour to Taupo. We are just 10 minutes, 12km from The Blue Springs, 19 minutes, 22km away from the Hobbiton Movie Set and 11 minutes, 14km from The Red Barn Wedding Venue. Quiet and relaxing Rose Lodge is central to wonderful walks, cycling tracks, river trails, 3 golf courses and more. Set within a Grand Villa are two beautifully appointed rooms with a queen bed and private bathroom, with original features of a bygone era. A breakfast of fresh fruit, fresh pastries, cereal, yoghurt and fresh juice serves for a good start to the day. Enjoy relaxing in the garden or take a walk into town and enjoy some fantastic shopping and have lunch in one of the many fabulous cafes. Whether you're here for a romantic retreat, a weekend escape, or a relaxing stop on your journey. Rose Lodge is the perfect place to unwind.",,https://roselodgetirau.wixsite.com/roselodge,+64 27 600 5421,Bed and Breakfast,"4 Rose Street, Tirau 3410 New Zealand",New Zealand,Tirau,3410,-37.979458,175.76045,0.0,$$,180,2,73,1,176,176,,,,1,,,,,,1,1,,,,1,#1 of 2 B&Bs / Inns in Tirau,1,2,22,5,5,4.8,5,5,5,5
1439941,Finlay Jack's Backpackers,"Taupo's best option for comfort, convenience and great times with international friends. 

Here you'll find a bunk-free experience with single beds made up ready for your arrival and delightful en-suite bathrooms. We've renovated one of Taupo's most central hostels with the modern backpacker in mind. 

Two minutes from the supermarkets and central bus station, we have a comfy DVD lounge, huge garden, massive balcony complete with BBQ and stunning views of Mt. Ngauruhoe (Mt. Doom) and beyond. 

Whether you're an adrenaline junky keen to launch yourself from a plane at 15,000 feet, looking to set sail on the Great Lake or seeking peace and tranquillity along with some of New Zealand's most beautiful walks, our staff are here to make sure your visit lives up to expectations...aim high, people!",finlay@finlayjacks.co.nz,http://www.finlayjacks.co.nz/contact.html,+64 7-378 9292,Specialty Lodging,"20 Taniwha Street, Taupo 3330 New Zealand",New Zealand,Taupo,3330,-38.68392,176.07442,3.5,$,99.5,12,158,1,89,89,,1,,,,,1,1,1,1,1,,,,1,#9 of 39 Speciality lodging in Taupo,9,39,308,4.4,4.5,4.4,4.4,4.4,4.3,4.4
25402576,Hilltop Whakaipo Estate,,,,+64 27 676 6366,Bed and Breakfast,"100 Ross Rise, Kinloch 3385 New Zealand",New Zealand,Kinloch,3385,-38.6551,175.99416,0.0,$$$,409,,22,,,,,,,,,,,,,,,,,,,#1 of 1 B&Bs / Inns in Kinloch,1,1,4,5,5,4.3,5,5,5,5
16506480,Coromandel Apartments,"Welcome to Coromandel Apartments. At Coromandel Apartments we want guests to share and enjoy the beautiful and historic Coromandel Township and explore nearby attractions unique to the Coromandel Peninsula. We have been welcoming and accommodating both domestic and international visitors for many years. Coromandel Apartments has 7 apartments available for guests to book. Each apartment is individually furnished and situated in 4 different locations – with 4 apartments conveniently located in the township and 3 apartments located nearby at Coromandel Harbour’s edge and Wyuna Bay (only a short drive from the centre of town). All apartments provide WIFI, kitchen facilities, free parking and are professionally cleaned by a dedicated team of housekeepers. Thank you for choosing to stay with Coromandel Apartments. We wish you a comfortable stay in our managed apartments and exploring the unique and beautiful area of Coromandel. Hamish & Jeanette – Coromandel Apartments",office@accommodationcoromandel.co.nz,http://www.coromandelapartments.co.nz,+64 274 361 729,Specialty Lodging,"265 Kapanga Road, Coromandel 3506 New Zealand",New Zealand,Coromandel,3506,-36.75787,175.49815,0.0,$,155,7,102,,,,,,,,1,1,1,,,1,1,,,,1,#14 of 26 Speciality lodging in Coromandel,14,26,10,4.8,4.3,3.5,3.5,4.5,3.7,3.8
32684428,Goldmine Motel Waihi,"We are a friendly, family-owned motel situated in a lovely quiet location in historical Waihi. Our 10 spacious and comfortable units are ideal for corporate stays, weekend getaways or longer stays for those who want to explore the diverse local area. Our motel is a short walk to Waihi’s town centre which has many lovely cafés and restaurants to choose from as well as a great range of locally owned stores and boutiques where you can browse and shop. Because of our location right at the base of the glorious Coromandel Peninsula, day trips from here are easily possible and Waihi Beach is only a 15 minute car ride away. There is so much to see and do. We offer free unlimited fibre WIFI, with connected Smart TVs allowing you to sign in to your favourite streaming platforms such as Netflix or Lightbox. Take a break and visit us here at the Goldmine Motel. We would love to see you.",info@goldminemotel.co.nz,https://goldminemotel.co.nz/,+64 7-863 7111,Bed and Breakfast,"6 Victoria Street, Waihi 3610 New Zealand",New Zealand,Waihi,3610,-37.39462,175.83424,0.0,$$,190,10,34,2,193,207,,,,,1,,1,,1,1,1,,,1,1,#1 of 8 B&Bs / Inns in Waihi,1,8,74,4.5,4.9,4.5,4.3,4.6,4.3,4.5
13154731,Podium Lodge,"Podium Lodge is a newly built, modern, 86 bed facility offering a unique experience in a vibrant yet peaceful setting that inspires excellence with large interactive communal areas. Designed to support athletes with their training or performance ambitions but we welcome anyone looking for a quiet yet vibrant and inspiring getaway. Podium Lodge is a home away from home, its the place you come back to after a busy day of work, activity or competition. Our quality appointed studios, two bedroom apartments and 14 bed dormitory are comfortable, functional and offer large rooms equipped with, hot showers, space to cook, eat, relax and interact. Gear storage facilities, equipment wash down space, bike racks and a bike maintenance station are yours to use when you stay. Podium Lodge is a charitable enterprise whose priority is its purpose, not its profit, with 100% of proceeds being returned to community.",info@podiumlodge.co.nz,http://www.podiumlodge.co.nz,+64 7-974 1710,Specialty Lodging,"20 Peake Road, Cambridge 3283 New Zealand",New Zealand,Cambridge,3283,-37.88594,175.43913,4.0,$$,238.5,31,31,,,,1,1,,,,1,1,1,1,1,1,,,1,1,#4 of 15 Speciality lodging in Cambridge,4,15,29,4.6,5,4.7,5,5,5,4.8
661111,Lake Karapiro Lodge,"5 star Lake Karapiro Lodge is the ultimate in luxury accommodation. Enjoy one of your best sleeps ever and wake to a unique environment with stunning views over Lake Karapiro, the mighty Waikato River and lush Waikato countryside. Located in the centre of the North Island Karapiro has something for everyone... boating, water skiing, bush walks and a great choice of golf courses with sandy beaches, snow fields and lots of other adventures all nearby. Famous for the silver service full daily breakfast included in the room rate. Enjoy the Salt Water Pool, the Spa pool and Sauna (pool use is seasonal) Lake Karapiro Lodge,"" in the middle of nowhere but is centre of everything"".",reservations@karapriolodge.co.nz,http://www.karapirolodge.co.nz/index.asp,+64 7-823 7414,Specialty Lodging,"1829F Tirau Road, Tirau 3484 New Zealand",New Zealand,Tirau,3484,-37.945175,175.65305,4.5,$$$$,632,5,43,,,,,1,,1,1,,,,,1,1,1,,,1,#1 of 1 Speciality lodging in Tirau,1,1,87,4.2,4.5,4.6,4.3,3.9,4.6,3.9
266268,Tuscany on Thames,"A four star property we pride ourselves in our attention to detail and modern decor. All units ) have double spa baths (except access), kitchen facilities, internet and SKY TV with 50+ guest select. The property also has a swimming pool and guest laundry. Ideally located a one minute drive from the beginning of the main street of Thames which is the service centre for the beautiful Coromandel Penninsular",tuscanyonthames@xtra.co.nz,http://www.tuscanyonthames.co.nz/,+64 7-868 5099,Hotel,"200 Jellicoe Crescent, Thames 3500 New Zealand",New Zealand,Thames,3500,-37.14752,175.54857,4.0,$$,225,14,55,,,,,1,1,,,,1,1,1,1,1,1,,1,1,#3 of 7 hotels in Thames,3,7,135,4.3,4.6,3.9,4.3,4.3,4.3,4
2080729,The Olive Motel,"We are a small motel 250 meters from the centre of Coromandel Town. Coromandel Town is 2.5 hours from Auckland city. All our rooms have air conditioning and free fast wifi. We offer 3 x 50 square meter 1 bedroom suites that can sleep up to 5 (built 2007). 6 x 25 square meter studio with queen beds that can sleep up to 3 (built in 2015 and 2019) . 1 x 68 square meter 2 bedroom suite that can sleep up to 6 ( built in 2015). All our suites have spa baths and large bathrooms and Freeview TV ,Netflix and Prime video our studios have ensuite shower rooms .",bookings@theolivemotel.co.nz,http://www.theolivemotel.co.nz,+64 7-866 8966,Hotel,"245 Tiki Road, Coromandel 3506 New Zealand",New Zealand,Coromandel,3506,-36.761787,175.49942,3.0,$$,278,10,101,,,,,,,,1,,1,1,1,1,1,,,1,1,#2 of 10 hotels in Coromandel,2,10,187,4.7,4.9,4.8,4.7,4.7,4.8,4.8
1124241,Tidewater Motel & Tourist Park,"Tidewater Tourist Park is set in parklike grounds of an historic villa right in the heart of Coromandel town, on the Coromandel peninsula. From our spacious grounds you can take in the gorgeous views of the Coromandel Harbour and the magnificent sunrises and sunsets. A photographers dream. The hostel is only 200 metres to the main street of town and many fine restaurants, bars and cafes. Enjoy our beautiful grounds, BBQ area or indulge in a private sauna.",tidewatercoromandel@gmail.com,http://www.tidewater.co.nz/,+64 7-866 8888,Specialty Lodging,"270 Tiki Road, Coromandel 3506 New Zealand",New Zealand,Coromandel,3506,-36.76218,175.49911,2.0,$,112,18,13,,,,,,,,,1,1,1,,1,1,,,,,#9 of 26 Speciality lodging in Coromandel,9,26,74,3.9,4.3,4.7,3.8,4.4,4.1,3.8
4946455,Underhill Valley Earth Huts,"Underhill Valley is part of Canopy Camping Escapes' growing network of New Zealand glamping sites. Built into the hillside, this remarkable cave-style house has been beautifully handcrafted with rustic native timbers and ironwork, to create a sustainable and authentic space. Underhill Valley makes a perfect romantic retreat for couples.",liz@canopycamping.co.nz,http://www.canopycamping.co.nz/underhill,+64 27 247 3003,Specialty Lodging,"Whatawhata Rd 2, Hamilton 3285 New Zealand",New Zealand,Hamilton,3285,-37.79908,175.18988,0.0,$$,272.5,2,60,,,,,,,,,,1,,,,1,,,,,#1 of 23 Speciality lodging in Hamilton,1,23,25,4.8,4.7,5,4.9,4.6,4.3,4.8
1211538,Maple Lodge Motel,"If you’re looking for a family-friendly motel in Matamata, look no further than Maple Lodge Motel.
The rooms offer a flat screen TV, a kitchenette, and a refrigerator, and getting online is possible, as free wifi is available, allowing you to rest and refresh with ease.
Maple Lodge Motel features baggage storage. In addition, as a valued Maple Lodge Motel guest, you can enjoy a pool and barbeque facilities that are available on-site. Guests arriving by vehicle have access to free parking.
Travelers looking to enjoy some shrimp can head to Osteria Matamata. Otherwise, you may want to check out a cafe such as Workmans Cafe Bar, Eat Cafe, or O-Del-Emz.
The staff at Maple Lodge Motel looks forward to serving you during your upcoming visit.
",maplelodge@xtra.co.nz,http://www.maplelodgemotel.co.nz/,+64 7-888 8764,Hotel,"11 Mangawhero Road, Matamata 3400 New Zealand",New Zealand,Matamata,3400,-37.81389,175.78316,0.0,$,153,9,1,1,149,149,,1,,,,1,1,,1,1,1,1,,,1,#3 of 5 hotels in Matamata,3,5,48,4.2,4.5,4.4,4.3,4.4,4.3,4.2
12500902,Walnut Lodge Bed & Breakfast,"Located at the end of a private lane, less than 5 mins drive from Matamata Township situated on 1.4 hectares. Walnut lodge is your ideal bed and breakfast choice; enjoy the rural setting with views to Kaimai ranges and rolling countryside with beautiful sunsets. You will get a real sense of sereneness and relaxation. Each individual studio has its own bathroom, kitchenette, separate spacious living room and dining, contemporary in design with all the modern comforts one would expect. The kitchen includes a fridge, convection microwave, toaster and tea/coffee facilities. Complimentary continental breakfast provisions are included with a selection of cereals, yoghurt, jams, fresh bread, juice, teas and freshly ground coffee. Delivered in the evening so you can enjoy at your leisure in the morning. *Gluten Free breakfast available - request on booking",walnutlodgeaccommodation@gmail.com,http://www.walnutlodge.co.nz,+64 22 007 6242,Specialty Lodging,"29 Aporo Drive, RD2, Matamata 3472 New Zealand",New Zealand,Matamata,3472,-37.81402,175.75758,0.0,$$,199.5,2,32,,,,,,,1,,1,1,,1,1,1,,,,1,#2 of 7 Speciality lodging in Matamata,2,7,19,5,5,5,5,5,4.5,5
1806835,Coromandel Seaview Motel,"Coromandel Seaview Motel
Perfectly positioned between the mountains and the sea, Coromandel Seaview Motel offers a peaceful escape with stunning views across Long Bay and McGregor Bay. Our modern, well-appointed rooms each feature a private entrance and either a balcony or patio, giving you your own space to relax and enjoy the fresh coastal air.
Every stay includes a complimentary daily breakfast with cereals or toast, yoghurt or fruit, juice, and a hot beverage, providing the perfect start to your day. Whether you're here to unwind or explore, you'll find comfort, tranquillity, and genuine hospitality throughout your visit.
Owned and operated by Gail and Kim, the motel is known for its warm welcome and local knowledge. We are happy to recommend beaches, walks, fishing spots, and attractions to help you make the most of your Coromandel experience.
Just 3.2 km from Coromandel Town and a three-minute walk from Long Bay Beach, our location is ideal for relaxation and adventure alike.",info@coromandelseaview.co.nz,https://coromandelseaview.co.nz/,+64 27 282 1211,Bed and Breakfast,"150 Huihana Lane, Coromandel 3581 New Zealand",New Zealand,Coromandel,3581,-36.7519,175.47464,4.0,$$,235,4,107,2,242,260,,,,,,,1,1,,1,1,,,,1,#6 of 15 B&Bs / Inns in Coromandel,6,15,63,4.5,4.4,4.6,4.4,4.4,4.3,4.2
34316435,Opito Point Lodge,,info@opitopointlodge.nz,https://opitopointlodge.nz/,+64 20 4132 2274,Specialty Lodging,"92 Skippers Road Opito Bay, 3592 New Zealand",New Zealand,,3592,-36.706257,175.7888,0.0,,,,18,,,,,,,,,,,,,,,,,,,#64 of 114 Speciality lodging in Coromandel Peninsula,64,114,3,5,5,5,5,5,5,5
1650753,Hush Boutique Accommodation,"Hush Boutique Accommodation offers a tranquil and peaceful escape for singles, couples and families. Offering six beautifully appointed cabins, with the options of modern en-suite bathrooms. Each cabin is private, sunny and modern. Relax with a cup of tea or coffee in your room or mingle with other guests in the stylish Alfresco outdoor kitchen/dining area. Enjoy listening to the abundant bird life and relaxing amongst the native bush. Located only 5 mins from Coromandel Town and directly across the road from Driving Creek Railway and Zipline Hush is a total escape from the busy pace of life. Hush also offers intimate weddings - perfect for elopements or small weddings.",hello@hushaccommodation.co.nz,http://www.hushaccommodation.co.nz/,+64 7-866 7771,Specialty Lodging,"425 Driving Creek Road, Coromandel 3506 New Zealand",New Zealand,Coromandel,3506,-36.73654,175.5019,3.0,$,148.5,6,92,,,,,1,,,,,,,,1,1,,,,1,#6 of 26 Speciality lodging in Coromandel,6,26,119,4.8,5,4.8,4.9,4.9,4.8,4.7
16869009,The Silos,,info@thesilos.co.nz,http://www.thesilos.co.nz/pages/home.asp,+64 27 548 5062,Specialty Lodging,"88 Wallis Street Raglan Wharf, Raglan 3225 New Zealand",New Zealand,Raglan,3225,-37.79499,174.87935,0.0,$$,339.5,,52,,,,,,,,,,,,,,,,,,,#7 of 12 Speciality lodging in Raglan,7,12,17,4.8,5,5,5,5,4,4.8
631417,Abseil Inn,"For the romantic getaway, a relaxing time away from the kids or the pressures of work, or for those enjoying the excitement of Waitomo. On a small ridge, we offer awesome views over the amazing Waitomo Caves landscape, and on a cloudless night, of the night sky.. For the romantic getaway, a relaxing time away from the kids or the pressures of work, or for those enjoying the excitement of Waitomo. We are modelled on a small European Albergo. Our rooms are individually themed. Your room needs to be chosen carefully to ensure it meets your desire.. The two-person bath in the Swamp room, with candles and foams, is reputed to be the biggest bath south of Auckland. Our breakfast options are varied and highly praised, and we want to get to know you. People are fascinating. The Inn has the vibe of a home away from home. It provides a sense of belonging. We are on a small ridge, just outside the Waitomo Village. Being in the countryside brings peace and quiet. However being just 1 km from the Waitomo Cave, and the Waitomo zipline, 600 metres away from the local pub, 500 metres from the Information Centre 400 metres from the General Store and 300 metres away from the highly regarded Huhu restaurant, and Waitomo Adventures, we are close to many activities",enquiry@abseilinn.co.nz,http://www.abseilinn.co.nz/,+64 7-878 7815,Bed and Breakfast,"709 Waitomo Caves Road, Waitomo Caves 3977 New Zealand",New Zealand,Waitomo Caves,3977,-38.262096,175.11446,3.0,$$,209,4,129,,,,,1,1,1,1,,,,,1,1,,,,1,#2 of 3 B&Bs / Inns in Waitomo Caves,2,3,225,4.3,4.7,4.7,4.3,4.5,4.4,4.4
28141570,Hamilton Motel,,,,+64 7-242 0922,Bed and Breakfast,"468 Tristram St 16, Hamilton 3200 New Zealand",New Zealand,Hamilton,3200,-37.78022,175.26904,0.0,$$,165.5,,28,4,155,175,,,,,,,,,,,,,,,,#7 of 25 B&Bs / Inns in Hamilton,7,25,5,4.4,4.7,3.7,3.7,3.7,3.7,3.3
33983292,Te Whaanga Retreat & Spa,,,http://tewhaangaretreat.com,+64 22 475 1141,Bed and Breakfast,"108e Whaanga Road, Raglan New Zealand",New Zealand,Raglan,,-37.82757,174.79346,0.0,$$$$,789.5,,0,1,805,805,,,,,,,,,,,,,,,,#4 of 10 B&Bs / Inns in Raglan,4,10,4,5,5,5,5,5,5,5
1190104,The Oreti Collection - By Vacations in Paradise,"Vacations in Paradise (VIP) is re-imagining the future of Oreti with a bold, contemporary vision and proven hospitality expertise. With 20+ years at Oreti, we curate a boutique portfolio of lakefront apartments and holiday homes in Pukawa Bay, Lake Taupō (near Tūrangi)- The Oreti Collection. Every VIP stay at the Oreti Collection is designed for comfort, style and effortless living — from romantic escapes to family getaways and group retreats. At the heart of it all is Oreti Restaurant, a much-loved Lake Taupō restaurant and events destination serving guests for over 18 years. Think panoramic lake views, exceptional service and a setting made for weddings, celebrations and milestone occasions. Whether you’re searching for Lake Taupō accommodation, a Taupō wedding venue, or a memorable place to dine with a view, Vacations in Paradise brings together comfort, nature and hospitality under a name you can trust.",reception@oretivillage.com,http://www.oretivillage.com/,+64 7-386 7070,Specialty Lodging,"88 Pukawa Road Pukawa Bay, Turangi 3381 New Zealand",New Zealand,Turangi,3381,-38.922905,175.75264,0.0,$$$,333.5,9,171,,,,,,,,,1,1,,1,1,1,1,1,1,1,#3 of 19 Speciality lodging in Turangi,3,19,227,4.5,4.7,4.7,4.6,4.5,4.5,4.3
1230220,Central Motor Lodge,"Central Motor Lodge and Conference Centre is Morrinsville's newest, upmarket motel, offering apartment-style accommodation in rural Waikato, ideal for family holidays and for the discerning business traveller. Our complex is renowned for providing quality accommodation at realistic rates. Central Motor Lodge & Conference Centre has 14 spacious, smoke free motel units, all with hi speed WiFi connection and 22-channel TV including Freeview HD plus digital 5 Sky digital channels. You will find all our impeccable rooms and stylish suites appointed in the finest of decor. Choose from a standard, superior or executive rooms.",info@centralmotorlodge.co.nz,http://www.centralmotorlodge.co.nz,+64 7-889 4267,Specialty Lodging,"362 Thames Street, Morrinsville 3300 New Zealand",New Zealand,Morrinsville,3300,-37.65599,175.53262,3.0,$$,178.5,14,73,,,,,,1,,,,1,1,,1,1,,,,,#1 of 1 Speciality lodging in Morrinsville,1,1,89,4.8,4.9,4.9,4.9,4.9,4.8,4.5
1193204,Rosetown Motel,"Everyone needs a place to lay their weary head. For travelers visiting Te Awamutu, Rosetown Motel is an excellent choice for rest and rejuvenation. Well-known for its family-friendly environment and proximity to great restaurants and attractions, Rosetown Motel makes it easy to enjoy the best of Te Awamutu.
Rooms at Rosetown Motel provide a flat screen TV, a kitchenette, and a refrigerator, and guests can stay connected with free wifi.
You can also enjoy a pool while staying at Rosetown Motel. Need a place to park? Free parking is available at Rosetown Motel.
During your visit, be sure to check out a popular Te Awamutu dumplings  restaurant such as Cosana, which is a short distance from Rosetown Motel.
If you’re looking for something to do, Te Awamutu Rose Gardens (1.0 mi) and Te Awamutu Museum (0.8 mi) are a nice way to spend some time, and they are all within walking distance of Rosetown Motel.
Rosetown Motel is sure to make your visit to Te Awamutu one worth remembering.
",stay@rosetownmotel.co.nz,http://www.rosetownmotel.co.nz/,+64 7-871 5779,Hotel,"844 Kihikihi Road, Te Awamutu 3800 New Zealand",New Zealand,Te Awamutu,3800,-38.02202,175.32715,3.0,$$,167.5,9,22,,,,,,,,,,1,,,1,1,1,,,1,#1 of 2 hotels in Te Awamutu,1,2,56,4.4,4.7,4.3,4.4,4.7,4.4,4.3
1008532,Blackfern Lodge,,book@blackfernlodge.co.nz,http://www.blackfernlodge.co.nz/,+64 7-894 7677,Specialty Lodging,"1731 Ongarue Stream Road Waimiha, Te Kuiti 3998 New Zealand",New Zealand,Te Kuiti,3998,-38.586502,175.49146,4.0,$$,212,10,85,,,,,1,1,,,1,,,1,1,1,,,1,,#2 of 6 Speciality lodging in Te Kuiti,2,6,125,4.6,4.4,4.7,4.3,4.5,4.4,4.4
6023407,Lake Hakanoa Motor Caravan Park,,,http://www.facebook.com/media/set/?set=a.173266936024563.37652.162451407106116&type=3,+64 7-828 8363,Specialty Lodging,Huntly New Zealand,New Zealand,Huntly,,,,0.0,,,,13,,,,,,,,,,1,,,,1,,,,,#1 of 2 Speciality lodging in Huntly,1,2,30,4.7,4.3,4.5,4,4.6,5,5
1006056,Anchor Lodge Coromandel,"Anchor Lodge is located in Coromandel Town on the west coast of New Zealand’s Coromandel Peninsula and provides spa apartments and suites, and modern motel units.We are located only 400 metres from the town centre amongst native bush and overlooking Coromandel Harbour.  Anchor Lodge is located 2.5 hours drive from Auckland International Airport, one hour from Hot Water Beach and within 3.5 hours from Rotorua.",info@anchorlodgecoromandel.co.nz,http://www.anchorlodgecoromandel.co.nz,+64 7-866 7992,Hotel,"448 Wharf Road, Coromandel 3506 New Zealand",New Zealand,Coromandel,3506,-36.760864,175.49211,3.5,$$,227.5,22,125,,,,,1,,,,,1,1,,1,1,1,,1,1,#3 of 10 hotels in Coromandel,3,10,447,4.3,4.5,4.5,4.4,4.3,4.4,4.2
2350051,Blue Marlin Apartments,"Blue Marlin Apartments is situated on Buffalo Beach Road. We have one and two bedroom apartments and studio rooms. Beachfront Studio Apartments 1, 2 and 3 have beautiful unobstructed sea views. Most other apartments have some sea views (unless stated otherwise). We have a continual winter refurbishment programme with all units being updated to keep them to a modern standard of comfort.",viv@bluemarlinapartments.co.nz,http://bluemarlinapartments.co.nz,011646478660077,Hotel,"4 Buffalo Beach Road Whitianga, Whitianga 3510 New Zealand",New Zealand,Whitianga,3510,-36.82935,175.70508,3.0,$$,191,12,129,3,150,174,,,,,,,1,,,1,1,,,,1,#10 of 13 hotels in Whitianga,10,13,76,4.4,4.6,4.8,4.6,4.5,4.5,4.1
1119050,Coromandel Cottages,"Unique,individual,spacious, colonial style cottages in quiet, peaceful garden surroundings with bush views.The 1 Bedroom fully self contained Cottages have a large bedroom with a queen bed, sleeping 1-2 people. These cottages have a spacious lounge dining area, kitchen with a double cook top, microwave & fridge & a roomy bathroom with shower & toilet.The 2 bedroom fully self contained Cottages have a queen bed, twin beds in the 2nd bedroom & 2 divans in the spacious lounge, sleeping up to 6 people. These cottages have a kitchen with full cooking facilities, stove, oven, microwave & fridge, large lounge dining room & a toilet separate to the bathroom.All cottages have rear carport parking, a front porch with table & chairs, WiFi and Sky TV. Facilities include a solar heated pool (Summer), children's play ground, under cover BBQ area, fish cleaning area & boat parking.",info@corocottages.nz,http://www.corocottages.nz,+64 7-866 8857,Hotel,"1737 Rings Road, Coromandel 3506 New Zealand",New Zealand,Coromandel,3506,-36.748936,175.50389,4.0,$$,186,8,64,1,205,205,,,1,,,,1,1,1,1,1,1,,1,1,#5 of 10 hotels in Coromandel,5,10,157,4.5,4.6,4.4,4.3,4.7,4.5,4.3
10414289,BKs Premier Motel Hamilton,"Superior accommodation with service and comfort paramount. Suites, spa suites, deluxe suites, 1 & 2 bedroom apartments, access suite & 1 bedroom access apartment all with super king size beds. Spacious suites from 34msq to 55msq all with seating area and all except 3 (child friendly) have outside terrace. Wholesome breakfasts & snack menu available. FREE unlimited high speed Wi-Fi. Free easy parking. Handy to parks and beautiful lake, hospitals and town centre. Love and courtesy. Warm hospitality.",info@bkshamiltonmotel.co.nz,http://www.bkshamiltonmotel.co.nz,+64 7-282 1829,Hotel,"50 Tawa Street, Hamilton 3206 New Zealand",New Zealand,Hamilton,3206,-37.809086,175.27725,4.0,$$,206.5,28,23,1,217,217,,1,1,,,1,1,1,1,1,1,,,1,1,#13 of 56 hotels in Hamilton,13,56,103,4.7,5,4.7,4.9,4.9,4.8,4.8
15231804,Stony Bay Campsite,,,https://www.doc.govt.nz/parks-and-recreation/places-to-go/coromandel/places/northern-coromandel/things-to-do/stony-bay-campsite/,+64 7-866 6822,Specialty Lodging,"Stony Bay Road, Coromandel New Zealand",New Zealand,Coromandel,,-36.51104,175.42105,0.0,,,,22,,,,,,,,,1,,,,,,,,,,#19 of 26 Speciality lodging in Coromandel,19,26,8,4,2,5,1.5,2.5,3.5,5
8177933,Whangamata Motor Camp,,whangamatamotorcamp@clear.net.nz,,+64 7-865 9128,Specialty Lodging,"104 Barbara Avenue, Whangamata 3620 New Zealand",New Zealand,Whangamata,3620,-37.20784,175.87318,0.0,,,,23,,,,,,,,,,,,,,1,,,,,#11 of 11 Speciality lodging in Whangamata,11,11,32,3,3.5,4.6,3,3.8,4.1,3.8
6226773,Te Puru Holiday Park,,,http://tepuruholidaypark.co.nz/,+64 7-868 2879,Specialty Lodging,"473 Thames Coast Road, Thames 3575 New Zealand",New Zealand,Thames,3575,-37.044785,175.52054,0.0,$,125.5,,16,,,,,,,,,1,1,,,,1,,,,1,#7 of 12 Speciality lodging in Thames,7,12,30,3.3,3.8,4.3,4.2,3.6,4.4,3.9
6482086,Kawhia Camping Ground,"We are a quiet holiday park that is in a sheltered position. A short walk to town and around the corner from the harbour and boat ramp. Ocean Beach were the Te Puia Hot Springs seep up through the black sands are just up the road, free shovels are provided to guests for digging your own hot pool.",kawhiacampingground@xtra.co.nz,http://kawhiacampingground.co.nz,64 6478670863,Specialty Lodging,"73 Moke Street, Kawhia 3889 New Zealand",New Zealand,Kawhia,3889,-38.060966,174.82784,0.0,$,38,19,20,,,,,,,,,1,,,,,1,,,1,1,#1 of 1 Speciality lodging in Kawhia,1,1,33,4.7,4.9,4.6,4.3,4.8,4.5,4.7
9855553,Mana Retreat Centre,,be@manaretreat.com,http://Manaretreat.com,+64 7-866 8972,Bed and Breakfast,"608 Manaia Road, Coromandel 3581 New Zealand",New Zealand,Coromandel,3581,-36.85424,175.45013,0.0,,,,7,,,,,,,,,,,,,,,,,,,#11 of 15 B&Bs / Inns in Coromandel,11,15,9,4.7,5,4,4,4.2,3.7,4.3
1474241,Dunrovin Motel,"Welcome to Dunrovin Motel, one of Taupo's original motels. Dunrovin offers clean, comfortable, and economical accommodation for the discerning traveller, families and groups of friends. We are 700m from the town centre and 500m from Lake Taupo. All rooms are self-contained and air-conditioned. Features include LCD smart televisions, tea/coffee facilities and kitchenettes. Free Wi-Fi is also available for all guests. We have ample off-road parking and most units have a peaceful garden setting.",info@dunrovinmotel.co.nz,http://www.dunrovintaupo.co.nz,+64 7-378 7384,Hotel,"140 Heuheu Street, Taupo 3330 New Zealand",New Zealand,Taupo,3330,-38.689632,176.07915,3.0,$$,188.5,9,72,7,179,210,,,,,1,,1,,,1,1,,,,1,#34 of 60 hotels in Taupo,34,60,90,4.4,4.6,4.5,4.3,4.4,4.5,4.5
34298984,Roam Taupo,"Experience premium lakefront living at Roam Taupo. Our four modern, self-contained 2-bedroom units sleep up to 5 guests and feature their own outdoor spa pool for ultimate relaxation. Enjoy direct lake access and an unbeatable front-row seat to the beauty of Lake Taupo, all within a central location.",bookings@roamtaupo.co.nz,https://www.roamtaupo.co.nz/,+64 7-222 3630,Specialty Lodging,"173 Lake Terrace, Hilltop, Taupo 3330, New Zealand, Taupo 3330 New Zealand",New Zealand,Taupo,3330,-38.702366,176.08644,0.0,,,4,29,,,,,,,,,,1,,,1,1,,,,1,#29 of 39 Speciality lodging in Taupo,29,39,1,5,,,,,,
1187048,Colonial City Motel,Great bit of old world charm in the heart of the city.,bookings@colonialcitymotel.com,http://colonialcitymotel.com/,+64 7-838 2479,Hotel,"23 Thackeray Street, Hamilton 3204 New Zealand",New Zealand,Hamilton,3204,-37.79314,175.28008,3.0,$,109.5,17,13,,,,,,,,,,1,,1,1,1,,,,1,#35 of 56 hotels in Hamilton,35,56,56,3.4,3.8,4.3,3.6,3.8,4,4.1
2153494,The Nunnery,"The Nunnery is a new guest accommodation alternative in Te Aroha. Te Aroha is becoming a popular tourist destination due mainly to its mineral spa pools, bush walks and mountain bike tracks. The Nunnery is within easy walking distance to the tourist attractions, shops, restaurants, hotels and clubs. It is a brick building built in 1977 to house The Sisters of Mercy. Present owners, local people Paul Herbert and Denise Andersen, bought it in 2008 and in November 2009 it was opened for guest accommodation. We have one semi-detached studio unit which is proving very popular. With Air-conditioning, en-suite, flat screen television, toast, tea & coffee making facilities, fridge/freezer. In the main accommodation wing we have 3 double and 2 single bedrooms. These bedrooms have wash basins and heat pumps and have access to a guest lounge, kitchenette and deck. Full Breakfast or Continental available on request. The Nunnery also has ample off street parking and boasts spacious grounds.",thenunnery@xtra.co.nz,http://www.thenunnery.co.nz/,+64 7-884 4436,Bed and Breakfast,"16 Burgess Street, Te Aroha 3320 New Zealand",New Zealand,Te Aroha,3320,-37.540276,175.71188,1.0,$,112.5,6,48,,,,,,,,,,1,,,1,1,,,1,1,#2 of 4 B&Bs / Inns in Te Aroha,2,4,43,4.7,5,4.9,4.8,4.9,4.8,4.8
2267283,Clifton Court Motel,"If you need accommodation in Tokoroa, we would love you to stay with us. All of the units at Clifton Court Motel have been completely renovated back to new, with new furnishings and large flat screen TV's, Apple TV & FREE Netflix. Both business and family travellers can expect to find an option to suit, with our spacious, ground floor, smoke free units at affordable prices. Choose from Standard or Family Rooms all with Queen Size beds, tea and coffee facilities & FREE Ultra Fast Wireless Internet (Wi-Fi). The recent addition of our executive units offer the most discerning traveller that extra night of luxury and comfort. The South Waikato region is rich with wonderful natural attractions, all within easy access from Tokoroa. Clifton Court Motel is conveniently located on State Highway 1, only a short walk from the town centre, restaurants, cinema and sporting facilities. We strive to make your stay an enjoyable one, and look forward to welcoming you soon...",enquiries@cliftoncourtmotel.co.nz,http://www.cliftoncourtmotel.co.nz,+64 7-886 4579,Bed and Breakfast,"111 Main Road, Tokoroa 3491 New Zealand",New Zealand,Tokoroa,3491,-38.221176,175.87587,0.0,$$,233.5,18,43,,,,,,1,,,,1,1,1,1,1,,,,1,#1 of 6 B&Bs / Inns in Tokoroa,1,6,108,4.5,4.9,4.4,4.4,4.5,4.5,4.1
19834504,Wairakei Thermal Valley Campground,,,,,Specialty Lodging,"Wairakei Thermal Valley, Taupo 3377 New Zealand",New Zealand,Taupo,3377,,,0.0,,,,17,,,,,,,,,,,,,,,,,,,#28 of 39 Speciality lodging in Taupo,28,39,8,3.4,1,3,2,2.5,4,2
292139,The Point Villas,"Set within a private gated estate overlooking Lake Taupō’s beautiful Mine Bay, The Point Villas offer an exclusive escape surrounded by native bush. Two architect-designed villas, Tatamoana (two bedrooms) and Ngahere (three bedrooms), combine luxury, space, and privacy with breathtaking views. Guests can relax in peaceful seclusion and enjoy access to double tennis courts, two private boat harbours, and scenic native bush walks. With Lake Taupō, the Ngātoroirangi Mine Bay Māori Rock Carvings, and the surrounding mountains just moments away, The Point Villas is the perfect base to experience the beauty and tranquillity of New Zealand’s central North Island.",info@thepointvillas.co.nz,http://www.thepointvillas.co.nz/,+64 274 774 323,Specialty Lodging,"24A & B Whakamoenga Point, Taupo 3351 New Zealand",New Zealand,Taupo,3351,-38.69454,176.07918,5.0,$$$$,2528,6,74,5,2404,2720,,,,,,1,1,,,,1,1,,,1,#14 of 39 Speciality lodging in Taupo,14,39,83,4.8,4.9,4.9,4.9,4.8,4.8,4.8
2526228,Whitestar Station Farm Holiday Park,"Discover the Northern Coromandel at Whitestar Station. Set on a historic 1,143-hectare working farm, we are Colville’s largest and most established accommodation provider, offering unmatched space and authentic NZ charm. The Ultimate Pahi Coastal Walk Basecamp: We are the closest major accommodation to the shuttle—located just 4 minutes (2.8km) from the departure point. Stay with us to enjoy a relaxed, stress-free morning before your trek. Our Diverse Stay Options: Whether you are a solo traveler, a couple, or a large group, we offer the most variety in the region: Self-contained cottages & family homes (ideal for hiking groups). Self-contained Coastal-View Cottage: Views of Hauraki Gulf Secluded off-grid eco bush cabins for a true nature retreat. Guests enjoy exclusive access to private trails, Pot Hole Falls, and the Sugar Loaf lookout. Relax among native forests and grazing Hereford cattle. Just 30 minutes north of Coromandel Town. Book your stay today.",wshoneynz@gmail.com,http://www.whitestarstation.co.nz,+64 21 770 382,Specialty Lodging,"2140 Colville Road, Coromandel 3584 New Zealand",New Zealand,Coromandel,3584,-36.648438,175.48195,3.0,$$,203,6,39,1,173,173,,,,,,,1,1,,1,1,,,,1,#18 of 26 Speciality lodging in Coromandel,18,26,6,5,5,5,5,5,5,5
5533463,Whitianga Motel,,info@whitiangamotel.co.nz,https://whitiangamotel.co.nz/,+64 7-866 5263,Bed and Breakfast,"7 Mill Road, Whitianga 3510 New Zealand",New Zealand,Whitianga,3510,-36.83288,175.70674,0.0,$,152,5,25,1,153,153,1,,,,,,1,1,,1,1,,,,1,#24 of 35 B&Bs / Inns in Whitianga,24,35,23,3.8,4.9,4.7,4.3,4.4,4.4,4.5
1767161,Aaron Court Motor Inn,"Aaron Court Motor Inn is an excellent choice for travelers visiting Hamilton, offering a family-friendly environment alongside many helpful amenities designed to enhance your stay.
Free wifi is offered to guests, and rooms at Aaron Court Motor Inn offer a refrigerator, a kitchenette, and a seating area.
During your stay, take advantage of some of the amenities offered, including room service, baggage storage, and a coffee shop. Guests of Aaron Court Motor Inn are also welcome to enjoy a pool and a lounge, located on site. For travelers arriving by car, free parking is available.
Given the close proximity of popular landmarks, such as Cathedral Church of St Peter (1.4 mi) and Cathedral of the Blessed Virgin Mary (2.0 mi), guests of Aaron Court Motor Inn can easily experience some of Hamilton's most well known attractions.
While in Hamilton be sure to experience local oyster favorites at Chim-choo-ree or Palate.
Looking to explore? Then look no further than Waikato Stadium (0.9 mi), Riff Raff Statue (1.2 mi), and Rally Drive NZ (1.1 mi), which are some popular Hamilton attractions – all conveniently located within walking distance of the small hotel.
Enjoy your stay in Hamilton!
",info@aaroncourt.co.nz,http://www.aaroncourt.co.nz/,+64 7-838 2599,Bed and Breakfast,"250 Ulster Street Whitiora, Hamilton 3200 New Zealand",New Zealand,Hamilton,3200,-37.77669,175.26886,3.0,$,147,39,3,2,145,155,,1,,,1,1,1,1,1,1,1,1,1,1,1,#8 of 25 B&Bs / Inns in Hamilton,8,25,62,3.4,4.1,3.9,3.3,4,3.5,3.9
6483290,Tapu Creek Campervan Park,"Tapu Creek is a lovely family holiday park set in 2.4 acres of sheltered parkland on the beautiful Coromandel River. We are located 22.5 km north of Thames on the picturesque Thames Coast. 20 powered sites, boat storage. Fresh water, toilet, shower and public dump station. Pizza oven, outdoor covered BBQ/kitchen area, picnic tables, and a beautiful river to swim in.",watsupwillis@gmail.com,,+64 7-868 4570,Specialty Lodging,"285 Tapu Coroglen Road, Tapu 3575 New Zealand",New Zealand,Tapu,3575,-36.98023,175.52936,0.0,$,19,20,20,,,,,,,,,1,1,,,,1,,,,,#2 of 4 Speciality lodging in Tapu,2,4,52,4.6,5,4.5,5,4.8,5,4.7
662689,Kuaotunu Bay Lodge,"Take in the view from the minute you step through the door, luxury boutique accommodation set in beautiful gardens. A choice of three relaxing rooms, all with private decks to take in the spectacular sea views. A separate studio accommodation boasts privacy with private entrance and sea views. Take a 25 minute walk to the heart of Kuaotunu village and enjoy local music, pizza, craft beer or a glass of wine.",info@kuaotunubay.co.nz,http://www.kuaotunubay.co.nz/,+64 27 322 4514,Bed and Breakfast,"State Highway 25 Kuaotunu / Wharekaho, Rd2, Whitianga 3592 New Zealand",New Zealand,Whitianga,3592,-36.727745,175.70886,3.0,,,4,76,,,,,,,1,1,,,,,1,1,,,,1,#11 of 35 B&Bs / Inns in Whitianga,11,35,100,4.9,4.9,4.9,4.8,4.9,4.9,4.8
2207450,Seabreeze Holiday Park,"Friendly hosts are onsite to welcome you. Tranquil and spacious accommodation on the Coromandel, midway between Whitianga and Tairua. Just 10 minutes to Hot Water Beach (free spades to dig your own pool), Cathedral Cove, Hahei. 5 Minutes from Coroglen. We are a sustainable, family friendly, 4 Star Campground.Seabreeze the ideal gateway from which to explore the Coromandel.Seabreeze Holiday Park offers a range of accommodation for all budgets. Self-contained chalets, backpackers lodge & motorhome/tent sites. Craft Brewery and Restaurant onsite. Small campshop, fish-cleaning facilities. Pets welcome by prior arrangement. Playground, Free Wi-Fi, volleyball & studio gym. Free bikes, BBQs, and spades..",info@seabreezeholidaypark.co.nz,http://www.seabreezeholidaypark.co.nz,+64 7-866 3050,Specialty Lodging,"1043 Tairua Whitianga Road Sh25, Whenuakite 3591 New Zealand",New Zealand,Whenuakite,3591,-36.915638,175.77887,0.0,$,154.5,15,34,1,150,150,,,,,,,1,1,,1,1,,,1,,#1 of 2 Speciality lodging in Whenuakite,1,2,162,3.7,3.8,4.2,3.4,3.8,3.8,3.9
5213180,Morrinsville Motel,"Located near central Morrinsville, our comfortable Studio, one bedroom and two bedroom units have WiFi and flat screen TVs local and are serviced daily. Private, off street parking Because we are down a right of way our units are private, with ample offstreet parking, (you can park right next to your unit.) We have a swimming pool. Restaurants, cafes and room service Cooked or continental breakfasts for an additional charge. Evening meals can be ordered if required (Please place your order by 3:30 PM) or there are local cafes and takeaways a short walk away. No pet please, thank you.",info@morrinsvillemotel.co.nz,http://www.morrinsvillemotel.co.nz/,+64 7-889 5037,Bed and Breakfast,"356 Thames Street, Morrinsville 3300 New Zealand",New Zealand,Morrinsville,3300,-37.65649,175.53223,3.0,$,158.5,17,8,,,,,,1,,,1,1,,,1,1,1,,1,1,#2 of 3 B&Bs / Inns in Morrinsville,2,3,22,4.4,4.8,4.5,4.6,4.4,4.3,4.8
2205730,Motel Te Kuiti,"If you need accommodation in Te Kuiti, we would love you to stay with us. All of the units at Motel Te Kuiti are well appointed and cozy, and include SKY TV. Both business and family travellers can expect to find an option to suit, with our spacious, ground floor, smoke free units at affordable prices. Choose from Standard or Family Rooms all with Queen Size beds, tea and coffee facilities & FREE Wireless Internet (Wi-Fi). The Waitomo region is rich with wonderful natural attractions, all within easy access from Te Kuiti. Motel Te Kuiti is conveniently located on State Highway 3, only a short walk from the town centre & a short drive from the world famous Waitomo Caves. We strive to make your stay an enjoyable one, and look forward to welcoming you soon...",moteltekuiti@xtra.co.nz,,+64 7-878 3448,Bed and Breakfast,"Cnr Carroll and King Streets State Highway 3, Te Kuiti New Zealand",New Zealand,Te Kuiti,,-38.33464,175.1633,0.0,$,163,12,24,1,165,165,,,1,,1,1,1,,,1,1,,,1,1,#1 of 2 B&Bs / Inns in Te Kuiti,1,2,67,4.4,4.6,4.2,4.4,4.5,4.4,4.4
1798428,Great Lake Holiday Park,"Great Lake Taupo Holiday Park is situated only 3 km's (5 minutes) from the town centre and is set in 5 acres of sheltered parklike grounds, surrounded by 3000 acres of farmland. Lake access and northern boat ramps are 1.5 km down the road. We offer a variety of quality affordable accommodation including 1, 2 & 3 bedroom self contained units, deluxe and standard cabins, large powered campervan and non powered tent sites. Park facilities include communal camp kitchen, toilets and showers, guest laundry, children's playground, trampolines, games room, free WiFi, free gas barbeques and tour and activity bookings.Come and enjoy the peace and tranquility of our Holiday Park along with lake views and warm, friendly hospitality.",info@greatlake.co.nz,http://greatlake.co.nz/,+64 7-378 5159,Specialty Lodging,"406 Acacia Bay Road, Taupo 3330 New Zealand",New Zealand,Taupo,3330,-38.69106,176.04591,0.0,$,78,19,41,,,,,,,,,1,1,1,1,,1,,,1,,#11 of 39 Speciality lodging in Taupo,11,39,232,4.3,4.5,4.1,4.1,4.4,4,4.2
1217457,RiverBed Motel,,riverbedmotel@gmail.com,http://www.riverbedmotel.co.nz/,+64 7-824 8360,Hotel,"13 Market Street, Ngaruawahia 3720 New Zealand",New Zealand,Ngaruawahia,3720,-37.66482,175.14993,0.0,,,10,8,,,,,,,,,1,1,,,1,1,,,,1,#1 of 2 hotels in Ngaruawahia,1,2,22,3.8,3.3,3.6,2.7,3.3,3.2,3.4
13331257,Riverside Accommodation,,,,,Specialty Lodging,"3 Moresby Street Karangahake, Karangahake 3674 New Zealand",New Zealand,Karangahake,3674,-37.42171,175.7208,0.0,$,122,,13,,,,,,,,,,,,,,1,,,,1,#1 of 1 Speciality lodging in Karangahake,1,1,22,4.8,5,4.7,5,4.8,5,4.7
34490677,"Te Awa Suites, Whitiora, Hamilton",,,,,Bed and Breakfast,"272 Ulster Street, Hamilton 3200 New Zealand",New Zealand,Hamilton,3200,-37.77646,175.26813,3.0,$$,194.5,,21,3,173,189,,,,,,,,,,,,,,,,#12 of 25 B&Bs / Inns in Hamilton,12,25,1,5,5,5,5,5,5,5
7171793,Long Bay Motor Camp,,,http://longbaymotorcamp.co.nz/,+64 7-866 8720,Specialty Lodging,"3200 Long Bay Road, Coromandel 3581 New Zealand",New Zealand,Coromandel,3581,-36.7474,175.47673,0.0,$,86,,49,2,71,85,,1,,,,,1,,,,1,,,,,#8 of 26 Speciality lodging in Coromandel,8,26,61,4.1,4.7,4.7,4.3,4.4,4,4.7
729956,Twin Peaks Lakeside Inn,"At Twin Peaks we offer affordable lakeside accommodation. Enjoy superb views across the lake to the mountains. We are perfectly located, adjacent to the snow fed waters of New Zealand's largest crater lake. A 5 minute stroll will take you to Taupo's shopping centre, cafes and restaurants or the activities of the boat harbour.For accommodation, we have 36 units consisting of studio, one bedroom, two bedroom and three bedroom units, all with 32” Flat screen TV in each unit. 100mb Free Wi-Fi on arrival. Very popular Bar and Restaurant on site. 10 minutes’ walk to town.1 3-bedroom and 1 2-bedroom apartment, 10 1-bedroom suites, 4 family units, 20 studio units. A choice of kitchen or kitchenette facilities in one bedroom units. Studio units with king size beds also have kitchen facilities and the other studio units, have only tea and coffee making facilities, toasters and most with microwaves.",twinpeaks@xtra.co.nz,http://www.twinpeakstaupo.co.nz/index.html,+64 7-378 8614,Bed and Breakfast,"76-80 Lake Terrace, Taupo 3330 New Zealand",New Zealand,Taupo,3330,-38.693707,176.07713,3.0,$,198.5,36,116,2,149,149,,,,,,,1,1,1,1,1,,,,1,#16 of 42 B&Bs / Inns in Taupo,16,42,265,3.6,4,4.5,3.5,4,4,3.4
1062778,Esplanade Apartments,"Esplanade Apartments are only a stone's throw away from the Whitianga town centre, beach and harbour. Guests have the choice of modern one, two or three bedroom apartments, with en suites, open plan living and access to resort style facilities including spa, swimming pool .",info@theesplanade.co.nz,,+64 7-869 5124,Specialty Lodging,"8 Esplanade, Whitianga 3510 New Zealand",New Zealand,Whitianga,3510,-36.83347,175.70695,4.0,$$,321,16,74,5,280,311,,,,,,,1,1,,1,1,1,,1,,#11 of 32 Speciality lodging in Whitianga,11,32,125,4.2,4.5,4.7,4.4,4.3,4,4
3650651,Opoutere Coastal Camping,"Remote and untouched... Just the way we like it! Welcome to Opoutere Coastal Camping, the Coromandel's last great secret. This relaxed coastal hideaway is a haven for exploring beautiful forest, beach and harbour - or just chilling out. Meander through ancient Pohutukawas to the summit, watch the sunrise or gaze at more stars than you have ever seen before and enjoy nature at its best with over 5km of unspoilt white sand, rolling surf and tranquil waters of the Wharekawa Harbour. All this in less than two hours from Auckland. We are a small, private campground with spacious powered or non-powered sites, and basic cabins available. Onukuhou Stream runs through the campground and the property borders the forest leading to Opoutere beach. We are in an isolated location, so keep this in mind when packing for your holiday! The facilities are very basic, but clean and well maintained. Our camping season runs from 18 Oct 2018 - 30 April 2019.",info@opouterebeach.co.nz,http://www.opouterebeach.co.nz,+64 7-865 9152,Specialty Lodging,"460 Ohui Road, Opoutere 3691 New Zealand",New Zealand,Opoutere,3691,-37.10153,175.87862,0.0,,,,80,,,,,,,,,,1,1,,,1,,,,,#1 of 1 Speciality lodging in Opoutere,1,1,99,4.6,4.3,4.9,4.5,4.6,4.4,4.7
2708254,Hamilton City Holiday Park,,,http://www.hamiltoncityholidaypark.co.nz,+64 7-855 8255,Specialty Lodging,"14 Ruakura Road, Hamilton 3216 New Zealand",New Zealand,Hamilton,3216,-37.780605,175.2996,4.0,,,70,7,1,99,99,,,,,,1,1,1,,,1,,,,,#4 of 23 Speciality lodging in Hamilton,4,23,27,3.5,4.1,4.6,3.9,4.1,4,3.5
4973275,North End Motel,"See why so many travelers make North End Motel their motel of choice when visiting Huntly. Providing an ideal mix of value, comfort and convenience, it offers an array of amenities designed for travelers like you.
While staying at North End Motel, visitors can check out Huntly PlaceMakers Speedway (1.5 mi), which is a popular Huntly attraction.
Rooms at North End Motel provide a refrigerator and a kitchenette, and guests can stay connected with wifi.
You can also enjoy a pool while staying at North End Motel.
During your visit, be sure to check out a popular Huntly Indian restaurants such as Curry Delight, which is a short distance from North End Motel.
At North End Motel, your comfort and satisfaction come first, and they look forward to welcoming you to Huntly.
",,http://www.northendmotel.co.nz,+64 7-828 8298,Hotel,"3768 Sh 1, Huntly 3771 New Zealand",New Zealand,Huntly,3771,-37.47237,175.15913,2.5,$,121,,4,1,120,120,,,,,,1,1,,1,1,1,1,,1,,#2 of 2 hotels in Huntly,2,2,16,4,4.8,3.5,3.5,4.1,4,3.9
662148,Park View Motor Lodge,"Park View Motor Lodge is located in a quiet area on the fringe of the Hamilton CBD. Our spacious units all feature a spa bath, king bed, free wifi, fully equipped kitchenette, air conditioning and 50 channels of Sky Television.. On site facilities include a heated indoor swimming pool, spa and sauna, BBQ and guest laundry. Breakfast service is available and dine in or out options are available from a variety of local providers. There is also a complimentary offsite gym, with squash and tennis court access for all guests to enjoy.",info@parkviewmotorlodge.co.nz,http://www.parkviewmotorlodge.co.nz/,+64 7-838 1010,Hotel,"450 Tristram Street, Hamilton 3200 New Zealand",New Zealand,Hamilton,3200,-37.780495,175.2693,3.5,$$,209,24,63,1,199,199,,,1,,1,,1,1,,1,1,1,,1,1,#6 of 56 hotels in Hamilton,6,56,242,4.6,4.7,4.3,4.6,4.6,4.4,4.5
1368083,Mountain View Motel,"Finding an ideal family-friendly motel in Taupo does not have to be difficult. Welcome to Mountain View Motel, a nice option for travelers like you.
You’ll enjoy relaxing rooms that offer a refrigerator and a kitchenette, and you can stay connected during your stay as Mountain View Motel offers guests paid internet access.
The motel features room service. Plus, Mountain View Motel offers a hot tub and barbeque facilities, providing a pleasant respite from your busy day. For guests with a vehicle, free parking is available.
Nearby landmarks such as Formula Challenge Racing (1.7 mi) and Aratiatia Rapids (1.8 mi) make Mountain View Motel a great place to stay when visiting Taupo.
If you’re looking for a cafe, consider a visit to Spoon and Paddle, Dixie Brown's, or Cafe Baku, which are all conveniently located a short distance from Mountain View Motel.
Looking to explore? Then look no further than Maori Rock Carvings (0.3 mi), which is a popular Taupo attraction – and it is conveniently located within walking distance of the motel.
Mountain View Motel puts the best of Taupo at your fingertips, making your stay both relaxing and enjoyable.
",info@mountain-view-motel.co.nz,http://www.mountainviewmotel.co.nz/,+64 7-378 9366,Hotel,"12 Fletcher Street, Taupo, Taupo 3330 New Zealand",New Zealand,Taupo,3330,-38.690247,176.07802,3.0,$,174,11,38,5,167,167,,,,,1,,1,,1,1,1,,1,,1,#41 of 60 hotels in Taupo,41,60,56,4,4.1,4.5,3.7,4.4,4,4
8667395,Villa Shakespeare,"On arrival you will be entranced by our stunning Victorian Villa with its wide verandas and spacious garden. Step through the door and be welcomed by the original features and comfortable furnishings. Convenient yet secluded, it is an easy 10 minute stroll into Cambridge centre with many restaurants, cafes and speciality shops. Our accommodation ranges from spacious ensuite rooms, a character garden cottage and for something slightly different a luxurious English caravan. The accommodation we provide is of very high quality with excellent friendly service. The main villa has full central heating and free WiFi is available in all areas. We are ideally located for many tourist attractions and day trips such as Hobbiton, Rotorua and Taupo, Waitomo caves, Coromandel and Tauranga and Mount Monganui. An ideal centre for touring, as it is right at the centre of the North Island. Why not stay for more than just one night?",enquiries@villashakespeare.co.nz,http://villashakespeare.nz,+64 7-827 5136,Bed and Breakfast,"74 Shakespeare Street, Cambridge 3432 New Zealand",New Zealand,Cambridge,3432,-37.901543,175.47768,3.5,$,154.5,5,39,,,,,,1,,,1,1,,,1,1,,,,1,#9 of 26 B&Bs / Inns in Cambridge,9,26,21,4.9,4.8,4.3,5,4.8,4.8,5
605667,Absolute Lake View Motel,"Absolute Lakeview Motel facilities are modern and always changing; as a family run business, we are always looking to keeping our facilities up to date and relevant for our visitors. We now supply continental breakfasts & cut lunches (sandwiches). Absolute Lakeview Motel is situated across from Lake Taupo’s stunning waterfront, a 1 hour drive to the Whakapapa ski fields and offers both comfort and easy access to one of New Zealand’s adventure capitals. The motel accommodation caters for the corporate business person, skiers & snow-boarders, sports-people, travellers, groups or families stays and is pet-friendly. We are a family run business that promises to give you that added attention to detail that makes all the difference.",stay@absolutelakeview.co.nz,http://www.absolutelakeviewmotel.co.nz/,+64 7-378 4440,Hotel,"58 Lake Terrace, Taupo 3330 New Zealand",New Zealand,Taupo,3330,-38.690834,176.07225,3.5,$$,178.5,22,62,,,,1,1,,,,,1,1,1,1,1,1,,1,1,#44 of 60 hotels in Taupo,44,60,76,3.8,3.9,4.9,3.7,4,3.8,3.5
663113,Te Aroha Holiday Park - Campground & Hot Pools,"Accommodation at Te Aroha Holiday Park is a unique traditional country camping experience in Waikato, New Zealand. Close to mountain/nature trails, Te Aroha Soda Hot Spring, and a short drive from Hobbiton, our location is the perfect base camp for your getaway. We offer Motels, Cottages, and Cabins, as well as Tent and campervan sites. WiFi is free across the park. Enjoy soaking in our mineral hot pool (open from 6pm to 9pm, daily), Summer Swimming Pool, Hydro Spa, BBQ facilities, communal kitchen, and adventure playground and more. Situated amongst oak trees, overlooked by mountains, we have a bed for every budget. Choose us if you like the quiet countryside, only a short 3 minutes drive from Te Aroha coffee-shops and restaurants and uninterrupted mountain views. Our wonderful staff have a wealth of knowledge, call or email us if you would like any further details about the park, or the area.",info@tearohaholidaypark.co.nz,http://www.tearohaholidaypark.co.nz,+64 7-884 9567,Specialty Lodging,"217 Stanley Road South R.d.1, Te Aroha 3391 New Zealand",New Zealand,Te Aroha,3391,-37.56632,175.72002,3.0,$,76.5,78,138,,,,,1,,,,1,1,1,,1,1,1,,,1,#2 of 3 Speciality lodging in Te Aroha,2,3,289,3.4,3.7,3.8,3.4,3.5,3.8,3.8
7625424,Raglan West Accommodation,"Raglan West Accommodation was renovated in 2014. The motel features five private units. Each unit contains one double bed and one single bed, a self-contained kitchenette, a private bathroom, sunny deck with outdoor table and chairs and private car park. Situated in Raglan West and only a short walk from town and the beach.",info@raglanwestaccommodation.com,http://www.raglanwestaccommodation.com,+64 7-282 0248,Bed and Breakfast,"45 Wainui Road, Raglan 3225 New Zealand",New Zealand,Raglan,3225,-37.80865,174.86037,0.0,$,163,5,14,2,149,160,,,,,,1,1,,,,1,,,1,1,#9 of 10 B&Bs / Inns in Raglan,9,10,12,3.3,5,5,3.3,3,3,3.8
6627220,Claudelands Motel,"Claudelands Motel – Central, Yet Peaceful Located directly opposite the Claudelands Event Centre - Global Arena, Claudelands Motel offers the perfect balance. Close to Hamilton CBD, yet set in a quieter, more relaxed area, with a wide selection of highly rated eateries and restaurants just a short stroll away. Under new management from April 2026, our rooms have been refreshed for your more comfortable stay. Each room comes with a kitchen, lounge, and private toilet and bathroom, along with Smart TV and free-to-air TV channels and professionally configured high-speed WiFi for reliable streaming and connectivity. Conveniently close to local attractions such as Made Market, BNZ Theatre, Hamilton Gardens, and FMG Stadium Waikato. Stay close to everything - without the noise.",claudelandsmotel@gmail.com,http://www.claudelandsmotel.co.nz,0116478552044,Hotel,"795 Heaphy Terrace Claudelands, Hamilton 3214 New Zealand",New Zealand,Hamilton,3214,-37.78054,175.28761,3.0,$$,176,9,22,3,136,158,,,,,,1,,,,1,1,,,,,#34 of 56 hotels in Hamilton,34,56,2,4.5,,,,,,
1209429,Bayside Holiday Units Whitianga,,booking@baysidewhitianga.com,http://baysidewhitianga.co.nz,+64 7-280 0547,Hotel,"122 Buffalo Beach Road, Whitianga 3510 New Zealand",New Zealand,Whitianga,3510,-36.811,175.69975,3.0,$,161.5,183,35,5,158,168,,,,,,,1,,,,1,,,,1,#12 of 13 hotels in Whitianga,12,13,12,4.7,5,4.8,5,5,5,4.8
5518935,Redwood Lodge Motel,"See why so many travelers make Redwood Lodge Motel their small hotel of choice when visiting Tokoroa. Providing an ideal mix of value, comfort and convenience, it offers an array of amenities designed for travelers like you.
Guest rooms offer amenities such as a kitchenette and a refrigerator, and guests can go online with free wifi offered by the small hotel.
The property also features a pool to make your visit even more pleasant.
If you’re looking for an Italian restaurant, consider a visit to Alberico's Italian Restaurant, which is not far from Redwood Lodge Motel.
At Redwood Lodge Motel, your comfort and satisfaction come first, and they look forward to welcoming you to Tokoroa.
",redwood.lodge@xtra.co.nz,,+64 7-886 8209,Bed and Breakfast,"4185 State Highway 1, Tokoroa 3491 New Zealand",New Zealand,Tokoroa,3491,-38.20104,175.8697,0.0,,,11,3,,,,,,,,,,1,,1,1,1,1,,,1,#5 of 6 B&Bs / Inns in Tokoroa,5,6,8,3.3,3.3,3.7,3,3.8,4,2.5
302057,Boundary Court Motor Inn,"Welcome to Boundary Court Motor Inn. Stay and relax in our spacious and cozy rooms, all with fully equipped kitchen, while you are here in Hamilton for your family holiday or business trip. Our great location takes you only 5 minutes easy walk to the award-winning Claudelands Event Centre for attending conference, exhibition, concerts or watching a musical. In addition, we are only 2 km from city centre and 5 km from Waikato Hospital. Our swimming Pool and fully equipped kitchen in each room provide you the holiday-style stay. You are going to have a lot of fun with your family and friends during your stay. The host and hostess have great passion in the hospitality industry. They make sure the guests have wonderful stay by providing exceptional service.",info@boundarycourt.co.nz,http://boundarycourt.co.nz/,+64 7-855 9082,Hotel,"36 Boundary Road Claudelands, Hamilton 3214 New Zealand",New Zealand,Hamilton,3214,-37.77522,175.28317,3.0,$,134.5,20,46,1,114,114,,1,1,,1,,1,1,,1,1,1,,,1,#18 of 56 hotels in Hamilton,18,56,109,3.9,4.5,4.5,3.8,4.3,4.3,4
12232933,Conach House,"Luxury B&B in the heart of Karapiro. Being located directly opposite Gate 2 of the Karapiro Domain, Don Rowlands Centre and the amazing Podium Cafe makes us the ideal base for any lake events you are attending. Our generous, well appointed rooms are set in beautiful grounds - perfect for relaxing in while exploring Cambridge and the greater Waikato. Our yummy continental breakfast with elements of homemade goodness is a great start to your day, which can then be finished with a soak in the spa. So whether it is for an event at the lake or just a break from reality, come, relax and enjoy.",conachhouse@gmail.com,http://www.conachhouse.co.nz,+64 21 449 664,Bed and Breakfast,"610 Maungatautari Road Opposite Karapiro Domain, Cambridge 3494 New Zealand",New Zealand,Cambridge,3494,-37.92952,175.53906,3.0,$$,243.5,2,12,,,,,,,1,,,1,,,1,1,,,,1,#17 of 26 B&Bs / Inns in Cambridge,17,26,9,4.8,4,4,2,3.5,4,2
3700342,Kawhia Motel,"Under New Management!! See why so many travelers make Kawhia Motel their small hotel of choice when visiting Kawhia. Providing an ideal mix of value, comfort and convenience, it offers an array of amenities designed for travelers like you. As your “home away from home,” the small hotel rooms offer a kitchenette and a refrigerator, and getting online is easy, with free wifi available. Guests have access to a sun terrace, baggage storage, and express check-in and check-out while staying at Kawhia Motel. In addition, Kawhia Motel offers barbeque facilities, which will help make your Kawhia trip additionally gratifying. And, as an added convenience, there is free parking available to guests. While you’re here, be sure to check out some of the seafood restaurants, including The Rusty Snapper and Kawhia Fish Shop, all of which are a short distance from Kawhia Motel. We’re sure you’ll enjoy your stay at Kawhia Motel as you experience all of the things Kawhia has to offer.",kawhiamotel@xtra.co.nz,http://www.kawhiamotel.co.nz,+64 27 385 2953,Bed and Breakfast,"31 Tainui Street, Kawhia 3843 New Zealand",New Zealand,Kawhia,3843,-38.06448,174.82198,3.0,,,9,41,,,,,1,,,1,1,1,,1,,1,,,,1,#3 of 3 B&Bs / Inns in Kawhia,3,3,34,2.7,2.9,4.5,2.3,3,3.5,2.8
1209443,Anchorage Motel,"Finding an ideal charming hotel in Whitianga does not have to be difficult. Welcome to Anchorage Motel, a nice option for travelers like you.
Rooms at Anchorage Motel offer a flat screen TV, a refrigerator, and a kitchenette providing exceptional comfort and convenience, and guests can go online with free wifi.
Barbeque facilities will also help to make your stay even more special. If you are driving to Anchorage Motel, free parking is available.
For those interested in checking out Stu's Wild Pig Farm (2.1 mi) while visiting Whitianga, Anchorage Motel is a short distance away.
While in Whitianga, you may want to check out some of the restaurants that are a short walk away from Anchorage Motel, including Salt Restaurant & Bar (0.3 mi), Poivre & Sel (0.1 mi), and Bayside Chinese Takeaways (0.2 mi).
Whitianga is also home to The Lost Spring, a popular hot spring that is not too far from Anchorage Motel.
Anchorage Motel puts the best of Whitianga at your fingertips, making your stay both relaxing and enjoyable.
",anchoragewhitianga@gmail.com,http://www.whitianga.co.nz/anchorage/,+64 7-866 5481,Hotel,"22-23 Esplanade, Whitianga 3510 New Zealand",New Zealand,Whitianga,3510,-36.83115,175.70683,0.0,$,147,8,10,3,148,148,,,,,1,1,1,,,1,1,,,,1,#11 of 13 hotels in Whitianga,11,13,51,4.2,4.5,4.9,4,4.6,4.6,4.3
1845501,Rainbow Motel,Welcome to Rainbow Motel & Hot Pools Conveniently located halfway between Auckland and Wellington on the southern shores of Lake Taupo in the Tokaanu geothermal zone.,bookings@rainbowmotel.co.nz,http://www.rainbowmotel.co.nz/,+64 7-386 8781,Hotel,"434 Tokaanu Road, Tokaanu, Turangi 3381 New Zealand",New Zealand,Tokaanu,3381,-38.95351,175.73875,3.0,$,156,7,12,,,,,,,,1,,1,,,1,1,,,,,#1 of 1 hotels in Tokaanu,1,1,47,4.1,4.5,4.6,4.2,4.3,3.9,4
10630912,Lavalla Estate,"See why so many travelers make Lavalla Estate their bed and breakfast of choice when visiting Tuakau. Providing an ideal mix of value, comfort and convenience, it offers a quaint setting with an array of amenities designed for travelers like you.
Guest rooms offer amenities such as a flat screen TV, a refrigerator, and air conditioning, and guests can go online with free internet access offered by the bed and breakfast.
The property also features a lounge to make your visit even more pleasant. Guests arriving by vehicle have access to free parking.
While you’re here, be sure to check out Gold Star Take Away, one of the Chinese restaurants that can be found in Tuakau, which is a short distance from Lavalla Estate.
Plus, during your trip, don't forget to check out a history museum, such as Tuakau Museum.
We’re sure you’ll enjoy your stay at Lavalla Estate as you experience all of the things Tuakau has to offer.
",therightperson@lavalla.co.nz,http://www.lavallaestate.co.nz/,+64 9-236 8947,Bed and Breakfast,"131 Dominion Road, Tuakau 2121 New Zealand",New Zealand,Tuakau,2121,-37.25348,174.96193,3.0,,,9,37,,,,,,1,,1,,,,,1,1,,,1,1,#1 of 1 B&Bs / Inns in Tuakau,1,1,36,4.7,4.7,4.4,4,4.6,5,4.8
1958684,Out in the Styx Guesthouse,"Our family have been living here and operating as a restaurant and guesthouse for over 20 years. We don't have a menu but our guests are always satisfied with the delicious meals we prepare and the gorgeous setting. We are very fortunate to look directly up at the the forested mountains within the Maungatautari Ecological Island, a 3500 hectare pest free scenic reserve. We operate a drop-off service for hikers walking the traverse and our van can take up to 8 cycles for drop off and pickups on the Waikato River Trail. We are between Rotorua and Waitomo and our rates include a four course dinner and a two course breakfast.",info@styx.co.nz,http://www.styx.co.nz/,+64 800 461 559,Bed and Breakfast,"2117 Arapuni Road Waikato, Pukeatua 3880 New Zealand",New Zealand,Pukeatua,3880,-38.063892,175.55963,0.0,$$,212,13,50,,,,,,1,,,1,,1,,1,1,,,1,,#1 of 1 B&Bs / Inns in Pukeatua,1,1,148,4.9,4.9,4.9,4.5,4.9,4.7,4.8
8147231,Oamaru Bay Tourist Park,"Oamaru Bay Tourist Park offers a selection of accommodation choices from beachfront chalets to sea-view cabins, tent sites and motorhome parking making your choice of Coromandel accommodation optimal. All cabins are self-contained units with parking.",enquiries@oamarubaytouristpark.co.nz,http://oamarubaytouristpark.co.nz/,+64 7-866 7588,Specialty Lodging,"440 Colville Road, Coromandel 3584 New Zealand",New Zealand,Coromandel,3584,-36.732067,175.46953,0.0,$,157,10,16,,,,,,,,,1,1,,,,1,,,,1,#20 of 26 Speciality lodging in Coromandel,20,26,14,3.9,3.5,5,3.7,1.3,3,3.5
6564622,Palm Motel Waihi,"WELCOME to Palm Motel Waihi. Just 500 meters from the Hauraki rail Trail and a stones throw from the center of town, is the very best accommodation in Waihi. The Palm Motel is a very popular choice for business and corporate clients, individuals, families and sports groups, who enjoy our comfortable and well equipped units. 50+ SKY TV in all units. Take advantage of our swimming pool and we’re the ONLY Motel in Waihi with a Spa Pool (all year round) bring your swimwear and towel – great for unwinding after a day out. We provide Bike Storage, whether you are looking for adventure sport, cycling, family activities, Edutainment or a romantic getaway, Waihi is the perfect destination. The Martha Hill Mine, Goldfields Vintage Railway, various scenic walks in the Karangahake Gorge, wineries, and more. With Waihi Beach only 10 minutes away, we’re central to surrounding areas such as Whangamata, Coromandel, Tauranga KatiKati and Paeroa.",info@palmmotelwaihi.co.nz,http://www.palmmotelwaihi.co.nz/,+64 7-863 8461,Bed and Breakfast,"Sh 2 123 Parry Palm Avenue, Waihi 3610 New Zealand",New Zealand,Waihi,3610,-37.397625,175.82796,3.0,$,157.5,11,41,6,161,173,,1,,,1,,,1,,1,1,,,,1,#3 of 8 B&Bs / Inns in Waihi,3,8,64,4.2,4.6,4.2,4.2,4.5,4.2,4.1
8797786,Serenity on Wakeman,"You are in for a real treat when you arrive at Serenity on Wakeman in Acacia Bay, Lake Taupo, New Zealand. It’s a captivating lakeside hideaway with a stunning 180-degree vista view. Soak in a luxurious bath and then sink into a blissful sleep. Imagine waking to a beautiful sunrise the first day after.",robyndowney8@gmail.com,http://www.tauposerenity.co.nz,+64 274 546 518,Bed and Breakfast,"57 Wakeman Road, Taupo 3330 New Zealand",New Zealand,Taupo,3330,-38.706783,176.0271,4.0,$$,255.5,2,148,,,,,,,1,,1,,,,1,1,,,,1,#5 of 42 B&Bs / Inns in Taupo,5,42,144,5,5,5,4.9,5,5,4.9
9797540,The Homestead B&b,"Enjoy luxury relaxation in your own private accommodation at The Homestead B&B in the heart of the Waikato. Our suites and cottage, nestled in our beautiful gardens, are in keeping with the character and charm of the main villa. Every modern comfort can be found in the two luxurious queen suites and separate cottage, which sleeps a larger group. A generous Continental Breakfast is available for free, served in your suite to enjoy at your leisure.",cambridgehomestead@gmail.com,https://www.cambridgehomestead.com/,+64 21 377 835,Specialty Lodging,"333 Tirau Road, Cambridge 3496 New Zealand",New Zealand,Cambridge,3496,-37.90042,175.5148,0.0,$$,200,3,18,3,203,230,,,,1,,1,,,,,1,,,,,#6 of 15 Speciality lodging in Cambridge,6,15,7,4.1,4.5,3,3.5,4.3,3.5,5
594501,Chantilly's Lake Taupo,"Chantillys is one of Taupo's NEWEST LUXURY Accommodation and Conference Establishments. A 32 unit CITY located complex boasting all the modern fittings expected of a fine Motel. The units are all very SPACIOUS, Beautifully tiled EN-SUITE bathrooms, Kitchenettes with microwaves, New Widescreen TVs, ""50 SKY TV CHANNELS"",DVD Players, Private courtyards with out door furniture. Some with KING SPA Baths and views over the Lake and Mountains from your private Balcony. Just a 3 or 4 minute stroll to Supermarkets, Shops, Cafes and Restaurants, and only a 2-3 minute drive to to the Lake and many of Taupos Activities and Attractions. Free Parking. Free Wireless Broadband Internet.",info@chantillys.co.nz,http://www.chantillys.co.nz/,+64 7-376 5720,Hotel,"112 Tamamutu Street, Taupo 3330 New Zealand",New Zealand,Taupo,3330,-38.68671,176.07695,3.0,$$,212.5,32,40,1,165,165,,1,,,,,1,1,1,1,1,1,,1,1,#31 of 60 hotels in Taupo,31,60,246,4.4,4.7,4.6,4.5,4.7,4.4,4.5
15232405,Lake Karapiro Mighty River Domain,"Lake Karapiro accommodation- Whether you’re here to enjoy the peace and tranquility of the idyllic location or you're seeking some world class sporting action, Mighty River Domain, Lake Karāpiro is the perfect place to stay. Everything from tents, camper vans and comfortable cabin style accommodation is catered for. Our well maintained grounds have all the facilities you need to make your stay as relaxing as possible.",info@lakekarapiro.co.nz,http://www.lakekarapiro.co.nz,+64 7-827 4178,Specialty Lodging,"601 Maungatautari Road, Cambridge 3494 New Zealand",New Zealand,Cambridge,3494,-37.92855,175.53935,2.0,,,,20,,,,,,,,,,1,1,,1,1,,,1,,#7 of 15 Speciality lodging in Cambridge,7,15,5,4,,5,,4,,5
590013,Coastal Motor Lodge,"Coastal Motor Lodge is a four star Motel located at the gateway of the magnificent Coromandel Peninsula. Accommodation is set amongst beautiful lush grounds directly opposite the Hauraki Gulf and provides a range of quality accommodation including elevated sea view studio chalets, family room, access rooms and budget style cottages.",info@coastalmotorlodge.co.nz,http://www.coastalmotorlodge.co.nz,+64 7-868 6843,Specialty Lodging,"608 Tararu Rd PO Box 226, Thames SH 25 New Zealand",New Zealand,Thames,,-37.117527,175.5259,4.0,$$,165.5,15,123,,,,,1,,,1,,,1,1,1,1,,,,1,#2 of 12 Speciality lodging in Thames,2,12,196,4.2,4.5,4.3,4.2,4.3,4.3,4
12933701,Rotota Sun Club,,,http://rotota.gonatural.co.nz,+64 7-333 7105,Specialty Lodging,Taupo 3351 New Zealand,New Zealand,Taupo,3351,,,0.0,,,,0,,,,,,,,,,,,,,,,,,,#37 of 39 Speciality lodging in Taupo,37,39,1,1,5,5,1,1,5,5
3937031,Tapu Motor Camp,,,,+64 7-868 4837,Specialty Lodging,"723 Main Highway, RD5 Thames Coast, Tapu New Zealand",New Zealand,Tapu,,-36.98371,175.5015,0.0,,,,28,,,,,,,,,,1,,,,1,,,,,#3 of 4 Speciality lodging in Tapu,3,4,30,3.5,2.3,4.1,2.7,2.8,3.3,2.8
1210116,Jacaranda Lodge,"Gerard and Judy welcome you to their warm, spacious home surrounded by farmland and gardens. Located 3km south of Coromandel Town, Jacaranda Lodge provides the perfect escape. Relax in one of the guest lounges, stroll around the delightful gardens, experience Coromandel's walks, galleries, unique attractions and spectacular coastline. Delicious home-made continental breakfasts include fresh organic produce from Jacaranda's orchard. Large, comfortable bedrooms. Wireless internet connection. Special dietary needs catered for. Sleep, eat,enjoy.",info@jacarandalodge.co.nz,http://www.jacarandalodge.co.nz/,+64 21 753 011,Bed and Breakfast,"3195 Tiki Road, Coromandel 3581 New Zealand",New Zealand,Coromandel,3581,-36.784374,175.51164,2.0,,,7,88,,,,,,,1,,1,,,,1,1,,,,1,#1 of 15 B&Bs / Inns in Coromandel,1,15,242,4.9,5,4.7,4.8,4.9,4.8,4.8
2090666,Somersal Bed & Breakfast / Wedding Venue,"Somersal is an idyllic Bed and Breakfast Accommodation / Wedding Venue perched on the banks of the Waipa River in Pirongia, only 30 minutes north of the famous Waitomo caves and only 10 minutes drive from Te Awamutu in the central Waikato. Stay in farm style comfort under a sky rich with stars, then wake to an especially prepared breakfast and the song of native birds in the garden.",info@somersal.co.nz,http://somersal.co.nz/Links.html,+64 7-871 9199,Bed and Breakfast,"1724 McClure Street, Pirongia 3876 New Zealand",New Zealand,Pirongia,3876,-38.00243,175.20277,4.0,$$,172.5,4,90,5,161,190,,1,,1,,,,,1,1,1,1,,1,1,#2 of 5 B&Bs / Inns in Pirongia,2,5,39,4.8,4.9,4.6,4.7,4.9,4.9,4.8
2079990,Camellia Court Motel,"Looking for a place to stay in Taupo? Then look no further than Camellia Court Motel, a family-friendly motel that brings the best of Taupo to your doorstep.
Camellia Court Motel offers guests an array of room amenities including a refrigerator and a kitchenette, and getting online is possible, as free wifi is available.
The motel offers newspaper, to make your visit even more pleasant. The property also features barbeque facilities. Guests arriving by vehicle have access to free parking.
For those interested in checking out popular landmarks while visiting Taupo, Camellia Court Motel is located a short distance from Formula Challenge Racing (1.3 mi) and Aratiatia Rapids (1.4 mi).
While in Taupo, you may want to check out some of the restaurants that are a short walk away from Camellia Court Motel, including Master of India (0.8 mi), Spoon and Paddle (0.6 mi), and The Brantry (0.6 mi).
If you’re looking for things to do, you can check out Spa Thermal Park and Riverbank Recreational and Scenic Reserve (1.0 mi) or Maori Rock Carvings (0.8 mi), which are popular attractions amongst tourists, and they are all within walking distance.
We’re sure you’ll enjoy your stay at Camellia Court Motel as you experience everything Taupo has to offer.
",stay@familymotel.co.nz,http://www.camelliacourttaupo.co.nz,+64 800 228 2876,Hotel,"50 Tonga Street, Taupo New Zealand",New Zealand,Taupo,,-38.68375,176.08452,3.0,$,145,36,40,3,154,154,,,,,,,1,1,,1,1,,,,1,#56 of 60 hotels in Taupo,56,60,169,3,2.9,3.1,2.7,3.4,3.2,3.4
17500003,Lakeview Lodge Karapiro,"Lakeview Lodge is nestled on a 40 hectare farm above the shores of Lake Karapiro with outstanding views of the tranquil rural countryside. Situated in the heart of the Waikato between Cambridge and Tirau the lodge is centrally located for visiting Hobbiton, the Waitomo Caves and Rotorua. Lakeview Lodge is an ideal venue for family holidays, boutique tour groups, corporate retreats, small conferences and to celebrate life’s special occasions with family & friends. Connect with us on Facebook, Instagram and Linkedin. Stay with us in luxury surroundings, discover a unique rural experience and fall in love with our stunning views of the beautiful New Zealand countryside.",stay@lakeviewlodge.co.nz,https://www.lakeviewlodge.co.nz/,+64 7-827 9273,Specialty Lodging,"2400 Maungatautari Road Cambridge, Karapiro 3494 New Zealand",New Zealand,Karapiro,3494,-37.947464,175.65283,5.0,$$$$,581,11,30,,,,,,,1,,1,1,,,,1,,,1,1,#2 of 2 Speciality lodging in Karapiro,2,2,6,3.8,,1,,1,,1
6684816,Paeroa Motel,"Conveniently situated on the Park in the middle of town, 200 metres from the Rail Trail we are the ideal stopover for traveller, corporate and family. We pride ourselves on exceptional customer service, cleanliness and comfort. Free fast wi-fi, parking outside the door and 3 mins walk to shops, cafes and evening eateries we are perfectly placed to meet all your needs. Our units all have separate ensuite and bathroom facilities, with tea and coffee, toaster, microwave, toasted sandwich maker in a kitchenette. We have a lock up for bikes and a separate guest laundry and we are literally the park and ride for the famous Rail Trail.",bookme@paeroamotel.co.nz,http://www.paeroamotel.co.nz,+64 7-280 2510,Bed and Breakfast,"2 Puke Road, Paeroa 3600 New Zealand",New Zealand,Paeroa,3600,-37.375328,175.66615,3.0,$,135,10,16,1,133,133,,1,1,,1,1,1,1,1,1,1,,,,1,#5 of 5 B&Bs / Inns in Paeroa,5,5,16,4,3.7,5,4,4.3,3.4,4
1887111,Rapaura Water Gardens,"Ideally situated as a base from which to explore the Coromandel, we offer comfortable self-catering accommodation in a boutique lodge or garden cottage. While the estate is open to the public during the hours of 9-5, in the evening it becomes your private playground. Take a bush walk, swim at the waterfalls, barbeque and experience nature at its best. No TV, just peace and the sound of running water",info@rapaura.com,http://www.rapaura.com,+64 7-868 4821,Specialty Lodging,"586 Tapu-Coroglen Road, Tapu 3575 New Zealand",New Zealand,Tapu,3575,-36.99306,175.55313,0.0,$$,365.5,2,74,,,,,1,,1,,1,,,,1,1,,,,,#1 of 4 Speciality lodging in Tapu,1,4,72,4.7,4.9,4.8,4.8,4.8,4.9,4.6
2416225,Palm Court Motel,"See why so many travelers make Palm Court Motel their small hotel of choice when visiting Otorohanga. Providing an ideal mix of value, comfort and convenience, it offers a family-friendly setting with an array of amenities designed for travelers like you.
Rooms at Palm Court Motel provide a refrigerator, a kitchenette, and a sofa, and guests can stay connected with free wifi.
Need a place to park? Free parking is available at Palm Court Motel.
Otorohanga has plenty of cafes. So when you’re here, be sure to check out popular spots like Ō Café, Lavish Bar & Restaurant, and Origin Coffee Espresso Bar and Roastery, which are serving up some great dishes.
At Palm Court Motel, your comfort and satisfaction come first, and they look forward to welcoming you to Otorohanga.
",palmcourt@xtra.co.nz,http://www.palm-court.co.nz/,+64 7-873 7122,Hotel,"Cnr Clark & Maniapoto Sts - SH3, Otorohanga New Zealand",New Zealand,Otorohanga,,-38.18577,175.21149,3.5,$,157,12,24,,,,,,,,,,1,,1,1,1,,,1,1,#1 of 2 hotels in Otorohanga,1,2,82,4.1,4.3,3.5,4,4.4,3.9,3.9
2227670,Leamington Spa Motel,"Looking for a place to stay in Cambridge? Then look no further than Leamington Spa Motel, a family-friendly small hotel that brings the best of Cambridge to your doorstep.
Leamington Spa Motel is a family-friendly small hotel offering a refrigerator, a kitchenette, and a seating area in the rooms, and it is easy to stay connected during your stay as free wifi is offered to guests.
The small hotel features outdoor furniture. Plus, guests can enjoy a pool and breakfast, which have made this a popular choice among travelers visiting Cambridge. For guests with a vehicle, free parking is available.
While in Cambridge be sure to experience local crab favorites at Onyx.
If you are interested in exploring Cambridge, check out an art gallery, such as The Garden Art Studio.
We’re sure you’ll enjoy your stay at Leamington Spa Motel as you experience everything Cambridge has to offer.
",leamingtonmotel@gmail.com,http://www.leamingtonmotel.co.nz/,+64 7-827 4057,Bed and Breakfast,"90 Shakespeare Street, Cambridge 3432 New Zealand",New Zealand,Cambridge,3432,-37.903557,175.47705,3.0,,,10,39,,,,,,1,,1,1,1,1,,1,1,1,,1,1,#5 of 26 B&Bs / Inns in Cambridge,5,26,112,4.2,4.4,4.2,3.8,4.4,4.3,3.8
16733599,Waimahana Lakeside Apartments,,,http://waimahana.co.nz/,+64 7-376 7163,Specialty Lodging,"2 Lowell Place Waipahihi, Taupo 3330 New Zealand",New Zealand,Taupo,3330,-38.70512,176.08742,4.0,,,,8,,,,,,,,,1,,,1,,,,,,,#22 of 39 Speciality lodging in Taupo,22,39,8,4.1,5,,4,4,4,4
1210098,Blue Water Motel,"The Blue Water Motel is one of the closest motels to Hot Water Beach and Cathedral Cove. Clean, comfortable and affordable motel accommodation in the seaside town of Tairua. A perfect base for exploring the beautiful Coromandel Peninsula. We have a range of self contained units, a hot indoor spa pool, free WiFi, BBQ, kayaks and fishing rods. Located opposite harbour beach and a flat 2 minute walk to shops and restaurants.",bluewatermotel@yahoo.co.nz,http://www.bluewatermotel.co.nz/,+64 7-864 8537,Hotel,"213 Main Road, Tairua 3508 New Zealand",New Zealand,Tairua,3508,-37.004787,175.84784,3.0,$,150,9,47,,,,,1,1,,,,1,1,,1,1,,,,1,#2 of 4 hotels in Tairua,2,4,216,4.7,4.8,4.8,4.5,4.8,4.5,4.5
28106714,Haka House Taupo,,taupo@hakahouse.com,https://hakahouse.com/taupo/,+64 7-985 5125,Specialty Lodging,"56 Kaimanawa Street, Taupo 3330, New Zealand, Taupo New Zealand",New Zealand,Taupo,,-38.687057,176.0782,0.0,,,,8,,,,,,,,,,,,,,,,,,,#39 of 39 Speciality lodging in Taupo,39,39,6,1.7,3.3,3.8,1.8,2.5,2.3,2.3
257772,The Pillars Retreat,"This unique purpose-built Mediterranean styled two-storied country manor is a 10-minute drive from central Taupo, the perfect spot to stop, relax and discover the central north island. Panoramic mature gardens and surrounding mountains greet you as you enter our front gates. A warm Kiwi welcome awaits from your resident hosts John and Nancy. Our four self-contained, spacious, luxuriously appointed upstairs ensuite bedrooms all with spectacular rural views, refrigerators, tea & coffee making facilities, TV with USB, underfloor heating, Free Wi-Fi and serviced daily. A free shuttle to restaurants is provided, or guests can bring readymade food provisions and eat at home. You could just have a day relaxing around the saltwater pool reading a book from our library collection. Children over 13 years are welcome.",info@pillars.co.nz,http://www.pillarstaupo.co.nz,+64 27 767 3470,Bed and Breakfast,"7 Deborah Rise Bonshaw Park, Taupo 3379 New Zealand",New Zealand,Taupo,3379,-38.719448,176.15683,4.0,$$$,299.5,5,208,,,,,1,,1,1,,,,,1,1,1,,,1,#7 of 42 B&Bs / Inns in Taupo,7,42,316,4.9,5,4.7,4.9,5,4.9,4.9
792758,Cotswold Cottage,"Cotswold Cottage is a historic 1920 villa just one hour from Auckland airport. Gorgeous views of the river, mountains, valley and the sea in the distance. Complimentary afternoon tea on arrival. Continental and cooked breakfast. Free wifi. Spa pool and guest BBQ. Guest rooms all have private access opening on to a sunny terrace. Toiletries, hair drier, bath towels, TV, electric blankets, heater, tea and coffee making facilities in each room. Well situated for a quick trip from Auckland airport, and driving around the Coromandel Peninsula - close to Bay of Plenty and Rotorua,s well asHamilton and the West Coast beaches, and Hobbiton.",booking@cotswoldcottage.co.nz,http://www.cotswoldcottage.co.nz/,+64 274 595 870,Bed and Breakfast,"46 Maramarahi Road Totara, Thames 3578 New Zealand",New Zealand,Thames,3578,-37.161957,175.55934,4.0,$,148,3,105,,,,,1,1,1,,,,,,1,1,,,,1,#2 of 12 B&Bs / Inns in Thames,2,12,227,4.9,4.9,4.8,4.8,4.9,4.8,4.8
6673845,Raglan Holiday Park Papahua,"Situated on a peninsula in the Raglan Harbour, Raglan Holiday Park is almost entirely surrounded by water. Vehicle access is by a lone road bridge making our Raglan accommodation a private hideaway. Just 2 minutes walk to the beach – this is peace and tranquility at its best. Raglan Holiday Park offers tent sites, powered campervan or caravan sites, backpacker type accommodation, cabins, self contained and motel units. So look no further for your ideal Raglan accommodation. Bring your family, your ‘other’ half, your motor home, your tent……whatever it is, bring your smile",stay@raglanholidaypark.co.nz,http://www.raglanholidaypark.co.nz/,+64 7-825 8283,Specialty Lodging,"61 Marine Parade, Raglan 3225 New Zealand",New Zealand,Raglan,3225,-37.800064,174.86687,2.0,,,26,45,,,,,,,,,,1,1,1,,1,,,1,,#4 of 12 Speciality lodging in Raglan,4,12,157,4,3.8,4.4,4.1,4.1,4.1,4.1
1384290,Andrea's Bed & Breakfast,"With two modern comfortable units in a quiet cul-de-sac just 2 minutes walk from Buffalo Beach and a short drive or easy walk to restaurants, bars, cafes and shops, Andreas Bed and Breakfast is the perfect accommodation for a relaxing and enjoyable stay on the Coromandel Peninsula. Whitianga is a hub for exploring the wonders of the Coromandel Peninsula's east coast; Mercury Bay, world famous Hot Water Beach and Cathedral Cove, Hahei, Cooks Beach, Kuaotunu, Matarangi or the beautiful unspoiled wonder of New Chum Beach. The breathtaking coastline, beautiful beaches and many other attractions and activities Mercury Bay has to offer will make your visit an enjoyable and forever memorable experience.Our prices include a choice of a delicious cooked or continental breakfast delivered to your room at your choice of time.",welcome@andreasbnb.co.nz,https://www.andreasbnb.co.nz,+64 7-866 0568,Bed and Breakfast,"244 Cook Drive, Whitianga 3510 New Zealand",New Zealand,Whitianga,3510,-36.82096,175.6982,4.0,$,149,2,91,,,,,,,,,,,,,1,1,,,,1,#3 of 35 B&Bs / Inns in Whitianga,3,35,299,4.9,5,4.7,4.8,4.9,4.8,4.8
2526082,Arena Court Motel,"NEW affordable quality accommodation centrally located by the Waikato Stadium, the Hamilton city centre and with easy access for travel to Hobbiton, Waitomo, Auckland and central north Island. Double glaze windows for quiet peaceful rest, air conditioning heat pumps for comfort. King beds for space and relaxation. We welcome you to come and check out the Arena Court Motor Lodge for yourself. FREE Ultra Fast Fibre Internet, Guest Select 50+ Sky channels",stay@arenacourt.co.nz,http://www.arenacourt.co.nz/book-motel-accommodation-hamilton,+64 7-834 3900,Hotel,"21 Willoughby Street, Hamilton 3200 New Zealand",New Zealand,Hamilton,3200,-37.78028,175.2708,4.0,$$$,378.5,20,56,,,,,,,,,,1,,1,1,1,,,1,1,#11 of 56 hotels in Hamilton,11,56,228,4.7,5,4.7,4.8,4.8,4.7,4.6
11910420,Casa Aquila Boutique Bed & Breakfast,"Casa Aquila is a luxury Boutique B&B situated in Whitianga.We have two beautiful suites with everything you need,extreme comfort,lounges and courtyard gardens.Right on the waterways, with views of the beautiful canal and surrounding hills.Casa Aquila is close to all the amenities,delicious restaurants,cafes,boutique shopping,adventure tourism and incredible beaches.We are your home away from home 
          
          
          
          
          
          
          
          ",,http://www.casa-aquila.co.nz,+64 7-866 4468,Bed and Breakfast,"31 Aquila Drive, Whitianga 3510 New Zealand",New Zealand,Whitianga,3510,-36.834858,175.69067,4.5,$$$,365,2,70,,,,,,,1,,,,,,1,1,,,,1,#9 of 35 B&Bs / Inns in Whitianga,9,35,67,5,4.7,4.9,5,4.9,5,4.7
255925,Bay Court Lakefront Motel,"See why so many travelers make Bay Court Lakefront Motel their motel of choice when visiting Taupo. Providing an ideal mix of value, comfort and convenience, it offers a family-friendly setting with an array of amenities designed for travelers like you.
While staying at Bay Court Lakefront Motel, visitors can check out Formula Challenge Racing (1.7 mi) and Wairakei Geothermal Power Station Visitor Center (1.8 mi), some of Taupo's top attractions.
Bay Court Lakefront Motel offers guests an array of room amenities including a flat screen TV, a refrigerator, and a kitchenette, and getting online is possible, as free wifi is available.
The motel offers baggage storage, to make your visit even more pleasant. The property also features barbeque facilities. Guests arriving by vehicle have access to free parking.
When you’re feeling hungry, be sure to check out The Lazy Trout Fish Shack and Cafe, Shaynes Fresh Fish & Chip, and KY Fast Food Takeaway, which are some seafood restaurants that are popular with locals and out-of-towners alike.
During your visit, be sure to check out popular attractions like Maori Rock Carvings (0.2 mi) and Waipahihi Botanical Gardens (1.2 mi), which are all within walking distance of the motel.
At Bay Court Lakefront Motel, your comfort and satisfaction come first, and they look forward to welcoming you to Taupo.
",stay@baycourttaupo.co.nz,http://www.baycourttaupo.co.nz/,+64 7-377 2420,Hotel,"104 Lake Terrace, Taupo 3330 New Zealand",New Zealand,Taupo,3330,-38.695576,176.07986,3.5,$$,190,12,94,6,119,214,,1,,,,,1,,1,1,1,,,1,1,#38 of 60 hotels in Taupo,38,60,174,4,4.3,4.6,4.1,4.2,4.3,4.1
552638,Mussel Bed Boutique Holiday Accommodation,"Chris & Paul welcome you to the ""Mussel Bed"" - nestled amidst native bush, tropical gardens & streams & yet, so close to beautiful Cooks Beach. A perfect base to explore Cathedral Cove & Hot Water Beach which is only a 10 mins drive. Our self-contained cottage has 2 bedrooms and sleeps up to 5 people. Our guest wing has 3 luxurious suites, tiled en suites & french doors opening onto private decks with all those special touches our guests love! We bring breakfast to you on a tray to enjoy in our lovely garden. Kayak the stream from our jetty and enjoy the natural bird habitat, exploring caves and walking on gorgeous Lonely Bay! We look forward to making your stay a special one.",welcome@musselbed.co.nz,http://www.musselbed.co.nz/,+64 274 884 885,Bed and Breakfast,"892 Purangi Road, Whitianga 3591 New Zealand",New Zealand,Whitianga,3591,-36.837578,175.73647,3.0,$,153,4,59,,,,,,,,,,,,,1,1,,,,,#8 of 35 B&Bs / Inns in Whitianga,8,35,161,4.8,4.9,4.5,4.6,4.8,4.7,4.5
1726889,B&B @ Number Ten,"Finding an ideal romantic bed and breakfast in Taupo does not have to be difficult. Welcome to B&B @ Number Ten, a nice option for travelers like you.
Nearby landmarks such as Maori Rock Carvings (1.5 mi) and Formula Challenge Racing (1.6 mi) make B&B @ Number Ten a great place to stay when visiting Taupo.
Guest rooms offer amenities such as air conditioning and a refrigerator, and guests can go online with free wifi offered by the bed and breakfast.
B&B @ Number Ten features a sun terrace, to help make your stay more enjoyable. If you are driving to B&B @ Number Ten, free parking is available.
While staying in Taupo, you can check out a popular barbeque restaurant like SMK Southern Meat Kitchen, which is serving up some great dishes.
If you are interested in exploring Taupo, check out one of the parks, such as Huka Prawn Park, Lilliput Farm Fun And Animal Park, and Tongariro Domain.
B&B @ Number Ten looks forward to welcoming you on your visit to Taupo.
",stay@bnbnumberten.co.nz,,+64 7-378 6823,Bed and Breakfast,"10 Coprosma Crescent Botanical Heights, Taupo 3330 New Zealand",New Zealand,Taupo,3330,-38.70637,176.10008,5.0,$$,172,2,32,,,,,,,,1,,,,,1,1,,,,1,#8 of 42 B&Bs / Inns in Taupo,8,42,114,5,5,4.7,5,5,5,5
1572738,Within The Bays,"Within the Bays is a luxury B&B where we welcome you our home: advice on local restaurants, best beaches, great art galleries, etc. While enjoying a glass of wine, beer or something else. Breakfast of your choice every morning. Children are very welcome and we have a lot of toys for them to play with. No pets except guide dogs. We speak English and Nederlands, ein wenig Deutch et un petit peux de Francais.",info@withinthebays.co.nz,,+64 7-866 2848,Bed and Breakfast,"49 Tarapatiki Drive, Whitianga 3510 New Zealand",New Zealand,Whitianga,3510,-36.79393,175.69339,0.0,,,2,30,,,,,,,1,,,,,,1,1,,,1,,#6 of 35 B&Bs / Inns in Whitianga,6,35,118,4.9,5,4.8,4.8,5,4.9,4.7
1116649,Hahei Horizon Bed & Breakfast,"Welcome to Hahei Horizon Bed and Breakfast! Our home is nestled amongst native trees on the hill, overlooking the beautiful beach at Hahei. We invite you to come and spend a night or two with us and share what this wonderful place has to offer. All of our three rooms enjoy their own private decks, the stunning views of the village, the ocean and islands beyond. Guests enjoy breakfast on the deck in the mornings and after a busy day of adventure you can now relax and enjoy the views in our open air spa. Hahei is on the Coromandel Peninsula on the east coast of North Island, New Zealand. It’s a stunning piece of coastline that provides a mecca for New Zealand holiday makers and overseas visitors alike. The outlook is superb and there are countless things to do and see whether you are budding adventurers or just want to relax and unwind. Hahei is the gateway to world renowned Cathedral Cove. 5 minutes drive sees you at Hot Water Beach and close by the many other beautiful Mercury Bay attractions. The rest of the Peninsula lays in wait not much further a field. See you soon!",welcome@haheihorizon.co.nz,http://www.haheihorizon.co.nz/,+64 7-866 3281,Bed and Breakfast,"20 Grierson Close, Hahei 3591 New Zealand",New Zealand,Hahei,3591,-36.8411,175.79959,3.0,$$,306,3,68,,,,,1,,,,,,,,1,1,,,,1,#2 of 5 B&Bs / Inns in Hahei,2,5,169,4.9,5,4.9,4.8,5,4.9,4.8
1948624,Mangrove Manor,"We are a Purpose Built Bed & Breakfast, situated on a coast block of 1.5 acres , just 500 metres to Coromandel Mussel Kitchen Restaurant, or a 2-3 minute drive into Town where there is a great variety of Seafood Restaurants, Hotels, Cafe's. We have 2 Rooms upstairs, both ensuited & one that looks out to Coromandel Harbour, and the other that looks over the beautiful Mountain Ranges. We have a ""Well Being"" Treatment Room Downstairs that is available for Guests, Treatments include Facials, Shiatsu Pressure Point Massage, Reflexology. Breakfast is a Full Cooked as well as Home Baked Bread, Cereals, Fruit, Home Made Greek Yoghurt & Jams.",grayannepeter@gmail.com,http://www.mangrovemanor.co.nz/,+64 7-866 7633,Bed and Breakfast,"2710 Tiki Road P.O. Box 170, Coromandel 3581 New Zealand",New Zealand,Coromandel,3581,-36.780792,175.51022,0.0,$$,199.5,3,61,,,,,1,1,1,1,,,,,1,1,,,,1,#3 of 15 B&Bs / Inns in Coromandel,3,15,141,4.9,4.9,4.6,4.6,4.9,4.7,4.7
1390038,Driving Creek Villas,"Set in beautiful, private bush surrounds, our spacious, fully self-contained boutique villas offer the perfect accommodation to unwind - beside the meandering Coromandel stream where gold was first discovered in New Zealand over 150 years ago. Purpose-built to a high standard, Driving Creek Villas combine colourful pacific themes with modern styling, providing a Coromandel luxury accommodation experience.",info@drivingcreekvillas.com,http://www.drivingcreekvillas.com,+64 7-866 7755,Specialty Lodging,"21A Colville Road, Coromandel 3506 New Zealand",New Zealand,Coromandel,3506,-36.740726,175.50026,5.0,$$,329.5,3,86,,,,,,,,,,1,1,1,1,1,,,1,1,#5 of 26 Speciality lodging in Coromandel,5,26,160,5,5,4.9,4.8,4.8,4.8,4.6
3594838,Oasis Motel & Holiday Park Turangi,"We have a range of options too suit all budgets, from our premium self contained studio units with all the modern features to self contained motel units ,cabins , powered motorhome sites and tent sites. We have a cafe onsite that is also open to the general public . We also have mineral pools 3 x 1600 litre private pools and an 18000 public pool ,temperatures are keep between 38 ° C and 41 ° C. These pools have many theraputic benefits , Japanese refer too them as Onsen we encourage our guests to research Balneotherpy before they arrive so they can get the most out off our magical water as possible. New carpet and paint , curtains , potted lemongrass are all among the many changes we have made since July. In the Lastest changes the entire motel has been painted, room 8 has been completely renovated with california King . These activities are all available for $5 per hour for our guests, so the fun is unlimited. We are 5 minutes from lake Taupo, 45 from Mount Ruapehu, Rotopounamu.",oasismotelstokaanu@xtra.co.nz,http://www.oasismotel.co.nz,+64 7-386 8569,Bed and Breakfast,"426 State Highway 41 Tokaanu, Turangi 3353 New Zealand",New Zealand,Turangi,3353,-38.97171,175.77054,4.0,$,135,21,78,,,,,1,1,,,1,1,1,,1,1,1,,1,1,#8 of 8 B&Bs / Inns in Turangi,8,8,86,2.6,3,3.7,3,3.1,3.4,3
1051421,Lake Point Motel,"Lake Point Motel is an excellent choice for travelers visiting Hamilton, offering a family-friendly environment alongside many helpful amenities designed to enhance your stay.
Rooms at Lake Point Motel offer a refrigerator and a kitchenette providing exceptional comfort and convenience, and guests can go online with free wifi.
A concierge, baggage storage, and newspaper are some of the conveniences offered at this motel. If you are driving to Lake Point Motel, free parking is available.
While staying at Lake Point Motel, visitors can check out Cathedral Church of St Peter (0.5 mi) and Rally Drive NZ (0.9 mi), some of Hamilton's top attractions.
Travelers looking to enjoy some ribs can head to Madam Woo, Chim-choo-ree, or Crudo. Otherwise, you may want to check out an Italian restaurant such as Portofino, Adriana's Restaurant, or Caffe Centrale.
During your visit, be sure to check out popular attractions like Hamilton Lake Domain (0.5 mi), Parana Park (0.7 mi), and Waikato Stadium (0.3 mi), which are all within walking distance of the motel.
Enjoy your stay in Hamilton!
",info@lakepointmotel.co.nz,http://www.lakepointmotel.co.nz,+64 7-839 5553,Hotel,"42 Thackeray Street, Hamilton 3204 New Zealand",New Zealand,Hamilton,3204,-37.793316,175.27815,3.0,$,126.5,20,44,5,111,122,,1,,,,,1,,,1,1,,1,1,1,#37 of 56 hotels in Hamilton,37,56,108,3.5,4.3,4.4,3.7,4.1,3.9,4
23259832,Victoria Apartments,,,,,Bed and Breakfast,"1167 Victoria Street Whitiora, Hamilton 3200 New Zealand",New Zealand,Hamilton,3200,-37.776245,175.27289,3.0,$,148,,23,5,119,152,,,,,,,1,,,,,,,,,#25 of 25 B&Bs / Inns in Hamilton,25,25,11,1.3,1.3,2.4,1,1,1,1.3
8857299,Grosvenor House B&B,"We offer boutique accommodation in a new house. All rooms have either a queen or a king size bed. They all have en suites, a TV, tea and coffee making facilities. Cooked or continental breakfast is included in the price. We are located a short walking distance from town.",info@grosvenorhouse.co.nz,http://www.grosvenorhouse.co.nz,+64 7-827 7206,Bed and Breakfast,"20 Grosvenor Street, Cambridge 3434 New Zealand",New Zealand,Cambridge,3434,-37.885246,175.46938,4.0,$$,248.5,3,13,,,,,,,1,,1,,,,1,1,,,,1,#2 of 26 B&Bs / Inns in Cambridge,2,26,101,4.9,5,4.9,4.9,5,5,4.9
2338451,Muffins Bed & Breakfast,"Fully self-contained, with bubbling hot spa pool, Muffin's is a private & cosy retreat, just 3 minutes drive from the vibrant Cambridge Town centre and the Waikato Expressway/State Highway one. This family friendly 'home away from home' has two rooms which can be adapted to best suit the requirements of up to 5 guests. The lounge/dining area looks out onto a private, sunny patio with hot spa pool. You will also find a well resourced kitchenette, spacious en-suite, complimentary WIFI and serve yourself continental style breakfast ingredients . Smoking outside only please. Bob & Chris look forward to welcoming you!",muffinsbandb@gmail.com,http://www.muffinsbnb.co.nz/,+64 7-823 3271,Bed and Breakfast,"109 Kingsley Street Leamington, Cambridge 3432 New Zealand",New Zealand,Cambridge,3432,-37.90007,175.48766,0.0,$,163,1,20,,,,,,,1,,,1,,,1,1,,,,1,#8 of 26 B&Bs / Inns in Cambridge,8,26,39,4.9,4.9,4.5,4.7,4.9,4.8,4.9
1181298,Shailers Bed & Breakfast,"The Shailer homestead is a 90 minutes drive south of Auckland International Airport. It is situated on State Highway 39 which connects directly to highway 1 at the south end on Ngaruawahia and is en-route to the Waitomo Glow Worm Caves. Hamilton City is just a 12 minute drive from Shailers which is internationally renowned for its themed gardens and many restaurants. Your hosts Charlie & Dianna Shailer offer a luxurious home-stay and tours of their four hundred cow dairy farm which is now managed by their son. The distinctive and beautiful Pirongia Mountain is the backdrop to their picturesque 128 hectare (318 acres) property. Mount Pirongia offers a variety of tracks for all levels of fitness. The quaint seaside village of Raglan on the west coast offers surfers the challenge of a left-hand surf break and is only 40 minutes drive from Shailers. Shailers is also 10 minutes drive to Vilagrad Winery, 15 minutes to the Mystery Creek event centre, 60 minutes to Hobbiton and less than 90 minutes to the thermal capital of the world, Rotorua.",shailer@gmail.com,,+64 21 960 104,Bed and Breakfast,"1447 Kakaramea Road, Hamilton 3290 New Zealand",New Zealand,Hamilton,3290,-37.877224,175.19205,0.0,$$,255,3,65,,,,,1,,1,,,,1,,1,1,,,1,1,#1 of 25 B&Bs / Inns in Hamilton,1,25,131,5,5,4.9,4.9,5,4.9,5
549969,Quality Suites Huka Falls,"Huka Falls Resort offers a peaceful, private and relaxed environment situated just minutes from New Zealand's largest lake, the world renowned Huka Falls, and the thriving township of Taupo. Nestled amongst 7 hectares of landscaped gardens and a vineyard sit our spacious stand alone villas. With three styles of accommodation consisting of 14 stand alone two bedroom villas, 10 one bedrooms & 10 studios (which are linked by an interconnecting door). This is a unique venue for everyone with 2 tennis courts, an outdoor swimming pool (summer months) and petanque. Café Pinot is the perfect private function venue available for groups of 20 up to 160 people. Be amazed with our beautiful outlook over the Pinot Noir Vineyard, the historic Fletcher's Church, the Taupo Township and out to Mt Tauhara. Taupo's best kept secret! An established location within the Huka Falls Resort complex, offers unique surrounds making us the most sought after venue for weddings and functions! From 20 to 160 people, Café Pinot has adapted our facility to offer a number of options to you, from the private cellar room (for up to 30 people) to a marquee on the deck (up to 160 people). The perfect setting for your wedding, with a historic church, stunning landscaped gardens & a variety of reception venues. We offer 6 conference rooms catering from 2-120 guests, a full range of technical, presentation equipment and conference support. Our reception hours are from 7:00 to 21:00 daily. If you plan to arrive at the Resort outside of these hours, please contact our friendly reception team. 2015 NZ Wedding Industry Awards Winner - Outstanding Wedding Reception Venue Finalist - Outstanding Ceremony Venue 2014 NZ Wedding Industry Awards Finalist - Outstanding Ceremony Venue Finalist - Outstanding Reception Venue",info@qualitysuiteshukafalls.com,http://qualitysuiteshukafalls.co.nz/,+64 7-376 0260,Hotel,"56 Huka Falls Road, Taupo 3351 New Zealand",New Zealand,Taupo,3351,-38.66817,176.0761,3.0,$,158.5,38,86,2,159,159,,,1,,,,1,,,1,1,1,,,1,#49 of 60 hotels in Taupo,49,60,145,3.3,3.7,3.7,3,3.5,4.1,3
8735305,Port Jackson Campsite,,,http://www.doc.govt.nz/portjacksoncampsite?region=Coromandel&activity=Campsite&activitypageid=50582#findplaces,+64 7-866 6932,Specialty Lodging,"11 Fletcher Bay Road, Coromandel 3584 New Zealand",New Zealand,Coromandel,3584,-36.48442,175.34166,0.0,,,,19,,,,,,,,,,,,,,1,,,,,#11 of 26 Speciality lodging in Coromandel,11,26,26,4.5,4.3,5,5,4.2,5,4.8
607948,Kamahi Cottage,"Kamahi Cottage is a 5-Star self-contained B&B and farm stay cottage. It's just 30 minutes from the world-famous Waitomo glowworm caves, Black Water Rafting and ""Lost World"" adventures. The cottage is a private and peaceful romantic retreat in a lovely country garden with stunning views of the valley below. There is an upstairs queen bedroom, a large downstairs bathroom, a fully equipped kitchenette, a lounge and a dining area. A comfortable queen sofa-sleeper sleeps 2 extra guests downstairs. (Max. 4 guests, children are very welcome). Rates include full gourmet breakfasts (continental style + your choice of seven cooked dishes). Privately catered 2 & 3-course dinners are available by prior arrangement (extra charges apply). Travel times: Auckland International Airport - 2.5 hours, Otorohanga (the nearest town) 15 minutes, Waitomo (30 minutes) Hobbiton Movie Set - 1.25 hours, Hamilton city & gardens - 1 hour, Rotorua - 2 hours, Taupo - 2 hours.",enquiries@kamahi.co.nz,https://www.kamahi.co.nz/,+64 210 551 818,Bed and Breakfast,"229 Barber Rd Otewa, Otorohanga 3975 New Zealand",New Zealand,Otorohanga,3975,-38.2497,175.31963,5.0,$$$$,586,1,278,,,,,1,,1,1,,1,,,1,1,,1,,1,#1 of 4 B&Bs / Inns in Otorohanga,1,4,269,5,5,4.9,4.9,5,4.8,4.9
2012117,Turtlecove Accommodation,"If you are planning to visit Mercury Bay and require an affordable and comfortable place to stay, in a great location, then Turtle Cove could be just the place for you. Hotel quality mattresses and all bed linen supplied. A variety of sleeping arrangements from shared dorms, doubles, twins, double en-suite, and dorm en-suites. Free light self serve breakfast available in kitchen from 7am to 10am. Situated in Bryce Street between the Supermarket and main road. Walking distance to shops, cafes, and beaches. 30min by vehicle to Hot Water Beach and Cathedral Cove. Tours available.",welcome@turtlecove.co.nz,http://www.turtlecove.co.nz,+64 7-867 1517,Specialty Lodging,"14 Bryce Street, Whitianga 3510 New Zealand",New Zealand,Whitianga,3510,-36.836563,175.70183,3.0,$,93,10,68,,,,,1,,1,,,,1,,1,1,,,,,#7 of 32 Speciality lodging in Whitianga,7,32,130,4.4,4.6,4.3,4.4,4.4,4.5,4.5
601869,Hillside Hotel,"Escape the city to fresh air and tranquility. Hillside Hotel is a country retreat and eco-lodge, a Qualmark four star boutique hotel with an enviro-gold rating. Nestled amongst native forest on top of the Taupiri Ranges, Hillside offers panoramic views of iconic New Zealand landscape scenery; every room has a view. On the main tourist route south of Auckland; 1 hour drive from Auckland Airport and just 4 km off the highway makes Hillside Hotel an ideal first stop or last stop in New Zealand; lovely stop point on the way to Hobbiton or Waitomo. Situated on Hillside Station - a large working farm with 300 acres of private native rain forest reserve with easy walking trails right from the hotel grounds. Beautiful photography opportunities from anywhere in the hotel. Free Wi-fi and parking; on-site licensed restaurant (reservations essentia - may close early if no bookings) and cafes nearby. Rooms are very spacious and open direct to the outside. Rooms are connected by covered walkways and stairs sheltered by native bush.",info@hillsidehotel.co.nz,,+64 21 891 869,Hotel,"Hillside Station, Taupiri 3771 New Zealand",New Zealand,Taupiri,3771,-37.594948,175.17865,4.0,$$$$,454.5,25,63,,,,,,,,,,,,,1,1,,1,,1,#1 of 1 hotels in Taupiri,1,1,100,4.3,4.6,4.7,4.4,4.5,4.5,4.4
8710126,5 Acres Bed & Breakfast,"5 Acres Bed & Breakfast is the dream lifestyle of Jacinta and Mike. Having built their home with you in mind as their guests, they warmly invite you to join them. Offering the full comforts of home, take your pick of the 3 luxurious bedrooms with TV private bathrooms and their own private decks. Whether you're looking for a base from which to explore the surrounding area, or a quiet weekend to unwind.",info@5acres.co.nz,http://www.5acres.co.nz,+64 27 272 8098,Bed and Breakfast,"15 Matarawa Road, Kinleith 3491 New Zealand",New Zealand,Kinleith,3491,-38.277004,175.90468,0.0,$$,171.5,3,26,,,,,1,1,1,,,,1,,,1,,,1,1,#1 of 1 B&Bs / Inns in Kinleith,1,1,13,5,5,5,5,5,5,5
1210127,Papa Aroha Holiday Park,"A pohutukawa shaded beachfront camp with spectacular sunsets, superb sea and island views, that specialise in family holidays, boating and fishing. Camp store, petrol, bait, tackle, ice, 2 boatramps, tractor, fish cleaning, boatwash. Close to bush reserves/walks. Island Taxi (weather and availability permitting). Kitchen cabins, standard cabins, flat power and tent sites. Tariff: $30 - $62 (2 persons)",fish@papaaroha.co.nz,http://www.papaaroha.co.nz/,+64 7-866 8818,Hotel,"1091 Colville Road, Coromandel 3584 New Zealand",New Zealand,Coromandel,3584,-36.68895,175.43193,0.0,$,61,16,49,,,,,,,,,1,1,1,,,,,,,,#8 of 10 hotels in Coromandel,8,10,39,4.4,4.3,4.8,4.3,4.7,4.9,4.5
1728675,The Racecourse Motel,"See why so many travelers make The Racecourse Motel their small hotel of choice when visiting Paeroa. Providing an ideal mix of value, comfort and convenience, it offers a family-friendly setting with an array of amenities designed for travelers like you.
The Racecourse Motel is a family-friendly small hotel offering a flat screen TV, a refrigerator, and a minibar in the rooms, and it is easy to stay connected during your stay as free wifi is offered to guests.
Plus, guests can enjoy barbeque facilities, which has made this a popular choice among travelers visiting Paeroa. For guests with a vehicle, free parking is available.
If you’re looking for a cafe, consider a visit to Courtyard Cafe or L&P Cafe & Bar, which are all conveniently located a short distance from The Racecourse Motel.
If you are interested in exploring Paeroa, check out a , such as Lemon & Paeroa Bottle.
At The Racecourse Motel, your comfort and satisfaction come first, and they look forward to welcoming you to Paeroa.
",racecoursemotel@xtra.co.nz,,+64 7-862 7145,Bed and Breakfast,"68 Thames Road, Paeroa 3600 New Zealand",New Zealand,Paeroa,3600,-37.36985,175.68011,3.0,$,141.5,8,12,,,,,,,,,1,1,,1,1,1,,,1,1,#2 of 5 B&Bs / Inns in Paeroa,2,5,42,4.2,4.5,4.3,3.9,4.6,4.3,4.4
3877954,Hilltop Views,"Hilltop Views has 2 self-contained luxury villas with kitchen facilities. All our superb locations have decks with stunning views of Waikato farmland and bush. Visit our peaceful glade and there are 3 acres of mature native bush with easy tracks to enjoy or unwind in the outdoor spa. Local Attractions: Maungatautari bush and bird sanctuary is nearby and we are 10 minutes from Lake Karapiro. Hobbitton - our guests love to visit there so include this in your stay. Our central location means that you are 20 minutes to Cambridge, Tirau and Matamata, just 35 minutes to Hamilton Airport and Mystery Creek, and 60 minutes to Rotorua and Waitomo.",hello@hilltopviews.nz,http://www.hilltopviews.nz,+64 7-827 2090,Specialty Lodging,"269 Roberts Road, Cambridge 3494 New Zealand",New Zealand,Cambridge,3494,-38.01034,175.62692,0.0,,,2,23,,,,,,1,,,1,1,,,1,1,,,,1,#5 of 15 Speciality lodging in Cambridge,5,15,13,5,5,5,5,5,5,5
1236476,Rewa House B&B,"A warm welcome awaits you in our quiet and peaceful setting here at Rewa House. Our charming boutique style B&B is nestled in 2¼ acres of native bush at the top of Rewa Valley in Tairua, on the Coromandel Peninsula, NZ.We are approximately 5 minute drive to Tairua Village, where there are great restaurants. We are very happy to do a drop off and pick up service as required.We offer 2 luxury guest rooms,each with their own ensuite in a private, secluded and tranquil setting. We offer a high standard of service to ensure our guests will enjoy their stay with us .",info@rewahouse.co.nz,http://www.rewahouse.co.nz/index.html,+64 7-864 8551,Bed and Breakfast,"50 Rewa Rewa Valley, Tairua New Zealand",New Zealand,Tairua,,-37.01406,175.84207,3.0,,,2,46,,,,,,,1,,,,,,1,1,,,,1,#2 of 8 B&Bs / Inns in Tairua,2,8,126,5,5,4.9,5,5,5,4.9
645331,Mana-Nui Motel,"Mana-Nui Motel is Centrally located in Whitianga comprising 12 ground floor units offering a clean and comfortable stay. 5 family and 7 spacious studio units. Swimming pool, covered spa pool, Large LED LCD Flat Screen Televisions, 5 channel Sky TV, Free starter WiFi available. All units have some form of cooking facilities, kitchens / kitchenettes. Most standard motel items / facilities available. Family environment, closest motel to shopping centre. Short flat walk to beach, cafes, restaurants, shops, wharf, marina, museum and bowling green. Ample parking. Phone or visit our web site for the best and cheapest guaranteed rates. Owner operators Mervyn and Joanne Trebes extend their hospitality and welcome your patronage.",mananui@xtra.co.nz,http://www.mananui.co.nz/index.htm,+64 7-866 5599,Hotel,"20 Albert Street PO Box 35, Whitianga 3542 New Zealand",New Zealand,Whitianga,3542,-36.832596,175.70523,0.0,$$,171.5,12,48,3,175,175,1,1,1,,1,,1,1,,1,1,1,,1,1,#8 of 13 hotels in Whitianga,8,13,104,4.4,4.8,4.8,4.4,4.7,4.6,4.3
1370283,Coromandel Tui Lodge,"Tui Lodge is located on the outskirts of Coromandel Town. We have a large orchard area which is used for camping and friendly sheep in our front paddock that love to be hand fed. There are lots of outdoor garden areas to enjoy/ BBQ's for your convenience and free laundry. We have bikes for guests to use around town. Fruit in season for guests to eat. Fish cleaning area and plenty of parking for cars and boats. Rooms range from dorms, caravan, queen rooms to ensuite rooms and all look out onto our gardens/orchard. Two large well equiped kitchens and a communal lounge room and outdoor/indoor gazebo area. Wifi is available for our guests. There are many walkways in the area and many other interesting activities to do around Coromandel Town including Driving Creek Railway and The Waterworks. Come and relax at Tui Lodge while you travel out beautiful country.",coromandeltuilodge@gmail.com,http://www.coromandeltuilodge.co.nz/,+64 7-866 8237,Specialty Lodging,"60-B Whangapoua Road, Coromandel 3506 New Zealand",New Zealand,Coromandel,3506,-36.76171,175.50684,0.0,$,84,12,30,3,88,88,,,,,,1,1,1,,1,1,,,1,,#7 of 26 Speciality lodging in Coromandel,7,26,90,4.3,4.5,4.3,4,4.4,4.3,4.4
2423531,Raglan Farmstay,"Raglan Farmhouse offers unique accommodation in the relaxed environment of Te Whare Farm, within walking distance of Raglan township, directly in front of the 50km sign as you arrive. Amazing harbour views await you, where the massive out door living area gives you a picture perfect view of the sun setting across the estuary and behind Mt Karioi. Te Whare Farm is a tolerent and creative place, where we invite people from all walks of life to share and enjoy this piece of paradise with us, Sexism Racism or Homophobia will not be tolerated here ! There is space to retreat in our sheltered garden of old fruit trees or socialize with other guests in our family style living areas, where you can cook up a feed on the BBQ followed by a soak in the 8 person hot tub, all while watching the sun set. Raglan Farmstay is also available to be rented entirely for groups and private functions. Te Whare Farm is not really suitable for young children.Unless you have rented the entire location for the exclusive use of your group. However the Flax Cove Cottage is suitable for children if parents agree to full supervision and responsibility. None of our other rooms up at the main Farmhouse are suitable for young children.",hello@raglanfarmstay.com,http://www.raglanfarmstay.com,+64 7-825 8747,Specialty Lodging,"Te Whare Farm 39 Main Road, Raglan 3225 New Zealand",New Zealand,Raglan,3225,-37.80484,174.8807,0.0,$,81,5,25,,,,,,,,,,,,,1,1,,,,1,#8 of 12 Speciality lodging in Raglan,8,12,53,4.4,4.5,4.5,4.2,4.2,4.4,4.2
639003,Flaxhaven Lodge,"Flaxhaven Lodge is uniquely situated alongside picturesque Flaxmill Bay, near Cathedral Cove Marine Reserve and Hot Water Beach, yet central to countryside and town. 4 white safe sandy beaches and a great restaurant are within a few minutes walk. At Flaxhaven Lodge there is a glimpse of the sea, but essentially this is a garden setting, spacious quiet and peaceful yet with bars/restaurants a short walk, drive or quaint ferry ride away.",welcome@flaxhavenlodge.co.nz,http://www.flaxhavenlodge.co.nz/,+64 21 979 705,Bed and Breakfast,"995 Purangi Road Flaxmill Bay, Whitianga 3591 New Zealand",New Zealand,Whitianga,3591,-36.83344,175.72766,5.0,$$,220,1,44,,,,,,,,,1,1,1,,1,1,,,,1,#19 of 35 B&Bs / Inns in Whitianga,19,35,57,4.9,5,4.8,4.9,5,5,4.7
1203327,On the Beach Backpackers Lodge,"YHA Whitianga, On the Beach Backpackers is a friendly beachfront hostel with huge bay windows with stunning views over Mercury Bay, on the Coromandel Peninsula, a holiday spot loved by New Zealanders. Close to Hot Water Beach and Cathedral Cove. YHA Whitianga has accommodation to suit everyone from singles, couples and families. Free wifi and Kayaks available.",corobkpk@wave.co.nz,http://onthebeachbackpackers.co.nz,+64 7-866 5380,Specialty Lodging,"46 Buffalo Beach Road, Whitianga 3510 New Zealand",New Zealand,Whitianga,3510,-36.82341,175.70058,4.0,,,1,83,,,,,1,,,,,1,1,1,1,1,,,,1,#9 of 32 Speciality lodging in Whitianga,9,32,174,4.1,4.2,4.3,3.9,4.3,4,4.3
2177065,Blackwood House,"Blackwood House,accepts Visa and Mastercard (online and in-house) Blackwood House is an 'American Arts and Crafts' home set on 30 acres of sprawling rolling Waikato farmland.Walk about the property with its large established trees and fine pastures, New Zealand's Waikato is famous for.Enjoy the gardens and lawns about the home while staying with Margaret and Allan.Total privacy can be for you to relax.Enjoy Margaret's food both on arrival and with your choice of breakfasts daily. Dinners can be requested, but incur additional costs.With the close proximity to Cambridge and Hamilton, Blackwood House is very central, for visiting the fine horse studs, the Hobbiton film set .Sanctuary Mountain at Maungatautari,Hamilton Gardens, Raglan's surf beach ,the fabulous Waitomo Caves. We always suggest visiting Mount Maunganui for N.Z.'s best beach & mount walks.If you seek tranquillity, great hospitality, then seriously consider Margaret and Allan's options, we will endeavour to make your visit both enjoyable and memorable always..",allan@blackwoodhouse.co.nz,http://www.blackwoodhouse.co.nz,+64 7-827 8282,Bed and Breakfast,"557a Pencarrow Road R.d.3, Hamilton 3283 New Zealand",New Zealand,Hamilton,3283,-37.856544,175.37581,3.0,$$,272.5,3,78,,,,,,,1,,1,,,,1,1,,1,1,1,#3 of 25 B&Bs / Inns in Hamilton,3,25,85,5,5,4.9,4.9,5,5,4.9
600234,Baywater Lakeview Motel,"Fully Refurbished October 2013,We have the most picture perfect location in Taupo, situated on Lake Terrace and facing out to the Lake and mountains, Baywater Lakeview Motel has the luxury of being close to town, shops and cafes while still being just far enough away for you to wind down on the balcony, soak up the view and truly enjoy the surroundings and scenery before you.",relax@baywatertaupo.co.nz,http://www.baywatertaupo.co.nz/,+64 7-378 7920,Hotel,"126 Lake Terrace, Taupo 3330 New Zealand",New Zealand,Taupo,3330,-38.697186,176.0822,3.0,$$,182.5,12,22,,,,,,,,,,,,1,1,1,1,,,1,#35 of 60 hotels in Taupo,35,60,213,4.2,4.3,4.6,4.2,4.2,4.2,4.1
3869830,Amberfields Bed & Breakfast,"Amberfields B&B is a deluxe Farm Stay in a spacious and modern home, peacefully set 400 metres away from the road. Two luxurious suites are available, plus one single. Your complimentary continental and cooked breakfast is prepared using our own free range eggs, home baked bread and organic produce whenever possible. If you want an experience a bit different from 'the norm' give us a call or email. We are less than 2 hours south of Auckland en route to Waitomo Caves (the Caves are just 40 minutes away). Very private and peacefully situated in the heart of the Waikato dairy farming district. You are welcome to wander over our property wearing a pair of 'designer' gumboots maybe with a cold beer in hand, or help feed the friendly cows and collect the eggs. For locals familiar with the city of Hamilton, we are just 20 minutes south of Hamilton Airport and Mystery Creek.",amberfields724@gmail.com,http://www.amberfields.co.nz,+64 21 663 552,Bed and Breakfast,"724 Pirongia Road Rd 6 Te Awamutu, Pirongia 3800 New Zealand",New Zealand,Pirongia,3800,-37.97907,175.22905,4.0,$$$,361,3,78,,,,,,1,1,1,1,,1,,,1,,1,1,1,#1 of 5 B&Bs / Inns in Pirongia,1,5,62,5,5,4.8,4.9,5,4.9,4.9
6920490,73 Milton Accomodation,"73 Milton is self contained accommodation offering three double rooms with en suite, (singles can be added when required), the rooms are serviced by an adjacent guest lounge. 73 Milton is just minutes from Cambridge, New Zealand and is also very close to Karapiro, the Velodrome and Hobbiton for those looking for some 'Middle Earth' entertainment. Each deluxe room has a flat screen TV, Free Wi-Fi.",reservations@73milton.co.nz,http://www.73milton.co.nz/,+64 7-823 7275,Bed and Breakfast,"73 Milton Street, Cambridge 3432 New Zealand",New Zealand,Cambridge,3432,-37.918762,175.46516,4.0,$$,165.5,3,20,3,158,175,,,,,,1,1,,,1,1,,,1,1,#7 of 26 B&Bs / Inns in Cambridge,7,26,57,4.8,4.7,4.8,4.9,4.8,4.7,4.6
5998673,Hadleigh Boutique Lodge,"Set on 5 acres, Hadleigh is an oasis of woodland gardens, grazing sheep and abundant bird life, just minutes from Hamilton, the Hobbiton movie set and not far from the Waitomo caves. Enjoy breakfast poolside, relax in the library or guest lounge. Enjoy evening cocktails with hosts and guests in the Red Room. Hadleigh's architecture with gracious curved staircase and massive schist fireplace epitomise the Lodges understated luxury and ambience. A warm welcome is assured.",jonshirleywarring@gmail.com,https://www.facebook.com/hadleigh.warring,+64 7-858 2991,Bed and Breakfast,"276 Matangi Road Hamilton, Tamahere 3284 New Zealand",New Zealand,Tamahere,3284,-37.80739,175.35886,3.0,,,1,43,,,,1,1,1,1,1,,1,,1,1,1,1,,1,1,#1 of 8 B&Bs / Inns in Tamahere,1,8,39,5,5,4.8,5,5,5,4.9
1380459,The Green House B&B,"Here at The Green House B&B, we pride ourselves in supplying more than comfortable home-from-home style accommodation. You will find a friendly and accommodating welcome. It is our aim to make your stay with us as enjoyable as possible. We are happy to book attractions or restaurants for you and have a growing knowledge of the area enabling us to advise you on how to best use the time you have available. We have two en-suite double rooms available. Breakfast includes freshly baked bread, a choice of fruit juices, a selection of cereals, home-made yogurt, a selection of fruit mostly from the owner's garden, a meat and cheese platter plus the option of eggs prepared to your taste. We can now offer mountain bikes for guest use. Free view TV in the guest lounge and in all rooms. With your smart phone you can use our chromecast gadget to access chromecast settings - youtube, anything you can see on your smart phone, your netflix account and so on.",info@greenhousebandb.co.nz,http://www.bedandbreakfastcoromandel.co.nz,+64 27 341 8024,Bed and Breakfast,"505 Tiki Road, Coromandel 3506 New Zealand",New Zealand,Coromandel,3506,-36.763096,175.50125,2.5,$,154.5,2,24,,,,,1,,1,,,,,1,1,1,,,,1,#4 of 15 B&Bs / Inns in Coromandel,4,15,117,4.9,4.9,4.7,4.6,4.9,4.7,4.8
951248,Harbourview Tairua,"We have a purpose built, three-bedroom our star bed & breakfast with exotic garden, swimming pool and parking. The rooms have Queen or Super King beds, which can be converted two twin beds. Each room is comfortably furnished with private bathroom. Our famous breakfasts are taken upstairs in our dining room with fabulous views of Tairua Harbour and will certainly set you up for the day ahead. Hosts Jane and Chris are always on hand to help you plan your Coromandel stay - with nearby 'must sees' like Hot Water Beach and Cathedral Cove. Harbour View is a short stroll from the town centre with its restaurants, cafes, bars and shops. The Harbour and Ocean Beaches are close by - and the summit of Mt Paku just a few minutes away.",info@harbourviewlodge.co.nz,https://www.harbourviewtairua.co.nz/,+64 21 111 6297,Bed and Breakfast,"179 Main Road, Tairua 3508 New Zealand",New Zealand,Tairua,3508,-37.006424,175.84872,4.0,$$,192,3,55,,,,,1,,,1,,,,1,1,1,1,1,1,1,#4 of 8 B&Bs / Inns in Tairua,4,8,73,4.7,5,4.5,4.6,4.9,4.7,4.7
594264,Aspen Manor Motel,"Aspen Manor is situated in Hamilton's leafy ""east side"" and is within easy walking distance to an interesting array of shops, cafes, bars, restaurants and park. The motel boasts 31 spacious units, all ground floor entry with parking directly outside each door. Units are serviced daily, have Sky digital TV and broadband internet access. The motel is situated on a regular bus service route. Additional facilities include: Room service breakfasts Guest laundry Business facilities Conference / meeting room Larger parking for coaches/boats. Aspen Manor is close to: Hamilton Gardens (800m) Southern Cross Hospital (800m) Hamilton City Centre (1.5Kms) University of Waikato (3km) Claudelands Event Centre (2km) Close to State Highway 1 south, allowing easy access to Hamilton Airport and Cambridge We look forward to welcoming you! We know you will enjoy your stay and return again.",stay@aspenmanor.co.nz,http://www.aspenmanor.co.nz/,+64 7-856 9029,Hotel,"209 Grey Street Hamilton East, Hamilton 3216 New Zealand",New Zealand,Hamilton,3216,-37.796745,175.29352,4.0,$,138.5,31,58,2,126,135,,,,,,,,1,,1,,,,,,#49 of 56 hotels in Hamilton,49,56,205,3.3,3.7,3.9,3.6,3.5,3.8,3.2
3806292,Stargazers Bed & Breakfast,,info@stargazersbb.com,http://www.stargazersbb.com/,+64 7-866 5343,Specialty Lodging,"9 School of Mines Lane 392 State Highway 25, Whitianga 3592 New Zealand",New Zealand,Whitianga,3592,-36.74152,175.72552,0.0,,,3,67,,,,,,,1,,,,,,1,1,,,,1,#13 of 32 Speciality lodging in Whitianga,13,32,57,4.9,5,4.9,4.9,5,4.9,4.9
643864,Tiki Lodge,"FREE breakfast all year round from 8:00am to 10:30am (selection of bread/cereal) FREE unlimited WIFI all year round. If you're looking for an affordable, relaxed and friendly place to stay in Taupo with spectacular lake and mountain views, then Tiki Lodge is for you! Its prime location ensures excellent views of Lake Taupo with only a 2 minute walk to the town centre and lakefront. Cook up a treat in our large well-equipped kitchen. Make friends in our large lounge, relax in our cosy T.V room and enjoy the views from our balcony. We have onsite undercover parking, high-pressure showers, storage lockers, BBQ and bike hire available. Our friendly staff are here to help with all your booking needs. From the Tongariro Alpine Crossing to skydiving, bungy jumping, rafting trips, trout fishing and kayaking, there is something for everyone. With our relaxed and friendly vibe, cosy feel and awesome staff, we hope your stay with us will be a memorable one! We look forward to having you stay :-)",stay@tikilodge.co.nz,http://www.tikilodge.co.nz/,+64 7-377 4545,Specialty Lodging,"104 Tuwharetoa Street, Taupo 3330 New Zealand",New Zealand,Taupo,3330,-38.68947,176.07486,2.0,$,51,14,81,,,,,1,,1,,,1,1,1,1,1,,,,1,#13 of 39 Speciality lodging in Taupo,13,39,229,4.1,4.2,4.3,4,4.1,4,4
317618,Karamana Homestead (1872),"Experience the soul and character of a home that only the passage of Time itself can give. Quiet corners for reading or delighting in conversations. Waking to morning songbirds outside your window. Indulging in breakfasts made with a passion for the sharing of food. But most of all...engaging in your time together leaving the noise behind We welcome you to a place where relaxation isn't something you seek, it's something that's inevitable. Karamana Homestead is a boutique rural retreat with many personal touches. Come and enjoy a blend of history and antiques with modern conveniences. A family run B&B offering a heartwarming stay in a home full of soul and character with a friendly and casual atmosphere.",reservations@karamanahomestead.com,http://www.karamanahomestead.com,+64 22 462 0923,Bed and Breakfast,"84 Whangapoua Road, Coromandel 3506 New Zealand",New Zealand,Coromandel,3506,-36.760548,175.50868,3.0,$$,299,3,35,,,,,,,1,,,,,,1,1,,,,1,#5 of 15 B&Bs / Inns in Coromandel,5,15,31,4.9,4.8,4.9,4.5,5,4.4,4.5
1723022,Tangiaro Kiwi Retreat,"Nestled below beautiful Moehau Mountain, on the magestic Coromandel peninsula is where you will find Tangiaro Kiwi Retreat. Situated amongst beautiful native New Zealand bush with the Tangiaro stream flowing through it, Tangiaro Kiwi Retreat has stylish, well appointed cedar chalets and a restaurant/cafe/bar. The perfect place to hold functions, especially weddings. A few minutes’ drive away from some of the most breathtaking beaches in New Zealand, Tangiaro Kiwi Retreat is THE place to go to if all you wish to hear is the sound of birds & the breeze through the trees. Our alpine style chalets blend beautifully into the natural surroundings and make you feel as if you are a part of the bush. Fully appointed and designed with comfort in mind, your chalet will help you relax into your visit.",info@kiwiretreat.co.nz,http://www.kiwiretreat.co.nz/,+64 7-866 6614,Specialty Lodging,"1299 Port Charles Road, 3584 New Zealand",New Zealand,,3584,-36.54333,175.4721,4.0,,,14,37,,,,,,1,,,,1,1,1,1,1,,,1,,#25 of 114 Speciality lodging in Coromandel Peninsula,25,114,75,4.6,4.7,4.7,4.8,4.3,4.8,4.3
7826440,Tongariro Adventures,"Welcome to Tongariro Adventures at Kuratau beside the lake - our Turangawaewae ""our place in the world"". Close to the spectacular Tongariro Alpine Crossing; Cycle Trails; White Water Rafting; Trout Fishing; Kayaking; Ski Fields - let us sort it! Let Tongariro Adventures Shuttle transport you! Lake Taupo and a safe swimming beach is less than a 2 minute stroll from all our ACCOMMODATION options. THE LODGE: A fully furnished and equipped home in own grounds. 3 Bedrooms - 2 very comfortable Queen size beds and a King single bed. A generous covered outside Deck with a large Dining area, overhead Heating and BBQ. THE BOATHOUSE: Exclusive use of a new, purpose built accommodation comprising a Kingsize bed; separate bathroom with shower, vanity unit and lavatory. TV (with Netflix) BBQ, Refrigerator, Microwave; A comfortable, cushioned 3 seater sofa, high quality furniture and fittings. Exclusive use ofyour own outside area. PIHANGA and TONGARIRO Rooms: Guest use of downstairs area with own entry, which includes two bedrooms, a Double and a Twin, bathroom with lavatory and shower, large guest living space with dining table. Refrigerator and Microwave. Access to a BBQ.",hello@tongariroadventures.co.nz,http://www.tongariroadventures.co.nz/,+64 800 228 4386,Specialty Lodging,"18 Motutaiko Street Kuratau, R.D.1, Kuratau 3381 New Zealand",New Zealand,Kuratau,3381,-38.89408,175.77293,1.0,$$,222.5,3,67,,,,,1,1,1,,,,,1,1,1,,,,1,#1 of 1 Speciality lodging in Kuratau,1,1,44,4.9,5,5,4.9,5,5,5
302220,Tongariro River Motel,"Tongariro River Motel has eleven relaxed comfy fully-self-contained older retro units, varying from spacious studios sleeping three persons to two bedroom family units sleeping up to six, with every facility ideally suitable for long term stays. Tongariro River Motel is their 'chosen preferred selected' Turangi accommodation confirmed by the * ""star"" rating All units have full size ovens, microwaves, fridges. Covered parking, under cover bbq's. 50 sky TV channels. Free wifi. Free guest laundry (with washing machine, laundry powder, electric dryer or clothesline), Trout cleaning station, free fish smoker, free fish freezers available. Free bikes plus lock up facilities for visitors bikes and baggage. Pet friendly (also owners' friendly Boxer dog available for ""walkies"") Childrens play area with trampoline, slide and swings. Childs cots and high chairs available. Electric heating throughout, electric blankets, electric irons, hair dryers. Security safe at reception, fax and copying service. Extensive range of fishing & tramping guide maps & library books & DVD's, Complimentary coffee, tea and hot chocolate provided. Ample free parking for boats and trailers. Tongariro River Trail shuttle bus service. All smoke free rooms. All units serviced daily or by arrangement.",ross@tongarirorivermotel.co.nz,http://tongarirorivermotel.co.nz/,+64 7-386 8555,Hotel,"Corner of Taupahi Road and Piri Road Or Corner of State Hwy One and Piri Road, Turangi 3353 New Zealand",New Zealand,Turangi,3353,-38.98924,175.8159,3.0,$,157,11,81,4,149,160,,1,,,1,1,1,1,1,1,1,,,1,1,#8 of 10 hotels in Turangi,8,10,87,4.4,4.4,4.5,4.1,4.7,4.4,4.5
624347,Purangi Gardens Accommodation,,pgh@wave.co.nz,http://www.purangigarden.co.nz/,+64 7-866 4036,Specialty Lodging,"321 Less Rd., Hahei New Zealand",New Zealand,Hahei,,-36.835648,175.76003,3.0,,,5,77,,,,,,,,,,1,,,1,1,,,,,#4 of 8 Speciality lodging in Hahei,4,8,83,4.7,4.5,4.8,4.5,4.7,4.6,4.7
1635875,Ohuka Place Homestay,"Tranquil sunny B&B with kingsize/twin beds, en-suites, TVs and private sliding doors to your patio overlooking Mercury Bay. Wake up to breathtaking sunrises and sea views and step out from your room to the terrace to enjoy breakfast surrounded by native bird song, farmland and bush. Peaceful hilltop setting only a few minutes from the beach – none of the waterfront traffic noise. Very friendly live in hosts offering a relaxed stay and a true New Zealand experience.Rooms serviced daily",info@ohukaplacehomestay.co.nz,http://www.ohukaplacehomestay.co.nz/,+64 7-866 2395,Bed and Breakfast,"11 Ohuka Place Ohuka Park, Whitianga 3510 New Zealand",New Zealand,Whitianga,3510,-36.7972,175.69325,3.0,$$,245.5,2,27,,,,,1,,1,,,,,1,1,1,,,,1,#13 of 35 B&Bs / Inns in Whitianga,13,35,60,4.9,5,4.9,5,4.9,5,5
1478396,Chartre' Manor Bed & Breakfast,"Somewhere special to base yourself whilst exploring the Coromandel. One night is not enough. 3 spacious rooms, s/c romantic cottage and conference venue with specialized catering for small meetings. Delicious complimentary breakfast included with accommodation. In-house beauty treatments. Eco-friendly environment with free range eggs, fruit trees and homegrown vegetables. Tudor style architecture. Magnificent sunsets, panoramic views and rural outlook from the highest point. Private, peaceful, relaxing setting. Enticing and secluded pool. Free broadband and wireless, library in guest lounge. Laundry facilities inclusive. Pauline and Dennis are welcoming hosts.",welcome@chartremanor.co.nz,http://www.chartremanor.co.nz/,+64 7-868 3255,Bed and Breakfast,"306 Grafton Road, Thames 3500 New Zealand",New Zealand,Thames,3500,-37.14879,175.56285,4.0,$$,209.5,4,24,,,,1,1,,1,,1,,,,1,1,,,,1,#5 of 12 B&Bs / Inns in Thames,5,12,64,4.9,4.8,4.8,4.8,4.9,4.8,4.8
1187464,Lake Edge Resort,OURS IS YOURS TO OWN Lake Edge Resort is a fully sold out timeshare property incorporated as a limited liability company - Lake Edge Resort Limited. Each share in the company has an entitlement to one week each calendar year (January to December). From time-to-time existing shareholders will seek to sell their share/s. The Lake Edge team assist in the sale of share/s to prospective new owners.,,http://www.lakeedgeresort.co.nz/,+64 7-378 4981,Specialty Lodging,"275 Lake Terrace, Taupo 3330 New Zealand",New Zealand,Taupo,3330,-38.710873,176.08684,4.0,,,13,38,,,,,,,,,1,1,,,,1,,,,,#15 of 39 Speciality lodging in Taupo,15,39,36,4.9,4.9,4.9,4.9,4.6,4.9,4.8
7206724,Karapiro Willows Bed And Breakfast,"Karapiro Willows is a luxurious bed and breakfast located 2 minutes from beautiful Lake Karapiro in Cambridge, NZ, offering the privacy of a hotel with country charm. Our guest wing, with separate entrance and parking, contains 3 private rooms each with ensuite, fridge, smartTV with Netflix, WiFi, air conditioning, and tea/coffee making facilities. Breakfast consists of fruit, yogurt and Muesli, eggs any way you like with a side of avocado, toast and spreads, coffee and a selection of teas. Our expresso coffee is pretty good so our guests tell us! Breakfast is served each morning in our kitchen at a time that suits you between the hours of 7am and 9am.",karapirowillows@gmail.com,http://www.karapirowillows.co.nz,+64 21 676 012,Bed and Breakfast,"Rd 2 Cambridge 107 Lake View Drive RD 2 Lake Karapiro, Cambridge 3494 New Zealand",New Zealand,Cambridge,3494,-37.91829,175.5409,3.5,$$,189,3,30,,,,1,1,,1,1,,,,,,1,,,,1,#6 of 26 B&Bs / Inns in Cambridge,6,26,53,4.9,5,5,5,5,5,5
1210109,Fern Lodge,"Finding an ideal family-friendly hotel in Coromandel does not have to be difficult. Welcome to Fern Lodge, a nice option for travelers like you.
Free wifi is offered to guests, and rooms at Fern Lodge offer a flat screen TV, a kitchenette, and a refrigerator.
For travelers arriving by car, free parking is available.
While you’re here, be sure to check out some of the seafood restaurants, including Pepper Tree Restaurant & Bar, Coromandel Mussell Kitchen, and coromandel Top Town Takeaways, all of which are a short distance from Fern Lodge.
Fern Lodge looks forward to welcoming you on your visit to Coromandel.
",fernlodgecoromandel@gmail.com,http://fernlodgecoromandel.com,+64 7-866 8058,Hotel,"Corner Alfred St. And Oxford Terrace,, Coromandel New Zealand",New Zealand,Coromandel,,-36.75197,175.50687,3.0,$,104.5,3,57,,,,,,,,,1,1,,1,1,1,,,1,1,#7 of 10 hotels in Coromandel,7,10,70,4.6,4.5,4.5,4.3,4.7,4.5,4.5
662169,Te Moenga Lodge,"Te Moenga Lodge is a special place to stay located above Acacia Bay, Lake Taupo. Following extensive renovations, the lodge opened to guests in January 2016 with new owners and hosts, Phil and Cheryl London. The lodge accommodation provides two very different levels of bed and breakfast accommodation; private stand-alone chalets with stunning lake views or studio rooms with their own access and ensuite bathrooms. Our accommodation is suitable for weekend travellers, couples on a getaway, tri-athletes, cyclists, skiers, right through to families who want somewhere to base themselves and explore. We have ample secure parking/storage for all your toys! We aim to provide our guests with a feeling like this is your home away from home and the views really are something to behold. So whether you're looking to unwind for the weekend or seeking adventure with the family, Te Moenga Lodge is a fine choice. We welcome you to our home.",info@temoenga.co.nz,http://www.temoenga.co.nz,+64 21 680 863,Bed and Breakfast,"60 Te Moenga Park Acacia Bay, Taupo 3330 New Zealand",New Zealand,Taupo,3330,-38.69373,176.02313,4.0,$$,222,4,70,,,,1,,1,1,,1,1,1,1,1,1,1,,1,1,#10 of 42 B&Bs / Inns in Taupo,10,42,60,5,5,5,5,5,4.8,4.9
1184368,Twynham at Kinloch,"Situated in the picturesque lakeside village of Kinloch -15 minutes west of Taupo. Large private guest wing and garden, golf course, beach, bush walks. Pets by arrangement. Coffee, Cake and relaxation. Dinner available . Smoke free environment. Jack Nicklaus Golf Course three minute walk.--------------------------------------------------------------------------------",twynham.bnb@xtra.co.nz,,+64 7-378 2862,Bed and Breakfast,"84 Marina Terrace Kinloch, Lake Taupo, Taupo 3377 New Zealand",New Zealand,Taupo,3377,-38.65999,175.92245,0.0,$$,254,2,7,,,,,,,,,1,,,,1,1,,,,1,#14 of 42 B&Bs / Inns in Taupo,14,42,42,4.8,4.9,4.5,4.5,4.9,4.9,4.7
1027318,Thorold Country House,"Our private, peaceful country home is ideally situated on 6 acres near to Thames, Coromandel Peninsula. Luxury guest rooms (two in the self contained garden cottage, one in guest wing of main house)all open onto wide private verandas. Relax by the secluded swimming pool set in subtropical garden. Grass tennis court. Full breakfast, special diets catered for. Free Wifi. Free undercover parking. Minutes from Coromandel activities, walks, beaches, tennis, golf, forests, fishing.",thorold@xtra.co.nz,http://www.thoroldcountryhouse.co.nz/,+64 7-868 8480,Bed and Breakfast,"36 Ngati Maru Highway Kopu, Thames 3578 New Zealand",New Zealand,Thames,3578,-37.18518,175.5715,4.0,,,3,39,,,,,1,,1,1,,1,,1,1,1,1,,1,1,#6 of 12 B&Bs / Inns in Thames,6,12,53,4.5,4.8,4.6,4.6,4.8,4.8,4.4
1380243,Colonial Court Motel,"Finding an ideal family-friendly motel in Cambridge does not have to be difficult. Welcome to Colonial Court Motel, a nice option for travelers like you.
Rooms at Colonial Court Motel provide a flat screen TV, a refrigerator, and a kitchenette, and guests can stay connected with free wifi.
You can also enjoy a pool and barbeque facilities while staying at Colonial Court Motel. Need a place to park? Free parking is available at Colonial Court Motel.
While you’re here, be sure to check out Queen Vic Chippy, one of the seafood restaurants that can be found in Cambridge, which is a short distance from Colonial Court Motel.
Should time allow, Cambridge Museum is a popular attraction that is within walking distance.
Colonial Court Motel puts the best of Cambridge at your fingertips, making your stay both relaxing and enjoyable.
",info@colonialcourt.co.nz,http://colonialcourt.co.nz,+64 7-827 5244,Hotel,"37 Vogel Street, Cambridge 3434 New Zealand",New Zealand,Cambridge,3434,-37.88707,175.45662,3.0,$$,161.5,15,31,6,175,175,,,,,,,1,1,1,1,1,1,,1,1,#8 of 9 hotels in Cambridge,8,9,66,3.9,4.1,4.1,3.9,4.2,4,3.8
6975670,Tuscany on Taupo,"Tuscany on Taupo is a Mediterranean styled accommodation offering the very best in New Zealand hospitality. The property is located very close to the lake, in one of the most prestigious parts of Taupo at Rainbow Point. The top two levels of Tuscany on Taupo are for the exclusive use of guests. Two double bedrooms, with their own bathrooms, decks with barbecue facilities and private lounge area.",c.newman@xtra.co.nz,http://www.tuscanyontaupo.co.nz,+64 7-376 5601,Bed and Breakfast,"28B Oregon Drive Rainbow Point, Taupo 3330 New Zealand",New Zealand,Taupo,3330,-38.716587,176.07997,0.0,$,153,2,6,,,,1,1,,1,,1,1,,1,1,1,,,,1,#15 of 42 B&Bs / Inns in Taupo,15,42,33,4.9,5,4.6,4.9,4.9,5,5
11771900,Fitzroy Bnb,"Explore historic Coromandel town with its old world character, art and crafts, beaches, fishing, native forest/bush reserves, walks, activities such as Driving Creek Railway and the zipline and all the modern comforts you require including gourmet restaurants and cafes. Your host, Louise, will be happy to offer guidance to make the most of your stay in the Coromandel. We offer: Three tastefully decorated, deluxe rooms each with a king bed furnished with hotel quality bed linen. The ensuite bathrooms each have a shower, toilet, basin, towels, bathmat, his and her flannels and a hair dryer. Toiletries include shower and hand gel. The rooms also have a walk-in wardrobe, small fridge, comfortable arm chairs, TV, Netflix, free Wifi, and reverse cycle heating and cooling. Milk, bottled water, ground coffee and a coffee plunger (French press) are provided along with in-room tea and coffee making facilities. A full continental breakfast is served in the sunny guest breakfast room.",plpoultney@gmail.com,https://www.fitzroybnb.com/,+64 274 999 336,Bed and Breakfast,"39b Whangapoua Road, Coromandel 3506 New Zealand",New Zealand,Coromandel,3506,-36.76049,175.50468,0.0,$$,243.5,3,31,,,,,1,1,1,1,,,,,1,1,,,,1,#8 of 15 B&Bs / Inns in Coromandel,8,15,25,5,5,4.3,5,4.9,5,4
2433196,Absolute Beachview B & B,"Absolute Beachview B&B is located on the beautiful Buffalo Beach in Whitianga, 50m to the beach and a short 2 minute drive to the town centre. Hop on the ferry and walk to the stunning Shakespeares Cliff, visit the Mercury Bay Wineries, explore the many beaches or drive around to Hahei and take the walk to our world famous Cathedral Cove. Dig your own spa at nearby Hot Water Beach or grab a book, a glass of wine and sit on the deck and just relax",stay@absolutebeachview.co.nz,http://absolutebeachview.co.nz/,+64 7-866 0611,Bed and Breakfast,"72 Buffalo Beach Road, Whitianga 3510 New Zealand",New Zealand,Whitianga,3510,-36.81836,175.69893,0.0,,,4,23,,,,,,1,,,,1,,1,1,1,,,,1,#14 of 35 B&Bs / Inns in Whitianga,14,35,46,4.8,4.9,4.8,4.9,4.9,4.8,4.9
1187049,Fountain City Motor Inn,"Finding an ideal family-friendly motel in Hamilton does not have to be difficult. Welcome to Fountain City Motor Inn, a nice option for travelers like you.
For those interested in checking out popular landmarks while visiting Hamilton, Fountain City Motor Inn is located a short distance from Sapper Horace Moore-Jones commemorative statue (0.4 mi) and Riff Raff Statue (1.3 mi).
You’ll enjoy relaxing rooms that offer a flat screen TV, air conditioning, and a refrigerator, and you can stay connected during your stay as Fountain City Motor Inn offers guests free wifi.
The motel features room service and baggage storage. Plus, Fountain City Motor Inn offers a pool and barbeque facilities, providing a pleasant respite from your busy day. For guests with a vehicle, free parking is available.
While in Hamilton be sure to experience local schnitzel favorites at Joe's Garage.
Should time allow, Waikato Stadium and Rally Drive NZ are some popular attractions that are within walking distance.
Fountain City Motor Inn looks forward to welcoming you on your visit to Hamilton.
",,http://www.fountaincity.co.nz/,+64 7-839 3107,Hotel,"305 Ulster Street, Hamilton 3200 New Zealand",New Zealand,Hamilton,3200,-37.776127,175.26573,4.0,,,10,43,,,,,1,,,,1,1,1,1,1,1,1,,1,1,#22 of 56 hotels in Hamilton,22,56,126,3.9,4.3,4.3,3.8,4.3,4.4,4.4
1908520,Indigo Bush Studios,"Experience simple but inspiring accommodation that doesn't feel like just another bed and breakfast. Run by local painter and potter Robyn Lewis, art surrounds you in these architecturally designed studio apartments. Sophisticated yet funky, with an ethnic twist, you have a choice of two intimate spaces - perfect for couples or close friends.",stay@indigo-bush-studios.co.nz,http://www.indigo-bush-studios.co.nz/,+64 21 267 9711,Specialty Lodging,"19 Flays Road, Coromandel 3506 New Zealand",New Zealand,Coromandel,3506,-36.735683,175.49887,4.0,$$$,356.5,2,51,,,,,,,,,,1,,,,1,,,1,1,#10 of 26 Speciality lodging in Coromandel,10,26,46,4.6,4.8,4.6,4.7,4.7,4.7,4.5
1861543,Manawa Ridge,"Finding an ideal charming guest house in Waihi does not have to be difficult. Welcome to Manawa Ridge, a nice option for travelers like you.
Manawa Ridge features room service. In addition, as a valued Manawa Ridge guest, you can enjoy free breakfast that is available on-site. Guests arriving by vehicle have access to free parking.
Looking to explore? Then look no further than Waihi Arts Centre & Museum, which is a popular Waihi art museum – and it is conveniently located a short distance from the guest house.
Manawa Ridge puts the best of Waihi at your fingertips, making your stay both relaxing and enjoyable.
",view@manawaridge.co.nz,http://www.manawaridge.co.nz,+64 7-863 9400,Bed and Breakfast,"267 Ngatitangata Road, Waihi 3681 New Zealand",New Zealand,Waihi,3681,-37.36482,175.91652,3.0,,,3,113,,,,,,,1,,,,,,1,1,,1,1,1,#2 of 8 B&Bs / Inns in Waihi,2,8,77,4.9,5,4.9,4.9,4.9,5,4.8
2322676,Oyster River Retreat,"The Oyster River Retreat is situated on the eastern side of Coromandel Peninsula. As you enter your cottage you will feel completely at ease. Oyster River offers much more than just a bed and breakfast; it is your own private retreat. Much sort after by couples and a single person travelling alone. A delicious breakfast hamper is delivered to you daily. If you seek rest and relaxation then this is the place for you. Take a walk around our 16 acres of garden and native bush. Observe abundent birdlife and pick fresh fruit in season. Follow the track alongside the Purangi Estuary. Your accommodation is self-catering, perfect for an extended stay. When it is time for you to leave you will be refreshed, and feeling like you have had an elixir of life.",sue.oysterriver@gmail.com,http://www.oysterriverretreat.com,+64 21 124 1378,Bed and Breakfast,"476 Purangi Road, Cooks Beach, Whitianga 3591 New Zealand",New Zealand,Cooks Beach,3591,-36.85904,175.76167,0.0,$,149,1,30,,,,,,,1,,,1,,,,1,,,,,#2 of 2 B&Bs / Inns in Cooks Beach,2,2,34,4.8,4.8,4.8,4.7,4.8,4.5,4.8
3317671,Stunning Views B&B,"Stunning Views B&B is an excellent choice for travelers visiting Whangamata, offering a charming environment alongside many helpful amenities designed to enhance your stay.
Stunning Views B&B is a charming bed and breakfast offering a seating area and an additional bathroom in the rooms, and it is easy to stay connected during your stay as free wifi is offered to guests.
The bed and breakfast features a sun terrace and baggage storage. Plus, guests can enjoy barbeque facilities, which has made this a popular choice among travelers visiting Whangamata. For guests with a vehicle, free parking is available.
While in Whangamata be sure to experience local fish and chips favorites at The Bluefish takeaways.
There is no shortage of things to do in the area: explore popular art galleries such as The Little Gallery Whangamata.
Enjoy your stay in Whangamata!
",,,+64 7-865 9162,Bed and Breakfast,"114 Te Pamahue Drive, Whangamata 3620 New Zealand",New Zealand,Whangamata,3620,-37.197853,175.85725,4.0,,,2,45,,,,,1,,1,,1,,,1,,1,,,,1,#1 of 9 B&Bs / Inns in Whangamata,1,9,65,4.9,5,4.9,5,5,4.9,5
1773978,Waihi Motel,"If you’re looking for a motel in Waihi, look no further than Waihi Motel.
Waihi Motel offers guests an array of room amenities including a kitchenette, a refrigerator, and a sofa, and getting online is possible, as free wifi is available.
The motel offers a 24 hour front desk, a concierge, and room service, to make your visit even more pleasant. The property also features an on-site restaurant. Guests arriving by vehicle have access to free parking.
During your visit, be sure to check out a popular Waihi falafel restaurant such as Ti Tree Cafe, which is a short distance from Waihi Motel.
If you’re looking for things to do, you can check out Waihi Arts Centre & Museum (0.1 mi), which is a popular attraction amongst tourists, and it is within walking distance.
The staff at Waihi Motel looks forward to serving you during your upcoming visit.
",info@waihimotel.co.nz,http://www.waihimotel.co.nz/,+64 7-863 8095,Hotel,"2 Tauranga Road, Waihi 3610 New Zealand",New Zealand,Waihi,3610,-37.39416,175.84299,3.0,$$,197,12,33,,,,1,1,,1,,1,1,,1,1,1,,1,1,1,#1 of 1 hotels in Waihi,1,1,55,3.9,4.5,4.1,4.1,4.1,3.2,3.7
32810874,Goldmine Motel,,info@goldminemotel.co.nz,https://goldminemotel.co.nz/,+64 7-863 7111,Bed and Breakfast,"6 Victoria Street, Waihi 3610 New Zealand",New Zealand,Waihi,3610,-37.39462,175.83424,3.0,$$,196.5,,2,2,207,207,,,,,,,,,,,,,,,,#4 of 8 B&Bs / Inns in Waihi,4,8,7,5,5,5,4.7,5,5,5
1997548,Bradshaw's Travel Lodge,,info@bradshawslodge.com,http://www.bradshawslodge.com,+64 7-378 8288,Specialty Lodging,"130 Heuheu Street, Taupo 3330 New Zealand",New Zealand,Taupo,3330,-38.68932,176.07863,0.0,,,11,28,,,,,,,1,,,1,,1,1,1,,,,,#19 of 39 Speciality lodging in Taupo,19,39,72,4.2,4.3,4.3,4.1,4.3,4.1,4.4
4057868,Hunts Farm Accommodation,"​We welcome you to our relaxed and peaceful accommodation, 2km from the main street in Te Kūiti. We are situated in the heart of Te Rohe Pōtae, with great views over Te Kūiti township, the surrounding farmland and over to Motakiora (Brook Park). Formerly a backpackers, we have recently fully renovated the building into a modern and stylish accommodation space for all. Stay here to experience the beauty of rural New Zealand living, with stunning views, yet being located so close to town if you need anything. The spacious deck and outdoor lounge allow you to spread out and make yourself at home. Whether you are travelling for work, family, trail hiking, trail riding or simply passing through, we are able to accommodate you. No credit card/Eftpos facility onsite.",,,,Specialty Lodging,"42 Mangarino Road Rd 6, Te Kuiti 3986 New Zealand",New Zealand,Te Kuiti,3986,-38.32025,175.17921,0.0,$$,187,3,18,,,,,,,,,,1,1,,1,1,,,1,,#4 of 6 Speciality lodging in Te Kuiti,4,6,10,5,5,5,5,5,5,5
1604287,Moselle Bed & Breakfast,"Hosts Anne & Grahame welcome you to Moselle Bed & Breakfast, situated in a quiet cul-de-sac. Guest accommodation is upstairs in the Aqua Room with a view of the lake, King Bed or Twin singles, en-suite and sky TV. The Tulip Room has Twin single beds and a private Bathroom with spa Bath. All guests served a fully cooked Breakfast of their choice in the Dining room. Down stairs is a fully self contained apartment with King Bed or Twin singles plus a sofa Bed. Sky TV and lots of food supplied. Free Wireless Internet facilities and warm friendly hospitality.",ragevelvin@xtra.co.nz,http://moselletaupo.com/Bed-Breakfast-Info.htm,+64 7-377 2922,Bed and Breakfast,"3 Te Hepera Street 2 Mile Bay, Taupo 3330 New Zealand",New Zealand,Taupo,3330,-38.70877,176.0924,0.0,$$,180,3,4,,,,,,,1,,1,1,,,,1,,1,,1,#21 of 42 B&Bs / Inns in Taupo,21,42,20,5,4.9,4.9,4.8,4.9,4.9,4.8
3924059,Abbey Travel Lodge Motel,,,http://www.abbeymotel.co.nz,+64 7-843 4368,Specialty Lodging,"12 Lorne Street Melville, Hamilton 3206 New Zealand",New Zealand,Hamilton,3206,-37.80808,175.28133,0.0,,,,0,,,,1,,,,,1,1,,,1,1,,,,1,#2 of 23 Speciality lodging in Hamilton,2,23,32,4.5,4.6,4.3,4.3,4.4,4,4.6
14407028,Maungakawa Villa,Historic Villa offering luxurious accommodation in the heart of the Waikato. A rural setting only 5 minutes from Cambridge township and 25 minutes from Hamilton City.,maungakawavilla@gmail.com,http://www.bnbmv.co.nz,+64 7-827 7001,Bed and Breakfast,"104 Maungakawa Road, Cambridge 3496 New Zealand",New Zealand,Cambridge,3496,-37.87734,175.51163,4.0,$$$,373.5,2,14,,,,1,,,1,,1,,,,,1,,1,,1,#13 of 26 B&Bs / Inns in Cambridge,13,26,6,5,5,5,5,5,5,5
670315,Chestnut Ridge Farmstay B&B,"Quiet rural setting. Beautiful views. Six hectare chestnut orchard with sheep, cattle & chooks. Large gardens. Super-king room with spa-bath en-suite and Queen room with shower en-suite. Continental breakfast included. Full breakfast and dinner available as optional extras. Golf, Rangiriri Historic Battle Site, Whangamarino Wetland, Lake Waikare & Hampton Downs Motorsport Park close by. Only 45 mins drive south of Auckland International Airport, just off SH1. Ideal first or last relaxing stop for international travelers.",janetandjohn@chestnutridge-nz.com,http://www.chestnutridge-nz.com/,,Bed and Breakfast,"40 Moorfield Road PO Box 34, Te Kauwhata 3782 New Zealand",New Zealand,Te Kauwhata,3782,-37.39926,175.13387,0.0,$$,165.5,2,11,,,,,,,1,,1,,,,1,1,,,,1,#1 of 3 B&Bs / Inns in Te Kauwhata,1,3,30,4.9,4.9,4.6,4.7,4.9,4.8,4.8
7369272,Arapuni Backpackers,"We are located in the small rural village of Arapuni on the Arapuni section of the Waikato river trails. We have 3 cabins. Cabin 1 is a double bedroom Cabin 2 has 4 full size single bunk beds Cabin 3 is a twin room. All linen is supplied There is a bathroom with shower and toilet with towels supplied The kitchen area has all pots pans, utensils, microwave, fry pan and there is also a , BBQ, for customers use. Tea,coffee and milk supplied . Ideal for small groups and families to enjoy, We also have hire bicycles available ,full or half day hire so that you can explore the nearby Waikato River Trails. Private rural setting overlooking Mount Maungatautari ( Sanctuary mountain bird enclosure) Easy access to Lake Karapiro and Lake Arapuni .Close Plenty of parking for cars and boats. Kayak trips on Lake Karapiro can be arranged with local tours arranged through Lake District Adventures or the Boat Shed at karapiro. Local attractions nearby include, Hobbiton, Blue Springs, Sanctuary Mountain, Climbing at Froggit Rock and many other other interesting places all within an hours drive.",Stevegaunt@mac.com,http://Arapuni.co.nz,+64 7-883 5759,Specialty Lodging,"1273 Arapuni Road Arapuni Village part of Waikato River Trails, Putaruru 3481 New Zealand",New Zealand,Putaruru,3481,-38.14372,175.67165,0.0,$,95.5,3,33,,,,,,1,,,,1,,,1,1,,,,,#1 of 2 Speciality lodging in Putaruru,1,2,25,4.8,4.7,4.8,4.6,4.8,5,4.8
11863598,Matamata Backpackers,"Matamata Backpackers is a cosy /quirky hostel set in the small town of Matamata. Great for solo travellers wanting to meet with like-minded individuals or small groups alike. Hire a bike, Play some table tennis, chill out in the courtyard and bunk down in a cabin. A must stop on your way to Hobbiton Movie Set.",info@matamatabackpackers.co.nz,http://www.matamatabackpackers.co.nz,+64 7-880 9745,Specialty Lodging,"61 Firth Street, Matamata 3400 New Zealand",New Zealand,Matamata,3400,-37.81104,175.7702,2.0,,,12,15,,,,,1,,,,1,,1,,1,1,,,,1,#3 of 7 Speciality lodging in Matamata,3,7,47,4.2,4.6,4.3,4.1,4.4,4.8,3.8
298372,Villa Toscana,"Private, secluded Tuscan style 2 bedroom luxury apartment set amongst native bush with panoramic views across Mercury Bay. Fully self contained accommodation for up to 4 persons. Outdoor spa pool, free Wi-Fi. Perfect as a romantic retreat, special occasions and honeymoon accommodation. Small intimate wedding venue with spectacular photography opportunities.",giorgio@villatoscana.co.nz,http://www.villatoscana.co.nz,+64 7-866 2293,Specialty Lodging,"65 Tarapatiki Drive, Whitianga 3510 New Zealand",New Zealand,Whitianga,3510,-36.79174,175.69417,5.0,,,2,22,,,,,1,,,,,1,,,,1,,,,1,#16 of 32 Speciality lodging in Whitianga,16,32,35,4.9,5,4.9,5,5,5,4.5
11046121,Willowbrook Park,Luxury Georgian Manor House situated 8 km from the heart of Hamilton,peter@willowbrookpark.co.nz,http://www.willowbrookpark.co.nz,+64 7-856 5656,Hotel,"15 Vaile Road Newstead, Hamilton 3286 New Zealand",New Zealand,Hamilton,3286,-37.775814,175.3462,0.0,$$$,446,3,38,,,,1,,,1,,,,,,1,1,,,1,1,#21 of 56 hotels in Hamilton,21,56,20,5,5,5,5,5,5,5
637645,Glow Worm Motel,"Affordable accommodation close to the world-famous Waitomo Glow Worm Caves. 9 fully self-contained ground-floor units, all with full kitchens, serviced daily.",info@glowwormmotel.co.nz,http://www.glowwormmotel.co.nz/,+64 7-873 8882,Hotel,"1 Waitomo Caves Road, Waitomo Caves New Zealand",New Zealand,Waitomo Caves,,-38.25338,175.18034,0.0,$,119,9,57,,,,,,,,,,,,,1,1,,,,1,#3 of 4 hotels in Waitomo Caves,3,4,110,3.8,4,4,3.6,4.4,3.7,3.8
2486323,Allambee Cottages,,allambeecottages@yahoo.co.nz,http://www.allambee.co.nz/,+64 7-866 8011,Specialty Lodging,"1680 Tiki Road, Coromandel 3506 New Zealand",New Zealand,Coromandel,3506,-36.77243,175.50677,0.0,,,,22,,,,,,,,,1,1,,,,,,,,1,#15 of 26 Speciality lodging in Coromandel,15,26,18,4.8,4.8,4.7,4.8,4.9,5,5
13395817,Mooring Lane Lodge,"Mooring Lane Lodge is located right on the waters edge at Ferry Landing. It offers the best of both worlds, with the seaside out the front, and being nestled into Whitianga Rock, scenic and historial reserve. The lodge is opposite Whitianga township, which can be reached by 5 minutes ride on the Ferry. Fabulous hikes and beaches right on our doorstep. Park the car-Relax!",info@mooringlane.co.nz,http://www.mooringlane.co.nz,+64 7-866 2034,Specialty Lodging,"1169 Purangi Road On the Whitianga Estuary, Ferry Landing, Whitianga 3591 New Zealand",New Zealand,Ferry Landing,3591,-36.83246,175.71194,3.0,$$$,291.5,2,23,,,,,,,1,,1,1,,,,1,,,,1,#2 of 2 Speciality lodging in Ferry Landing,2,2,7,5,5,5,5,5,5,4.7
1744469,Auntie Dawns Place,"Finding an ideal family-friendly bed and breakfast in Whitianga does not have to be difficult. Welcome to Auntie Dawns Place, a nice option for travelers like you.
Rooms at Auntie Dawns Place offer a refrigerator and a kitchenette providing exceptional comfort and convenience.
If you are driving to Auntie Dawns Place Hotel, free parking is available.
If you are looking for a nearby place to eat, Auntie Dawns Place is within walking distance of Hot Waves Cafe (0.1 mi), a popular restaurant in the area.
Best of all, Auntie Dawns Place makes it easy to experience some great Whitianga attractions like The Lost Spring, which is a popular hot spring.
Auntie Dawns Place looks forward to welcoming you on your visit to Whitianga.
",dawn@auntiedawn.co.nz,http://www.auntiedawn.co.nz/,+64 7-866 3707,Bed and Breakfast,"15 Radar Road Hot Water Beach, Whitianga 3591 New Zealand",New Zealand,Whitianga,3591,-36.89036,175.82404,0.0,,,2,10,,,,,,,,,1,1,,,,1,,,,,#18 of 35 B&Bs / Inns in Whitianga,18,35,39,4.6,4.4,4.7,4.1,4.6,4.3,4.5
6412635,Korbaylen Estate,"Charge is $115.00 Per night per room.Set on 10 acres. Immaculate accommodation. Landscaped gardens. Country feeling but only minutes in to City. Not far tp    Waitomo Caves, Raglan (great surfing beach), Mount Maunganui Beach and Hobbitville, where The Lord Of The Rings was made. 3 Double bedrooms shared facilities. Huge lounge and dining area for the guests' use. Small kitchenette with microwave and fridge.",sallybrett@slingshot.co.nz,,+64 7-856 4488,Bed and Breakfast,"251 Matangi Road Rd 4, Tamahere 3284 New Zealand",New Zealand,Tamahere,3284,-37.80408,175.35698,4.0,$$,223.5,3,25,,,,,1,,1,,1,1,,1,1,1,,,,1,#4 of 8 B&Bs / Inns in Tamahere,4,8,12,4.3,4.8,4.5,5,3.9,5,3.6
6219546,The Imperial Hotel,,imperialhotel@xtra.co.nz,,+64 7-868 6200,Bed and Breakfast,"476 Pollen Street, Thames 3500 New Zealand",New Zealand,Thames,3500,-37.14013,175.54303,3.0,,,15,0,,,,,,,,,1,,,1,1,,,,,1,#9 of 12 B&Bs / Inns in Thames,9,12,57,3.5,4.2,4.4,3.5,3.7,3.7,4.3
3720764,Highgate Bed and Breakfast and Garden,Bed and breakfast with a wonderful garden of 2 acres in view of Mount Pirongia. Breakfast is courtesy of our free range chickens who produce eggs every day. Organic fruits available and home made muesli with no sugar added. Lots of birds and it is peaceful here.,dianne@managementconsulting.co.nz,http://www.highgatebandb.co.nz,+64 27 224 1077,Bed and Breakfast,"167 Bird Road 1.5 kms up Bird Road from the main road, Pirongia 3876 New Zealand",New Zealand,Pirongia,3876,-37.97077,175.2143,3.0,,,2,11,,,,,1,1,1,,,,,,1,1,,,1,1,#3 of 5 B&Bs / Inns in Pirongia,3,5,8,5,5,3.5,4,5,4.8,4.7
12697571,Ohaupo Olives,"Ohaupo Olives is an excellent choice for travelers visiting Ohaupo, offering a luxury environment alongside many helpful amenities designed to enhance your stay.
The rooms offer air conditioning, and getting online is possible, as free wifi is available, allowing you to rest and refresh with ease.
Ohaupo Olives features a sun terrace, an outdoor fireplace, and a picnic area. In addition, as a valued Ohaupo Olives guest, you can enjoy a lounge that is available on-site. Guests arriving by vehicle have access to free parking.
While in Ohaupo be sure to experience nearby cafes such as Leadlight Glass Studio & Gallery Cafe, The olde creamery, or Cafe De Roadies.
If you’re looking for something to do, The Tree Church (0.9 mi) is a nice way to spend some time, and it is within walking distance of Ohaupo Olives.
Enjoy your stay in Ohaupo!
",,,,Bed and Breakfast,"3974 Ohaupo Road, Ohaupo 3881 New Zealand",New Zealand,Ohaupo,3881,-37.90329,175.31555,0.0,,,,5,,,,1,1,,,1,1,,,1,,1,,,,1,#1 of 4 B&Bs / Inns in Ohaupo,1,4,9,5,5,5,,5,5,
8539359,Paeroa Bed and Breakfast,"Private Studio: Large, very private room with brand new, modern en suite bathroom with shower. includes unique organic breakfast using produce from the property. For our guests staying with us in winter, the room comes with a romantic wood-burning fire. Sleeps 2. South Wing: For expansive views over organic garden and Hauraki Plains, the South Wing comes with its own small separate lounge. It also includes a unique organic breakfast using produce from the property. The South Wing has its own separate toilet, and a bathroom with shower and a relaxing bath. The lounge contains an additional king single bed which can be converted into twin beds on request, for up to two more people in the same party, sharing the bathroom. Can sleep us to 4.",bookings@paeroabedandbreakfast.co.nz,http://www.paeroabedandbreakfast.co.nz,+64 27 965 2332,Bed and Breakfast,"17 Hill Street, Paeroa 3600 New Zealand",New Zealand,Paeroa,3600,-37.36952,175.66946,3.5,$$,185,2,5,3,190,190,,1,,1,,,,,,1,1,,,,1,#4 of 5 B&Bs / Inns in Paeroa,4,5,11,4.5,5,4.4,4,4.8,,4.8
10288717,Earl Adams Paradise Camp,,,https://www.facebook.com/earl.adams.paradisecampsite/timeline,+64 27 292 0922,Specialty Lodging,"57 Te Punga Road, Whangapoua New Zealand",New Zealand,Whangapoua,,-36.71707,175.61499,0.0,,,,8,,,,,,,,,,,,,,,,,,,#1 of 1 Speciality lodging in Whangapoua,1,1,11,4.6,3.3,4.7,,4.8,,5
9721059,The Villa B & B,,thevillabandb@xtra.co.nz,http://thevillapaeroa.co.nz/,+64 7-862 7164,Bed and Breakfast,"5 Poland Street, Paeroa 3600 New Zealand",New Zealand,Paeroa,3600,-37.3703,175.66393,3.0,,,2,14,,,,,,,,,,,,,,,,,,1,#3 of 5 B&Bs / Inns in Paeroa,3,5,13,5,5,4.5,5,4.8,5,5
8374958,Artbreak Waihi,"The home of the two day Art Break's is a Contemporary well appointed New Zealand bach with a kiwi retro feel (furnishings reminiscent of the 50s and 60s). There is the choice of single or double beds, a fireplace, both an outdoor and indoor hot and cold shower and two toilets. The bach is within a 2 minute walk to Waihi's white sand surf beach and within walking distance to the local village with its interesting shops and cafes. Art breaks are over two nights from afternoon tea time on the Wednesday or Friday til after lunch on the Friday (for mid week breaks) or Sunday. Prices include accommodation, meals (except for one night out), art supplies and any art guidance or tuition.",info@artbreak.co.nz,http://www.artbreak.co.nz,+64 210 273 8988,Specialty Lodging,"2 Edwards St, Waihi Beach, Waihi 3611 New Zealand",New Zealand,Waihi,3611,-37.41855,175.94907,0.0,$$,202.5,5,29,,,,,,,1,,,,,,,1,,1,,,#7 of 11 Speciality lodging in Waihi,7,11,14,5,5,5,5,5,5,5
9459717,Natures Window Retreat,,,,,Bed and Breakfast,"Tapu Coroglen Road No 9 Tapu Creek Farms RD 5, Tapu 3575 New Zealand",New Zealand,Tapu,3575,-36.978367,175.53514,0.0,,,2,9,,,,,1,,,,,,,,,1,1,,,,#1 of 1 B&Bs / Inns in Tapu,1,1,13,4.8,5,5,4.8,5,5,5
1396133,Settlers Motel,"Make Settlers Motel your home to ""stay and play"" while you enjoy your Turangi Tongariro experience. Within 1-2 hours drive are the major tourist attractions of the Rotorua & Taupo regions. Turangi is on the North-Eastern boundary of the Tongariro National Park world renowned the 'best one day walk in New Zealand', The Tongariro Alpine Crossing. During the winter season we also have the Whakapapa Ski Fields (the biggest in New Zealand). A few minutes walk from our Motel is the famous Tongariro River, home to Trout Fishing, Kayaking, White-Water Rafting and beautiful walks. We can arrange and ticket any of the activities available in this area, including shuttle buses to the Mountain for Skiing or hiking. Our amenities include our Hot Spa, guest laundry & drying room, in room DVD players, Sky TV with 50+ channels plus split heat pumps in all unit, cosy warm in winter and cool in summer.",info@settlersmotelturangi.co.nz,,+64 7-386 7745,Hotel,"24 Te Arahori Street Corner State Highway 1 and Te Arahori Street, Turangi 3334 New Zealand",New Zealand,Turangi,3334,-38.991047,175.81175,3.0,$,115,8,82,,,,,1,1,,,,1,1,,1,1,,,,1,#5 of 10 hotels in Turangi,5,10,247,4.4,4.7,4.6,4.4,4.6,4.4,4.4
2031758,Tui Lodge,"Tui Lodge is a purpose built B&B in Turangi. Has 4 large en-suit bedrooms, guest lounge, underfloor heating, tea & coffee making facilities. Set in parklike grounds. Available for weddings.",tui-lodge@xtra.co.nz,http://www.tui-lodge.co.nz,+64 7-386 0840,Bed and Breakfast,"196 Taupahi Road, Turangi 3334 New Zealand",New Zealand,Turangi,3334,-38.99307,175.81273,4.0,$$$,417,4,0,,,,1,1,,1,,,,,1,,1,,,1,1,#4 of 8 B&Bs / Inns in Turangi,4,8,19,4.8,5,4.5,5,4.9,5,4.5
1534742,Copsefield Bed and Breakfast,"Peaceful, tranquil rural location north of Whangamata on the Coromandel Penisula. Close to beautiful beaches and approx 2 hour drive from Auckland Airport. Property surrounded by native bush, gardens and farmland. Private river and swimming hole for summer bathing at back door.",cop-sefield@xtra.co.nz,http://www.copsefield.co.nz,+64 7-865 9555,Bed and Breakfast,"25 1055 Sh, Whangamata 2982 New Zealand",New Zealand,Whangamata,2982,-37.14689,175.83652,3.0,$$,297.5,3,7,,,,,,,1,,1,1,,,1,1,,,,1,#4 of 9 B&Bs / Inns in Whangamata,4,9,24,4.8,4.9,4.7,4.7,4.9,4.9,4.7
1727045,Journey's End Raglan,"Journeys End is a stunning & private apartment with 180 degree veiws of the harbour, large private decking with bbq & out door furniture for your convenience. A beautiful private spa with a view second to none, all just a few steps to a publick walkway & then just meters from a lovely local restaurant & bar, plus fish & chips or fresh seafood from the famous whalf store, & some of our artistic towns best & most original shops & displays. Bikes, kayaks rods & fishing tackle can all be provided if the outdoors appeals & sky & unlimited WiFi are included in r&r is more your style. Accommodation is set on your own private level, with parking private entry & 24 hr access available. It includes large dinning & living area, kitchenette & two large double bedrooms both with large ensuites & 1 small single bedroom of main room plus a single bed/daybed in living area.",caseyleesims@gmail.com,http://www.raglanaccommodation.co.nz/,+64 27 218 3484,Bed and Breakfast,"49 Lily Street, Raglan 3225 New Zealand",New Zealand,Raglan,3225,-37.795467,174.8797,0.0,$$$,424.5,1,9,,,,1,1,,1,,1,1,1,1,1,1,,,1,1,#5 of 10 B&Bs / Inns in Raglan,5,10,15,4.5,4.4,4.1,4.5,4.5,4.6,4.5
10358604,ArtHouse Bed and Breakfast,"ArtHouse B&B is owned and operated by Denise & Bruce - our home is full of art treasures collected from around New Zealand and overseas over some 20 something years. If you have a love of art, you’ll be interested to stay with us in one of our three guest rooms when you visit the Waikato region of New Zealand. You’ll find us ideally situated on the outskirts of Matamata (we're just 10 mins drive from town). ArtHouse B&B offers wonderful views of the Kaimai Ranges, Mt Te Aroha and the nearby Wairere Falls. Your stay here will allow you to relax in quiet, calm surroundings with 3 alpaca grazing in our paddock. The Hobbiton Movie Set at Shires Rest is just 20 minutes drive from ArtHouse. ArtHouse B&B offers a quiet and restful country stay but is close to excellent restaurants, cafes and shopping in the small village of Matamata, just 10 minutes away. We promise you a unique experience – boutique country hospitality with artworks and alpacas !",stay@arthousebnb.co.nz,http://www.arthousebnb.co.nz,+64 7-880 9268,Bed and Breakfast,"77 Duncan Road RD1 Waharoa, Matamata 3474 New Zealand",New Zealand,Matamata,3474,-37.77215,175.72133,4.0,$,160,3,195,,,,1,1,,1,1,,,,,1,1,,,,1,#1 of 6 B&Bs / Inns in Matamata,1,6,151,5,5,4.9,5,5,5,5
1498508,Aultmore Hollow,"Country Comfort bed & breakfast in a special, secluded riverside setting. Choice of full private B&B suite or self catering, self contained detached cottage. Everything provided for your comfort. Safe swimming, year round fishing & boating right here. A truly romantic place to stay handy to both Taupo & Rotorua.",enquiries@aultmore.co.nz,http://www.aultmore.co.nz/,+64 7-333 7983,Bed and Breakfast,"615 River Road Broadlands, Taupo 3081 New Zealand",New Zealand,Taupo,3081,-38.59549,176.2844,3.0,$,135,2,11,,,,,,,,,,1,,,1,1,,,,,#20 of 42 B&Bs / Inns in Taupo,20,42,32,4.6,4.4,4.5,4.4,4.7,4.6,4.5
12525334,Amazing Kiwi Lodge,,,,,Specialty Lodging,"2870 Waihi Whangamata Road, Whangamata 3691 New Zealand",New Zealand,Whangamata,3691,-37.21955,175.86238,0.0,$$,219.5,,7,,,,1,,,,,,1,,,,1,1,,,1,#5 of 11 Speciality lodging in Whangamata,5,11,9,4.8,5,5,5,5,5,5
1022880,Adelphi Motel,"Looking for a place to stay in Taupo? Then look no further than Adelphi Motel, a family-friendly motel that brings the best of Taupo to your doorstep.
Guest rooms offer amenities such as air conditioning, a refrigerator, and a kitchenette, and guests can go online with free wifi offered by the motel.
The property also boasts barbeque facilities, to help make your stay more enjoyable. If you are driving to Adelphi Motel, free parking is available.
Nearby landmarks such as Spa Thermal Park and Riverbank Recreational and Scenic Reserve (1.4 mi) and Aratiatia Rapids (1.7 mi) make Adelphi Motel a great place to stay when visiting Taupo.
While visiting Taupo, you may want to try some shrimp at one of the nearby restaurants, such as Jolly Good Fellows.
If you are interested in exploring Taupo, check out one of the art galleries, such as L'Arte, Lava Glass, and Taupo Art Gallery.
We’re sure you’ll enjoy your stay at Adelphi Motel as you experience everything Taupo has to offer.
",adelphitaupo@xtra.co.nz,,+64 7-378 7594,Hotel,"39-41 Kaimanawa Street Corner Kaimanawa & Heu Heu Sts.,, Taupo 3330 New Zealand",New Zealand,Taupo,3330,-38.68897,176.07741,3.0,,,10,33,,,,,,,,,,1,,,1,1,,,1,,#47 of 60 hotels in Taupo,47,60,89,3.8,4.6,4.3,4.1,4.2,4.5,4.3
12076699,Reflections By The River,,,,,Bed and Breakfast,"1103 River Road, Hamilton 3210 New Zealand",New Zealand,Hamilton,3210,-37.74354,175.257,0.0,,,,6,,,,,,,,,1,,,,,,,,,1,#6 of 25 B&Bs / Inns in Hamilton,6,25,14,4.9,4.5,4.5,5,5,4.5,5
1008206,Kinara Country Homestay,,info@kinara.co.nz,,+64 7-378 8837,Bed and Breakfast,"159 Palmer Mill Road Rd1, Taupo 3384 New Zealand",New Zealand,Taupo,3384,-38.5923,176.11407,0.0,$$,172.5,3,1,,,,,,,,,,,,,1,1,,,,,#22 of 42 B&Bs / Inns in Taupo,22,42,29,4.9,5,4.8,4.8,4.9,4.9,4.7
13340873,Coromandel Views Bed & Breakfast,,,,,Specialty Lodging,"100 Main Street Coromandel, Coromandel 3506 New Zealand",New Zealand,Coromandel,3506,-36.74864,175.5068,0.0,,,,1,,,,,,,1,,1,,,1,,,,,,1,#16 of 26 Speciality lodging in Coromandel,16,26,11,5,5,5,5,5,5,5
2175988,Foxgloves Bed & Breakfast,"Located in a tranquil rural setting in the lush Waikato region of New Zealand, the beautifully renovated Foxgloves Bed and Breakfast is an escape to the country. This traditional Victorian homestead, surrounded by rolling farmlands, takes you back to a bygone era where time stands still and you wake to the sound of bird song, farm animals and the smell of a good country style breakfast.",info@foxgloves.co.nz,http://foxgloves.co.nz,+64 7-838 8794,Bed and Breakfast,"5477 Highway 22 Waingaro, Ngaruawahia 3794 New Zealand",New Zealand,Ngaruawahia,3794,-37.66624,175.14207,4.0,$,126,3,15,,,,,,,1,,,,,,,1,,,,1,#1 of 1 B&Bs / Inns in Ngaruawahia,1,1,20,5,5,4.7,4.7,4.8,4.9,4.7
6408207,104 on Moore Bed & Breakfast,"A bed and breakfast in Whangamata that offers you the comforts of home accommodation. Your BnB in peaceful, private surroundings in our special part of the Whangamata. Start your day with a stroll on the Otahu Estuary, and return to a delicious continental breakfast of homemade muesli, fresh local fruit, natural yoghurts, preserves, freshly squeezed orange juice, a selection of teas, and espresso coffee. You will not be disappointed! Arrive as strangers, leave as friends",104onmoorenz@gmail.com,,+64 27 245 5131,Specialty Lodging,"104 Moore Place, Whangamata 3620 New Zealand",New Zealand,Whangamata,3620,-37.226345,175.87738,0.0,,,2,11,,,,,1,1,1,,,,,,1,1,,,,1,#4 of 11 Speciality lodging in Whangamata,4,11,10,4.9,5,5,4,5,5,5
6023534,Te Kouma Harbour Cottages,,tekouma@xtra.co.nz,http://www.tekoumacottages.co.nz/,+64 7-866 8747,Specialty Lodging,"25 Sh, Coromandel New Zealand",New Zealand,Coromandel,,-36.769485,175.50668,0.0,,,6,4,,,,,,,,,1,1,,,,,,,,,#17 of 26 Speciality lodging in Coromandel,17,26,20,4.6,4.8,4.6,5,4.4,5,4.5
5982511,Whitianga Bed & Breakfast,"Whitianga Bed & Breakfast is an excellent choice for travelers visiting Whitianga, offering a romantic environment alongside many helpful amenities designed to enhance your stay.
Whitianga Bed & Breakfast features executive lounge access. Guests arriving by vehicle have access to free parking.
While visiting Whitianga, you may want to try some burritos at one of the nearby restaurants, such as The Harbour House Cafe.
Should time allow, Stu's Wild Pig Farm is a popular attraction that is within walking distance.
Enjoy your stay in Whitianga!
",,http://www.whitiangabedandbreakfast.co.nz/,+64 7-866 2860,Bed and Breakfast,"1 Golf Road, Whitianga 3591 New Zealand",New Zealand,Whitianga,3591,-36.8351,175.66891,0.0,,,4,9,,,,,,,,,1,,,,1,1,,,,1,#23 of 35 B&Bs / Inns in Whitianga,23,35,26,4.3,4.7,4.1,4.3,4.1,4.4,4.2
23919877,Lakeside Villas Resort,,info@lakesidevillas.co.nz,https://lakesidevillasresort.wordpress.com/,+64 7-378 6706,Hotel,"96 Lake Terrace, Taupo 3330 New Zealand",New Zealand,Taupo,3330,-38.6954,176.079,4.0,,,,1,,,,,,,,,,,,,,,,,,,#50 of 69 hotels in Taupo,50,69,3,4.7,4.5,5,4.5,4,4.5,5
7056197,Harbour Drive B&B,"Harbour Drive B&B is an excellent choice for travelers visiting Matarangi, offering a romantic environment alongside many helpful amenities designed to enhance your stay.
Free wifi is offered to guests, and rooms at Harbour Drive B&B offer a flat screen TV, a refrigerator, and a seating area.
While staying in Matarangi, you can check out a popular cafe like Pipers Cafe, which is serving up some great dishes.
Enjoy your stay in Matarangi!
",,http://www.matarangibedandbreakfast.co.nz/,+64 7-867 1522,Bed and Breakfast,"119 Harbour Drive, Matarangi 3592 New Zealand",New Zealand,Matarangi,3592,-36.73187,175.64507,3.0,,,,22,,,,,,,,,,,,,,1,,,,1,#2 of 3 B&Bs / Inns in Matarangi,2,3,11,4.9,5,4.4,5,4.9,4,5
12183758,Grasslands Bed & Breakfast,"Recently opened in 2017, we offer adult only accommodation with three rooms for singles or couples, each has an ensuite with toilet & shower, hair dryer, wardrobe, commercial bedding, a silent fridge & tea/coffee facilities, whisper quiet aircon, voice controlled bluetooth speaker/assistant, free wifi, TV and lockable internal and external access. Shared Gym, Lounge, heated Pool and Spa.",info@gbb.co.nz,http://gbb.co.nz,+64 7-823 3500,Bed and Breakfast,"503 Grasslands Drive, Cambridge 3493 New Zealand",New Zealand,Cambridge,3493,-37.8827,175.44313,3.5,$$,200.5,3,30,,,,,,,1,,1,,,,,1,1,,,1,#14 of 26 B&Bs / Inns in Cambridge,14,26,12,4.8,5,5,4.3,4.8,4.6,5
3379035,Riverglen Holiday Park and Campground,"Riverglen Holiday Park and Camp Ground is situated on the banks of the Waiwawa river with one of the best swimming holes in the area. 
We are surrounded by native bush with a beautiful waterfall just 10 minutes walk from the gate.
Our Holiday Park Accommodation is central to Hot Water Beach Cathedral Cove and Whitianga all within 15 minutes drive.And just 3km from the iconic Coroglen Tavern
We have Motel units, standard cabins, bunkrooms, powered and non powered sites.",riverglen@xtra.co.nz,http://www.riverglencoromandel.co.nz/,+64 7-866 3130,Specialty Lodging,"2436 Tapu Coroglen Road Coroglen RD 1, Whitianga 3591 New Zealand",New Zealand,Whitianga,3591,-36.94144,175.6721,0.0,,,10,23,,,,,,,,,1,1,,,1,1,,,1,,#17 of 32 Speciality lodging in Whitianga,17,32,46,3.8,2.8,4.4,3.6,3,4.3,3.6
1209409,Seaspray Motel,,sea.spray@xtra.co.nz,http://www.seaspraymotel.co.nz,+64 7-868 2863,Hotel,"613 Thames Coast Road RD5, Waiomu Bay New Zealand",New Zealand,,,-37.02367,175.51445,0.0,,,6,43,,,,,,,,,1,1,,1,1,1,1,,,,#37 of 43 hotels in Coromandel Peninsula,37,43,38,4,3.9,4.6,3.7,4.2,4.2,4.2
266865,Shoreline Motel,"See why so many travelers make Shoreline Motel their motel of choice when visiting Taupo. Providing an ideal mix of value, comfort and convenience, it offers an array of amenities designed for travelers like you.
Guest rooms offer amenities such as air conditioning and a kitchenette, and guests can go online with free internet access offered by the motel.
Looking to explore? Then look no further than L'Arte and Taupo Art Gallery, which are some popular Taupo art galleries – all conveniently located a short distance from the motel.
At Shoreline Motel, your comfort and satisfaction come first, and they look forward to welcoming you to Taupo.
",shoreline.motel@xtra.co.nz,,+64 7-378 6912,Hotel,"144 State Highway 1 Waitahanui, Taupo 3378 New Zealand",New Zealand,Taupo,3378,-38.79027,176.07596,0.0,,,11,21,,,,,,,,,,1,,,,,,,,,#51 of 60 hotels in Taupo,51,60,19,4.6,4.9,4.6,4.7,4.9,5,4.8
13819563,Luxury Under Canvas Limited,"Whether its a glamping adventure staycaton for couples, families or small groups or just a place to stay on your way from Auckland Airport to New Zealand's favourite attractions, we can offer you luxury accommodation. Get inspired by our luxury glam camping ideas for couples, families, weddings, retreats and corporate getaways. No more uncomfortable air mattresses, damp clothes, leaking tents. Wooden floors, quality hotel linens and functioning kitchens give you an unparalleled glamping holiday experience. ​The hassle of erecting and packing away a tent is a thing of the past! Glam camping offers you all the joys of camping, the benefits of the great outdoors, sleeping under canvas, getting close to nature while at the same time offering you a fantastic restful break because everything is set up for your luxury stay.",admin@luxuryundercanvas.co.nz,http://www.luxuryundercanvas.co.nz,+64 27 702 0555,Specialty Lodging,"268 Mercer Ferry Road Rd 1, Mercer 2696 New Zealand",New Zealand,Mercer,2696,-37.29949,175.02878,3.0,$$$,399.5,2,28,,,,,,,1,,1,1,,,,1,,,,,#1 of 1 Speciality lodging in Mercer,1,1,4,4.8,5,,5,5,,
12422749,Paeroa Pukeko Lodge,,,,,Specialty Lodging,"456 Rotokohu Road, Paeroa 3673 New Zealand",New Zealand,Paeroa,3673,-37.42225,175.69214,0.0,,,,16,,,,,1,,1,,1,,,,,1,,,,1,#1 of 4 Speciality lodging in Paeroa,1,4,3,5,,5,,5,,4
5000226,The Waterlily Gardens,"Stay at The Waterlily Gardens, for a peaceful, indulgent break away. Explore fifteen enchanting acres of gardens, ponds and established park-like grounds just 5 minutes from Waihi and historic bushwalks and cycle tracks of the Karangahake Gorge, and 10 minutes from Waihi Beach.",info@waterlily.co.uk,http://www.waterlily.co.nz,+64 27 325 2590,Specialty Lodging,"441 Pukekauri Road, Waihi 3682 New Zealand",New Zealand,Waihi,3682,-37.421364,175.80182,3.0,,,2,46,,,,,,1,,,,1,,,1,1,,,,,#8 of 11 Speciality lodging in Waihi,8,11,9,4.3,,,,1,,
3377861,Ascot Lodge Motel,"Ascot Lodge Motel is an excellent choice for travelers visiting Hamilton, offering a family-friendly environment alongside many helpful amenities designed to enhance your stay.
Guest rooms offer amenities such as a refrigerator and a kitchenette, and guests can go online with free wifi offered by the small hotel.
Ascot Lodge Motel features room service, to help make your stay more enjoyable. The property also boasts a pool. If you are driving to Ascot Lodge Motel, free parking is available.
Given the close proximity of popular landmarks, such as Rally Drive NZ (1.8 mi) and Waikato Stadium (2.0 mi), guests of Ascot Lodge Motel can easily experience some of Hamilton's most well known attractions.
While in Hamilton be sure to experience local dumplings  favorites at The Chilli House, Gothenburg, or Madam Woo.
If you’re looking for things to do, you can check out Sapper Horace Moore-Jones commemorative statue (1.2 mi) or Swarbricks Landing (1.1 mi), which are popular attractions amongst tourists, and they are all within walking distance.
Enjoy your stay in Hamilton!
",motel_ascot@xtra.co.nz,http://www.ascotlodgemotel.co.nz,+64 7-849 2337,Bed and Breakfast,"320 Te Rapa Road, Hamilton 3200 New Zealand",New Zealand,Hamilton,3200,-37.7656,175.25508,2.0,,,11,4,,,,,,,,,,1,,1,1,1,1,1,,1,#10 of 25 B&Bs / Inns in Hamilton,10,25,35,3.5,3.9,3.9,3.3,4,3.7,3.6
8791525,Miranda Homestead B&B,,,,,Specialty Lodging,"397 Front Miranda Road, Miranda 3576 New Zealand",New Zealand,Miranda,3576,-37.2139,175.35423,0.0,$$,261.5,2,5,,,,,,,,,1,,,1,,1,,,,1,#1 of 1 Speciality lodging in Miranda,1,1,7,4.7,5,4.3,5,4.8,4.5,4
7056630,Nourish Bed and Breakfast,"Looking for a place to stay in Ohaupo? Then look no further than Nourish Bed and Breakfast, a romantic bed and breakfast that brings the best of Ohaupo to your doorstep.
Nourish Bed and Breakfast is a romantic bed and breakfast offering a flat screen TV and a refrigerator in the rooms, and it is easy to stay connected during your stay as free wifi is offered to guests.
For guests with a vehicle, free parking is available.
Ohaupo has plenty of cafes. So when you’re here, be sure to check out popular spots like The olde creamery, Leadlight Glass Studio & Gallery Cafe, and Cafe De Roadies, which are serving up some great dishes.
During your visit, be sure to check out The Tree Church (0.4 mi), which is a popular attraction within walking distance of the bed and breakfast.
We’re sure you’ll enjoy your stay at Nourish Bed and Breakfast as you experience everything Ohaupo has to offer.
",stay@nourishbedandbreakfast.co.nz,,+64 7-823 8108,Bed and Breakfast,"139 Norrish Road, Ohaupo 3881 New Zealand",New Zealand,Ohaupo,3881,-37.905655,175.33572,0.0,,,2,6,,,,,,,,1,,,,,,1,,,,1,#2 of 4 B&Bs / Inns in Ohaupo,2,4,8,5,,5,5,5,5,5
1028862,Aroha Mountain Lodge,,greg.linda@xtra.co.nz,http://www.arohamountainlodge.co.nz/aroha/,+64 7-884 8134,Specialty Lodging,"5-7 Boundary Street, Te Aroha 3320 New Zealand",New Zealand,Te Aroha,3320,-37.54326,175.7154,0.0,,,6,37,,,,,,,,,,,,,1,1,,,,,#1 of 3 Speciality lodging in Te Aroha,1,3,79,4.7,4.8,4.8,4.4,4.6,4.5,4.5
25199481,Lake Vista Lodge,,siteconsult@xtra.co.nz,https://www.facebook.com/people/Lake-Vista-Lodge/100057078925054/?paipv=0&eav=AfbcXnr2fqJJROQG6odTPOu2pJAz7ganWQxGYVna72MF2QPxwWYFcm05DZiYNdipHFA&_rdr,+64 22 044 5499,Bed and Breakfast,"27 Wakeman Road, Taupo 3330 New Zealand",New Zealand,Taupo,3330,-38.705894,176.03012,0.0,$$$$,1062.5,,7,,,,,,,,,,,,,,,,,,,#27 of 42 B&Bs / Inns in Taupo,27,42,4,4.8,,,,,,
12132067,Omori Lodge,"Featuring free WiFi and free private parking, Omori Lodge offers pet-friendly accommodation in Tokaanu. Taupo is 65 km from the property. All rooms include heating and some offer lake views. Towels and bed linen are provided. You can engage in various activities, such as cycling and fishing. The popular Tongariro Alpine Crossing is just 38 km from the property. Turangi is 11 km from Omori Lodge. Couples particularly like the location — they rated it 8 for a two-person trip. This property is also rated for the best value in Tokaanu! Guests are getting more for their money when compared to other properties in this city.",omorilodge@hotmail.com,http://omorilodge.co.nz,+64 27 542 0353,Specialty Lodging,"55 Omori Road Turangi, Omori 3381 New Zealand",New Zealand,Omori,3381,-38.90952,175.74387,2.5,$$$$,2066.5,11,42,,,,,,,,,1,,,,1,1,,,1,1,#1 of 1 Specialty lodging in Omori,1,1,7,5,5,5,5,5,,5
7938485,Retro Motel at The Ambassador Hotel,"The Retro Motel provides quality, cost effective accommodation for business and leisure travellers, families and groups. Well positioned within walking distance of Waikato Stadium, Founders Theatre, Seddon Park, Claudelands Events Centre & the CBD. Located opposite Pac N Save, Subway and KFC your group will enjoy a relaxing stay in our motel complex. Swimming pool & free parking.",reception@theambassador.co.nz,http://www.retromotel.co.nz,+64 800 800 533,Bed and Breakfast,"88 Ulster Street, Hamilton 3240 New Zealand",New Zealand,Hamilton,3240,-37.77865,175.27412,3.0,$,199.5,21,45,2,151,163,,,,,,1,1,,,1,1,1,1,1,1,#9 of 25 B&Bs / Inns in Hamilton,9,25,59,3.4,3.9,3.7,3.2,3.6,3.6,4.1
7369387,Country Lifestyle Home,,,,,Specialty Lodging,"2 Oak Drive, Taupo 3384 New Zealand",New Zealand,Taupo,3384,-38.58946,176.10207,0.0,,,4,6,,,,,,,,,,,,,,,,,,,#24 of 39 Speciality lodging in Taupo,24,39,8,5,5,4,5,5,5,5
1965970,Peninsula Waterfront Retreat,"The Peninsula Waterfront Retreat is situated on a small headland on the shores of the Whangamata Harbour in the Coromandel Peninsula. This large lodge styled home with 1.5 acres of tropical gardens, swimming pool, and tennis court makes for the perfect holiday getaway. Do as little or as much as you please: kayaking, fishing, tennis, coastal walks, golf or simply lounging by the pool. Ever changing views down the harbour and over forested hills provide a secluded paradise. The self-catering apartment and upstairs master suite cater for a maximum of 6 persons in 3 double bedrooms, 2 bathrooms, fully equipped kitchenette plus bbq, lounge, sky tv, All kayak, mountain bike & tennis equipment & helmets, life jackets etc., are onsite and in a variety of sizes.",book@peninsularetreat.com,http://www.peninsularetreat.com,+64 21 647 248,Specialty Lodging,"38 Aileen Place, Whangamata 3691 New Zealand",New Zealand,Whangamata,3691,-37.17998,175.85956,4.0,$$$$,1044,3,32,,,,,,,1,,1,1,1,,1,1,1,,1,1,#7 of 11 Speciality lodging in Whangamata,7,11,14,5,5,5,4.9,5,5,4.8
1984446,Leighton Lodge Bed & Breakfast,"Welcome to Leighton Lodge, your Whitianga “home away from home.” Leighton Lodge aims to make your visit as relaxing and enjoyable as possible, which is why so many guests continue to come back year after year.
Rooms at Leighton Lodge offer a refrigerator, a kitchenette, and a seating area providing exceptional comfort and convenience, and guests can go online with free internet access.
Should time allow, The Lost Spring is a popular hot spring that is relatively easy to get to.
Leighton Lodge puts the best of Whitianga at your fingertips, making your stay both relaxing and enjoyable.
",welcome@leightonlodge.co.nz,http://www.leightonlodge.co.nz/,+64 7-866 0756,Bed and Breakfast,"17 Stewart Place RD 2, Whitianga, Kuaotunu 3592 New Zealand",New Zealand,Kuaotunu,3592,-36.72343,175.8054,0.0,,,2,18,,,,,,,1,,,,,,,1,,,,,#1 of 1 B&Bs / Inns in Kuaotunu,1,1,21,4.1,4.1,4.3,3.7,4.2,4.2,4.1
7305419,Brown Trout House,,,,+64 7-386 0308,Bed and Breakfast,"11 Kokopu Street, Turangi 3334 New Zealand",New Zealand,Turangi,3334,-38.99776,175.81189,0.0,,,,1,,,,,,,,,1,,,,,,,,,,#5 of 8 B&Bs / Inns in Turangi,5,8,14,4.9,5,5,4.7,5,5,5
2060256,Colville Bay Motel,,colvillemotel@colville.org.nz,http://www.colvillebaymotel.co.nz/,+64 7-866 6814,Bed and Breakfast,"Colville Bay, Colville New Zealand",New Zealand,Colville,,-36.62924,175.46745,0.0,,,4,1,,,,,,,,,1,,,1,,,,,,,#1 of 1 B&Bs / Inns in Colville,1,1,7,4.4,4,5,3.5,4.7,4.3,4
1238328,Te Kouma Bed and Breakfast,"If you’re looking for a romantic bed and breakfast in Coromandel, look no further than Te Kouma Bed and Breakfast.
Rooms at Te Kouma Bed and Breakfast provide a refrigerator, and getting online is easy, with free internet access available.
In addition, Te Kouma Bed and Breakfast offers a lounge, which will help make your Coromandel trip additionally gratifying. And, as an added convenience, there is free parking available to guests.
If you’re looking for a seafood restaurant, consider a visit to Coromandel Oyster Company or Coromandel Mussell Kitchen, which are all conveniently located a short distance from Te Kouma Bed and Breakfast.
The staff at Te Kouma Bed and Breakfast looks forward to serving you during your upcoming visit.
",ko_jm_muller@xtra.co.nz,http://www.tekoumabnb.co.nz/,+64 7-866 7971,Bed and Breakfast,"50 Puriri Road, Coromandel 3581 New Zealand",New Zealand,Coromandel,3581,-36.80648,175.4775,4.0,,,3,15,,,,,,,,,,,,,1,1,,,,,#9 of 15 B&Bs / Inns in Coromandel,9,15,49,5,4.9,4.8,4.8,4.8,4.6,4.8
23263451,Waihi Gold Alpacas,,,https://www.facebook.com/Waihi-Gold-Alpaca-farm-stay-accommodation-107943464427709/,,Specialty Lodging,"619 Waitawheta Road, Waihi 3682 New Zealand",New Zealand,Waihi,3682,-37.437,175.80042,0.0,$$,244,,8,1,242,242,,,,,,,,,,,,,,,,#9 of 11 Speciality lodging in Waihi,9,11,3,5,5,5,5,5,5,5
610470,South Claragh & Bird Cottage,"Comfortable country accommodation set in mature, rambling gardens. B&B or self-contained cottage. Warm, relaxed ambience, good beds and privacy assured. Close to Taupo, Pureora Forest, Rotorua's geothermal areas, Tongariro National Park. Meet our friendly Highlanders and our other pets.",welcome@countryaccommodation.co.nz,http://countryaccommodation.co.nz,+64 27 243 7003,Specialty Lodging,"3245 Poihipi Road, Taupo 3492 New Zealand",New Zealand,Taupo,3492,-38.51909,175.80565000000001,0.0,$,129.5,3,10,,,,,,1,,,,,,,,1,,,,1,#25 of 39 Speciality lodging in Taupo,25,39,10,4.9,4.8,4.2,4.9,5,5,5
19875999,Oasis Motel,,oasismotelstokaanu@xtra.co.nz,http://oasismotel.co.nz/,+64 7-386 8569,Specialty Lodging,"426 Tokaanu Roar, Rd1, Tokaanu, Turangi 3353 New Zealand",New Zealand,Tokaanu,3353,-38.97128,175.77034,0.0,,,,4,,,,,,,,,,,,,,,,,,,#2 of 3 Speciality lodging in Tokaanu,2,3,6,4.3,5,5,4.7,5,4.5,5
1655011,Fletcher Bay Backpackers,,,,+64 7-866 6685,Specialty Lodging,"Fletcher Bay, Coromandel New Zealand",New Zealand,Coromandel,,-36.476562,175.38968,0.0,,,80,39,,,,,,,,,,,,,,,,,,,#21 of 26 Speciality lodging in Coromandel,21,26,8,4.6,4.6,5,4,3.8,4,5
8846600,Te Puru Beach Lodge,"Luxury Boutique B & B Lodge right on the beach at Te Puru, coastal settlement on Thames-Coromandel Coast. Qualmark and B & B Association members. 3 suites with ensuites all enjoy stunning beach and sea/coastline views. One ground floor suite has walk-out deck. Guest lounge, free breakfast, free luxury toiletries. Tea & coffee making facilities, Bathrobes & slippers. Free spa pool.",info@tepurubeachlodge.com,http://www.tepurubeachlodge.com,+64 7-868 2209,Specialty Lodging,"503 Thames Coast Road SH25, Te Puru RD5, 3575 New Zealand",New Zealand,,3575,-37.042236,175.51917,4.5,$$$,454,3,11,3,428,474,,,,1,1,,,1,,,1,,,,1,#59 of 114 Speciality lodging in Coromandel Peninsula,59,114,17,4.8,5,5,5,5,5,5
12099401,Jennie's In Whitianga,,,,,Specialty Lodging,"55 Kupe Drive, Whitianga 3510 New Zealand",New Zealand,Whitianga,3510,-36.83426,175.69325,0.0,$,162.5,,0,2,151,151,,,,,,1,,,1,,1,,,,1,#21 of 32 Speciality lodging in Whitianga,21,32,6,4.7,5,,,5,,4
5015869,Karangahake River Lodge & Campervan Park,,info@river-road.co.nz,,+64 7-862 8481,Specialty Lodging,"45 River Road Karangahake, Paeroa 3674 New Zealand",New Zealand,Paeroa,3674,-37.4149,175.7147,0.0,,,,1,,,,,,,,,,,,,,,,,,,#4 of 4 Speciality lodging in Paeroa,4,4,3,4.7,5,5,,5,5,4
13478996,The Pavillion,"Welcome to The Pavillion, your Hahei “home away from home.” The Pavillion aims to make your visit as relaxing and enjoyable as possible, which is why so many guests continue to come back year after year.
The guest house offers a picnic area, a sun terrace, and outdoor furniture, to make your visit even more pleasant. Guests arriving by vehicle have access to free parking.
If you’re looking for a deli, consider a visit to Costal Co-Op, which is not far from The Pavillion.
The Pavillion puts the best of Hahei at your fingertips, making your stay both relaxing and enjoyable.
",,,,Bed and Breakfast,"27 Grierson Close, Hahei 3591 New Zealand",New Zealand,Hahei,3591,-36.84079,175.80078,0.0,$$,308,,8,,,,,1,,,1,,,,,,1,,,,1,#4 of 5 B&Bs / Inns in Hahei,4,5,6,5,5,5,4,5,5,5
1653938,Kotuku Bach B&B Coromandel,"Open plan homestay with three ensuite guest bedrooms (two queen and one twin) that open to the tv lounge, dining area. Two outside areas, one in the back patio garden or on the deck at the front of the house. Wifi is available throughout. Kotuku is only a short two minute walk to the scenic Otahu Estuary reserve and an easy ten minute stroll to the surf beach.",bookings@kotukuhomestay.co.nz,http://www.kotukuhomestay.co.nz/,+64 7-865 6128,Bed and Breakfast,"422 Otahu Road, Whangamata 3620 New Zealand",New Zealand,Whangamata,3620,-37.22345,175.8737,3.0,,,3,12,,,,,1,,,,1,,,,,1,,,,1,#6 of 9 B&Bs / Inns in Whangamata,6,9,12,4.5,4.5,4,4.3,4.7,4.4,4.3
13324261,The Boat House,,,,,Specialty Lodging,"211 Main Road, Tairua 3508 New Zealand",New Zealand,Tairua,3508,-37.00501,175.84773,3.5,$$,265.5,,4,,,,,,,,,,,,1,,1,,,,1,#4 of 5 Speciality lodging in Tairua,4,5,3,5,,,5,5,,5
1390301,Hawleys B & B Hahei,"Situated on the flat, half way (200m) between the beach and the shops and cafes. Ideal for those who enjoy extra space, privacy and comfort. The purpose built two double bedrooms and spacious bathroom take up all of the second story at the rear of the house. The larger room has a balcony and a queen size double bed, and the smaller room twin beds. There is secure garaging. Children are welcome - cot and high chair available.",hawleys@haheibeach.co.nz,http://haheibeach.co.nz/,+64 7-866 3272,Bed and Breakfast,"19 Hahei Beach Road Rd 1, Whitianga 3591 New Zealand",New Zealand,Whitianga,3591,-36.8393,175.80396,3.0,$$,175,2,14,,,,,,,,,,1,,1,,,,,,1,#25 of 35 B&Bs / Inns in Whitianga,25,35,18,4.7,4.9,4.9,4.8,4.7,4.7,4.8
20328182,Angus Road Barn,,angusroadbarn@gmail.com,https://www.angusroadbarn.co.nz/,+64 21 149 4360,Bed and Breakfast,"10 Angus Rd RD1, Ohaupo 3881 New Zealand",New Zealand,Ohaupo,3881,-37.87569,175.36845,0.0,,,,0,,,,,,,,,,,,,,,,,,,#3 of 4 B&Bs / Inns in Ohaupo,3,4,5,5,,,,5,5,5
2442853,Waihi Motor Camp,,gloria@waihimotorcamp.co.nz,http://www.waihimotorcamp.co.nz,+64 7-863 7654,Specialty Lodging,"6 Waitete Road, Waihi 3610 New Zealand",New Zealand,Waihi,3610,-37.38875,175.82617,0.0,,,,19,,,,,,,,,,,,,,1,1,,,,#10 of 11 Speciality lodging in Waihi,10,11,39,3.5,3.8,3.9,3.4,3.5,4,4.1
16646692,Dragonfly Farm,,info@dragonflycottage.co.nz,http://www.dragonflycottage.co.nz/dragonfly_accommodation.html,+64 7-866 3117,Specialty Lodging,"207 Kapowai Road, RD1, Whenuakite 3510 New Zealand",New Zealand,Whenuakite,3510,-36.93502,175.71796,0.0,,,,5,,,,,,,,,1,,,,,,,,,,#2 of 2 Speciality lodging in Whenuakite,2,2,5,4.8,5,5,5,4.5,,
1199032,Kiwi Cave Rafting Backpackers,,kiwicaverafting@gmail.com,http://www.bbh.co.nz/bbh_HostelSearch.aspx?bbh=detail&HostelID=376,+64 800 228 372,Specialty Lodging,"95 Waitomo Caves Road, Waitomo Caves 3977 New Zealand",New Zealand,Waitomo Caves,3977,-38.266674,175.18307,0.0,,,3,8,,,,,1,,,,,,,,,1,,,,,#4 of 4 Speciality lodging in Waitomo Caves,4,4,27,4,3.8,3.7,4.1,4.4,4.7,4.4
23887817,Okauia House,,,,+64 27 260 0000,Bed and Breakfast,"175 Okauia Springs Road, Okauia 3471 New Zealand",New Zealand,Okauia,3471,-37.79047,175.82973,0.0,$$,257.5,,12,1,211,211,,,,,,,,,,,,,,,,#1 of 1 B&Bs / Inns in Okauia,1,1,3,5,5,5,5,5,5,5
10753499,Acacia Waters,,,,,Specialty Lodging,"27 Te Urunga Place Acacia Bay, Taupo 3330 New Zealand",New Zealand,Taupo,3330,-38.71049,176.02377,0.0,,,,18,,,,1,,,,1,1,,,1,,1,,,,1,#23 of 39 Speciality lodging in Taupo,23,39,10,4.7,3,4.3,5,4.2,5,4
257761,Park House,,Park.House@xtra.co.nz,,+64 7-827 6368,Hotel,"70 Queen St, Hamilton New Zealand",New Zealand,Hamilton,,-37.79289,175.26764,0.0,$,145.5,3,0,,,,,,,,,1,,,,,,,,,,#32 of 56 hotels in Hamilton,32,56,4,5,5,5,5,4.7,5,5
530434,Victoria Hotel Suites,"Welcome to Victoria Hotel Suites - for affordable, quality accommodation in the central heart of downtown Hamilton. Ideally located on one of Hamilton’s most popular city streets, Victoria Hotel Suites is close to the central business district, walking distance to great local cafes and in the middle of Hamilton’s vibrant restaurant scene.",info@victoriasuites.co.nz,,+64 7-958 1110,Bed and Breakfast,"303 Victoria Street, Hamilton 3204 New Zealand",New Zealand,Hamilton,3204,-37.78798,175.28337,3.0,$,304.5,22,7,,,,,,,,,,1,,,1,,,1,1,1,#11 of 25 B&Bs / Inns in Hamilton,11,25,51,3.4,3.7,4.3,3.4,3.6,3.8,3.7
13958547,Tokaanu Hotel,,info@tokaanuhotel.com,http://www.tokaanuhotel.co.nz,+64 7-386 0515,Specialty Lodging,"525 State Highway 41, Tokaanu, Turangi 3381 New Zealand",New Zealand,Tokaanu,3381,-38.963478,175.7655,0.0,$,185.5,12,41,,,,,,,,,,,1,,1,1,1,,1,1,#3 of 3 Speciality lodging in Tokaanu,3,3,13,3.5,4.5,,3,3.8,5,3
24054047,WoodyHanger Lodge,,woodyhangerlodge@gmail.com,https://www.woodyhangerlodge.co.nz/,+64 21 433 408,Specialty Lodging,"93 Moewai Road, Whitianga 3591 New Zealand",New Zealand,Whitianga,3591,-36.825768,175.6664,5.0,$$$,323.5,,14,,,,,,,,,,,,,,,,,,,#24 of 32 Speciality lodging in Whitianga,24,32,2,5,,5,,5,,5
1201491,Waters Edge Holiday Accommodation,"Our villas all enjoy beautiful water views and semi tropical gardens. Enjoy a peaceful, private haven with all the fun of kayaks, harbour cruises and safe swimming from our absolute beachfront location (life-jackets, provided). We offer excellent parking with only a 3 minute drive to great cafes, artisans and interesting and eclectic shopping. 30 minutes from Hamilton City, 90 minutes from Auckland International Airport.Both villas are self catering- so guests need to bring their own food supplies. The price per night is $195.",info@watersedge.co.nz,http://www.watersedge.co.nz/,+64 7-825 0567,Bed and Breakfast,"100E Greenslade Road Moonlight Bay, Raglan 3295 New Zealand",New Zealand,Raglan,3295,-37.80122,174.89307,0.0,$$$$,784,2,54,,,,,,,,,,1,,,,1,,,,1,#3 of 10 B&Bs / Inns in Raglan,3,10,47,4.9,4.9,4.9,4.9,4.8,4.9,4.8
1798465,Sea View cottage,,Seaviewcottage@xtra.co.nz,http://www.seaviewcottage.co.nz/,+64 7-864 8900,Specialty Lodging,"159 Main Road, Tairua 3508 New Zealand",New Zealand,Tairua,3508,-37.00827,175.8489,0.0,,,2,5,,,,,,,,,,,,,,,,,,,#5 of 5 Speciality lodging in Tairua,5,5,6,4.7,5,4.7,4.8,5,5,5
24859245,The End Lounge B&B,,,,+64 27 532 8319,Bed and Breakfast,"120 Ouruwhero Road, Otorohanga 3974 New Zealand",New Zealand,Otorohanga,3974,-38.16923,175.21121,0.0,$,160.5,,7,1,170,170,,,,,,,,,,,,,,,,#4 of 4 B&Bs / Inns in Otorohanga,4,4,2,4.5,,4,,4,5,
10490574,Lakeside Village Inn,"The Mangakino Lakeside Village inn offers comfortable budget accommodation in the centre of Mangakino and the Waikato. Our accommodation is located only 5 minutes from Lake Maraetai which is part of the newly-opened Waikato River Trails. We have an onsite bar, which offers bar meals and a private garden to enjoy your meal and drinks in.",lakesidevillageinn@gmail.com,http://accommodationmangakino.co.nz/,+64 7-882 8321,Specialty Lodging,"60 Rangatira Drive opposite the 4Square Shop, Mangakino 3421 New Zealand",New Zealand,Mangakino,3421,-38.37013,175.77441,0.0,,,8,20,,,,,1,1,1,,,,1,1,1,1,1,,,1,#2 of 2 Speciality lodging in Mangakino,2,2,6,4.3,5,4,5,4.6,5,4
12461459,Milo's Homestay,,,,,Bed and Breakfast,"148B Cook Drive, Whitianga 3510 New Zealand",New Zealand,Whitianga,3510,-36.82618,175.69934,3.0,,,,12,,,,,,,,,,,,,,1,,,,1,#30 of 35 B&Bs / Inns in Whitianga,30,35,3,5,,,,,,
487273,Top House,,bookings@pointhouse.co.nz,,+64 7-377 0169,Hotel,"42 The Point Acacia Bay, Taupo New Zealand",New Zealand,Taupo,,-38.70217,176.031,3.0,,,312,3,,,,,,,,,,,,,,,,,,,#52 of 60 hotels in Taupo,52,60,9,4.9,4.9,4.8,5,5,5,4.2
15593781,Pumice,,,,,Specialty Lodging,"Unit 2 15 Boundary Road, Taupo 3330 New Zealand",New Zealand,Taupo,3330,-38.70999,176.09232,0.0,,,,3,,,,,,,,,,,,,,,,,,,#27 of 39 Speciality lodging in Taupo,27,39,3,5,5,,,5,5,
4893539,Churchills Bed & Breakfast,"The only B & B in Morrinsville township. Close to town centre, restaurants and other accommodation (motels). Two suites with own bathrooms (one suite with own, private access). Also, three rooms (queen, twin & single) with shared facilities. Two lounges plus sun sail over pleasant outdoor setting. Rates include healthy (continental) breakfast. Great value, good references from returning clients.",trot@actrix.co.nz,,+64 7-889 7380,Bed and Breakfast,"299 Thames Street Cnr Thames Street & Victoria Avenue, Morrinsville 3300 New Zealand",New Zealand,Morrinsville,3300,-37.65494,175.53387,0.0,$,90,5,20,,,,,,,1,,,,,,1,1,,,,1,#3 of 3 B&Bs / Inns in Morrinsville,3,3,6,5,5,5,5,5,5,5
15212563,Charlemont Street,,,,,Specialty Lodging,"3 Charlemont Street, Hamilton 3200 New Zealand",New Zealand,Hamilton,3200,-37.77551,175.26823,0.0,,,,0,,,,,,,,,,,,,,,,,,,#9 of 23 Speciality lodging in Hamilton,9,23,2,5,,,,,,
13351157,Otautu Bay Farm Camp,,otautubaycamp@xtra.co.nz,http://www.otautubaycamp.co.nz/,+64 7-866 6801,Specialty Lodging,"257 Port Jackson Road, Colville 3584 New Zealand",New Zealand,Colville,3584,-36.6104,175.44559,0.0,,,,16,,,,,,,,,,,,,,,,,,,#1 of 1 Speciality lodging in Colville,1,1,7,4,,,,,,
7714508,AJ's Homestay,,,,+64 7-866 7057,Bed and Breakfast,"23 Mary Ellen Place, Greenhills, Coromandel 3543 New Zealand",New Zealand,Coromandel,3543,-36.75739,175.50307,0.0,,,,0,,,,,,,,,,,,,,,,,,,#13 of 15 B&Bs / Inns in Coromandel,13,15,4,4.8,5,5,,5,5,
6610564,15 Pottery Lane Cottages,,potterylncottage@xtra.co.nz,,+64 7-866 7171,Specialty Lodging,Coromandel 3506 New Zealand,New Zealand,Coromandel,3506,-36.75953,175.49571,0.0,,,2,1,,,,,1,,,,,1,,,,1,,,,1,#22 of 26 Speciality lodging in Coromandel,22,26,14,3.6,4,4.3,3.8,4.1,4.5,3
1201773,Tairua Beach House,,,https://www.facebook.com/tairuabeachhouse/,+64 7-864 8313,Hotel,"342A Main Road, Tairua 3508 New Zealand",New Zealand,Tairua,3508,-36.99144,175.85162,0.0,,,12,28,,,,,,,,,,1,,1,,1,,,,,#4 of 4 hotels in Tairua,4,4,15,3.4,2,3.3,2.5,3.3,3.5,2.8
1210105,Castle Rock Winery,"See why so many travelers make Castle Rock Winery their hotel of choice when visiting Coromandel. Providing an ideal mix of value, comfort and convenience, it offers a charming setting with an array of amenities designed for travelers like you.
Rooms at Castle Rock Winery offer a refrigerator and a kitchenette.
For travelers arriving by car, free parking is available.
While you’re here, be sure to check out some of the cafes, including Umu, Wharf Road, and Driving Creek Cafe, all of which are a short distance from Castle Rock Winery.
At Castle Rock Winery, your comfort and satisfaction come first, and they look forward to welcoming you to Coromandel.
",info@castlerockwinery.co.nz,,+64 7-866 4542,Hotel,"S.H. 25 Te Rerenga, Coromandel New Zealand",New Zealand,Coromandel,,-36.77533,175.50865,0.0,,,3,3,,,,,,,,,,1,,1,,1,,,,,#9 of 10 hotels in Coromandel,9,10,12,4.3,4.6,4.1,4.9,4.5,4.9,4.8
3224375,Puriri Hotel,,,,+64 7-868 1066,Specialty Lodging,"Cnr State Highway 26 & Station Road, Puriri, Thames New Zealand",New Zealand,Thames,,-37.23034,175.63452,0.0,,,,0,,,,,,,,,,,,,,,,,,,#8 of 12 Speciality lodging in Thames,8,12,8,4.4,5,5,5,4.8,4.3,4.7
17464705,Longitude Apartments,,,https://longitude-apartments.business.site/,+64 21 544 623,Specialty Lodging,"3 Long Street, Raglan 3225 New Zealand",New Zealand,Raglan,3225,-37.80238,174.87296,0.0,$$$,341,,0,,,,,,,,,,,,,,,,,,,#12 of 12 Speciality lodging in Raglan,12,12,2,3.5,,4,5,2.5,4.5,
12400220,Never Forget,,,,,Specialty Lodging,"605 Tirau Road, Hamilton 3496 New Zealand",New Zealand,Hamilton,3496,-37.91346,175.54266,0.0,,,,0,,,,,,,,,,,,1,,1,,,,1,#13 of 23 Speciality lodging in Hamilton,13,23,1,5,,,,,,
1741561,Herb Haven,,info@herbhaven.co.nz,,+64 21 251 4170,Bed and Breakfast,"114A Plantation Road Rd 2, Te Kauwhata 3782 New Zealand",New Zealand,Te Kauwhata,3782,-37.41523,175.11522,0.0,,,3,4,,,,,,,,,,,,,,1,,,1,,#2 of 3 B&Bs / Inns in Te Kauwhata,2,3,3,5,5,4.5,5,5,5,5
17656402,Breakfast with a view,,,,,Specialty Lodging,"10 Norfolk Road, Taupo 3330 New Zealand",New Zealand,Taupo,3330,-38.71031,176.09386,0.0,,,,2,,,,,,,,,,,,,,,,,,,#33 of 39 Speciality lodging in Taupo,33,39,1,5,5,4,,5,,
15699636,Shirehaven Bed And Breakfast,,vera@farmilo.nz,https://www.facebook.com/Shirehavenbnb/,+64 27 685 4484,Bed and Breakfast,"536A Matai Road R.d.2, Matamata 3472 New Zealand",New Zealand,Matamata,3472,-37.8271,175.76791,0.0,,,,24,,,,,1,,1,,1,,,,,1,,,,1,#6 of 6 B&Bs / Inns in Matamata,6,6,1,5,,,5,5,,5
13341868,Kiwi Lodge,,,,,Specialty Lodging,"157 Taupahi Road, Turangi 3334 New Zealand",New Zealand,Turangi,3334,-38.99267,175.81445,0.0,,,,2,,,,,,,,,,,,,,,,,,,#14 of 19 Speciality lodging in Turangi,14,19,4,4.5,3,5,5,4,3.5,4
1219159,Lakes Resort Pauanui,,reservations@lakesresort.com,http://www.lakesresort.com,+64 7-864 5100,Specialty Lodging,"100 Augusta Drive Private Bag 1004, Pauanui 1004 New Zealand",New Zealand,Pauanui,1004,-37.06329,175.84065,4.0,$$$,385.5,20,11,,,,,,,,,,1,,,,,,,,,#3 of 3 Speciality lodging in Pauanui,3,3,20,3.6,3.6,4.2,4.1,3.5,3.4,3.7
7985105,Dragonfly Gardens Bed & Breakfast,"See why so many travelers make Dragonfly Gardens Bed & Breakfast their bed and breakfast of choice when visiting Waihi. Providing an ideal mix of value, comfort and convenience, it offers a charming setting with an array of amenities designed for travelers like you.
During your stay, take advantage of some of the amenities offered, including a chapel and newspaper, and you can go online as Dragonfly Gardens Bed & Breakfast offers guests free wifi. For travelers arriving by car, free parking is available.
When you’re feeling hungry, be sure to check out Banana Pepper Cafe, Ti Tree Cafe, and Eaten, which are some cafes that are popular with locals and out-of-towners alike.
Should time allow, Waihi Arts Centre & Museum is a popular attraction that is within walking distance.
At Dragonfly Gardens Bed & Breakfast, your comfort and satisfaction come first, and they look forward to welcoming you to Waihi.
",,,+64 7-863 6098,Bed and Breakfast,"11 Parry Palm Avenue, Waihi 3610 New Zealand",New Zealand,Waihi,3610,-37.39248,175.83592,0.0,,,2,7,,,,1,,,,,,,,1,,1,,,,1,#7 of 8 B&Bs / Inns in Waihi,7,8,5,5,,,4.5,4.8,5,4.7
3802398,Turangi Holiday Park,"This is a historical campground. The original base for the 1950s power project, it was once home to hundreds of Italian workers who were involved in what was then the biggest engineering project in New Zealand. For the casual camper looking for a quiet spot away from the main road, here you'll find large, individually-hedged sites with plenty of lovely shady trees, each having a tap and a picnic table. Older-style, well-scrubbed amenities include a basic kitchen with lots of pans, crockery and cookware, ablutions with free curtained showers, a coin operated laundry, and a drying room available for a small charge. The covered deck off the kitchen is a beautiful spot to sit and eat your meal, and you can use the fish cleaning sink and outdoor BBQ s to cook up your catch of the day. Too tired to cook? Town is within walking distance for a takeaway or a meal. Working towards being an Eco friendly camp ground, there are ample recycling stations, a bin in the kitchen for your organic waste that goes to the worm farm, and a herb garden is also being established by the kitchen. Children have a couple of small play areas and plenty of room to run about, while on rainy days there is a large games room and guest lounge. Internet access and a dump station are also provided, and your dogs are welcome but by arrangement please. Charges are from $22 per person, children 5-14 from $10, and under five are free. Our cabins is very basic and have a bottom sheet, pillow and pillow cases. You need to bring your own bedding. You also need to use the communal kitchen and bathrooms. From $55 per cabin. Our Family cabin has a TV, fridge, small kitchenette with its own crockery and cutlery. You need to share the bathroom and kitchen with the other guests.Bring own linen. From $75 per cabin. Self-contained unit is beautiful and is our own mansion. From $120 per cabin.",,http://www.turangiholidaypark.co.nz,+64 7-386 8754,Specialty Lodging,"13 Te Reiti Tamara Grove, Turangi 3334 New Zealand",New Zealand,Turangi,3334,-38.992638,175.80298,2.0,,,96,36,,,,,1,,,,,1,1,1,,1,,,,,#15 of 19 Speciality lodging in Turangi,15,19,142,3.2,3.2,4.1,3.2,3.8,3.8,3.4
1726373,Banksia B & B,,relax@banksiataupo.com.nz,,+64 7-378 1871,Bed and Breakfast,"744 Acacia Bay Road Acacia Bay, Taupo 3330 New Zealand",New Zealand,Taupo,3330,-38.70322,176.03207,0.0,,,2,0,,,,,,,,,,,,,,,,,,,#31 of 42 B&Bs / Inns in Taupo,31,42,5,4.8,5,4.5,4.8,5,5,5
2689875,Miro Court Villas,"Miro Court Villas has 5 ground level, boutique-like villas, one step off Broadway, which is Matamata's main street.4 Villas are 1 bedroom suites that have a superking bed in the bedroom and a king single in the lounge. The 5th Villa is a studio suite with only a king size bed.Each villa has double glazing,kitchen, bathroom,Sky T.V., aircon/heatpump, wifi and cable broadband.All lounges have stackerdoors that open into one's own private courtyard.",mirocourt@xtra.co.nz,,+64 7-888 8482,Specialty Lodging,"5 Miro Street, Matamata New Zealand",New Zealand,Matamata,,-37.80995,175.77618,0.0,$$,255,5,18,,,,,,,,,1,1,,,,1,1,1,1,,#5 of 7 Speciality lodging in Matamata,5,7,5,4.6,4.5,4.8,5,4.3,5,4
4878795,Pop Inn Bed and Breakfast,"See why so many travelers make Pop Inn Bed and Breakfast their bed and breakfast of choice when visiting Whitianga. Providing an ideal mix of value, comfort and convenience, it offers a romantic setting with an array of amenities designed for travelers like you.
For those interested in checking out Stu's Wild Pig Farm (1.7 mi) while visiting Whitianga, Pop Inn Bed and Breakfast is a short distance away.
Guest rooms offer a refrigerator and a kitchenette, and Pop Inn Bed and Breakfast makes getting online easy as wifi is available.
If you’re looking for an Italian restaurant, consider a visit to Enigma, Al Camino Whitianga, or Dino's Pizza, which are all conveniently located a short distance from Pop Inn Bed and Breakfast.
If you’re looking for things to do, you can check out The Lost Spring (0.8 mi), which is a popular attraction amongst tourists, and it is within walking distance.
At Pop Inn Bed and Breakfast, your comfort and satisfaction come first, and they look forward to welcoming you to Whitianga.
",,,+64 7-866 2195,Bed and Breakfast,"25 South Highway, Whitianga 3510 New Zealand",New Zealand,Whitianga,3510,-36.84095,175.69872,0.0,,,3,17,,,,,,,,,1,1,,,,,,1,,,#29 of 35 B&Bs / Inns in Whitianga,29,35,5,5,5,5,5,5,,5
1029176,Centennial Heights B&B,"Experience the beauty of Whitianga and stay in stylish accommodation at affordable prices. Awake to sound of tuis, spectacular sea views from the living area and enjoy a delicious self-catered breakfast. Your hosts, Lee & Marlene, will do their best to make your stay a pleasant and memorable one. Situated overlooking Simpson's and Buffalo Beaches, both are within walking distance. Whitianga is the ideal place to enjoy the sights and activities the Coromandel has to offer. We also provide local knowledge about holiday activities in the area and we also do bookings on your behalf at no extra charge. Just ask us! We will do everything possible to make your stay as comfortable as possible.",info@centennialheights.co.nz,http://www.centennialheights.co.nz,+64 7-869 5530,Bed and Breakfast,"141 Centennial Drive, Whitianga 3510 New Zealand",New Zealand,Whitianga,3510,-36.80081,175.70859,0.0,$,164.5,2,20,,,,,,,1,,,1,,,,1,,,,,#33 of 35 B&Bs / Inns in Whitianga,33,35,13,3.8,4.7,3.8,4,4.3,3.5,4
9860182,Shore Line BnB,"See why so many travelers make Shore Line BnB their guest house of choice when visiting Whangamata. Providing an ideal mix of value, comfort and convenience, it offers an array of amenities designed for travelers like you.
Free wifi is offered to guests, and rooms at Shore Line BnB offer a flat screen TV, a refrigerator, and a seating area.
During your stay, take advantage of some of the amenities offered, including outdoor furniture, a sun terrace, and baggage storage. For travelers arriving by car, free parking is available.
While you’re here, be sure to check out some of the cafes, including Blackies Cafe by the Beach - Whangamata, Port Road Project, and Wild Sage, all of which are a short distance from Shore Line BnB.
Looking to explore? Then look no further than The Little Gallery Whangamata (0.9 mi), which is a popular Whangamata attraction – and it is conveniently located within walking distance of the guest house.
We’re sure you’ll enjoy your stay at Shore Line BnB as you experience all of the things Whangamata has to offer.
",,http://Shorelinebnb.co.nz,+64 21 202 5734,Bed and Breakfast,"203b Williamson Road, Whangamata 3620 New Zealand",New Zealand,Whangamata,3620,-37.21945,175.87544,0.0,,,2,0,,,,,1,,,1,1,,,,,1,,,,1,#8 of 9 B&Bs / Inns in Whangamata,8,9,3,4.3,,5,4,5,,4.5
5327302,The Linden B&B,,,,,Specialty Lodging,"610 Maungatautari Road, Cambridge 3494 New Zealand",New Zealand,Cambridge,3494,-37.95037,175.55656,0.0,,,,0,,,,,,,,,,,,,,,,,,,#9 of 15 Speciality lodging in Cambridge,9,15,1,5,,,,,,
12169920,Jan Alz B&B,,,,,Specialty Lodging,"83 Main North Road, Otorohanga 3900 New Zealand",New Zealand,Otorohanga,3900,-38.1809,175.22859,0.0,,,,7,,,,1,,,,,1,1,,1,,1,,,,1,#5 of 5 Speciality lodging in Otorohanga,5,5,2,5,,5,,5,5,5
4107168,Rosalie on Albert Bed & Breakfast,"Rosalie on Albert is a B&B right next to the Whitianga river, 5 minutes from the town centre cafes, restaurants and marine activities. Our rooms have en-suite bathrooms and a guest lounge with fridge and TV. Free Wifi and internet connection available.",info@rosalieonalbert.com,http://www.rosalieonalbert.com,+64 7-866 5508,Bed and Breakfast,"129 Albert Street, Whitianga 3510 New Zealand",New Zealand,Whitianga,3510,-36.83967,175.7026,3.0,$,140.5,2,4,,,,,,,1,,,,,,,1,,,,1,#28 of 35 B&Bs / Inns in Whitianga,28,35,10,3.8,4.7,5,3.5,4.3,5,4.4
9804683,Wakanui,,,,,Bed and Breakfast,"117 Charleston Avenue, Whangamata 3620 New Zealand",New Zealand,Whangamata,3620,-37.20668,175.8688,0.0,,,,0,,,,,,,,1,1,,,1,,1,,,,1,#7 of 9 B&Bs / Inns in Whangamata,7,9,2,5,,,,,,
13425990,59 Chaucer,,,,,Specialty Lodging,"59 Chaucer Street, Leamington, Cambridge 3432 New Zealand",New Zealand,Cambridge,3432,-37.90254,175.48187,0.0,$$,225.5,,13,1,264,264,,1,,,,,1,,1,,1,,,,1,#8 of 15 Speciality lodging in Cambridge,8,15,3,5,,,,,,
2462452,Gold 'n Views Bed & Breakfast,,info@goldnviewsbnb.co.nz,http://www.goldnviewsbnb.co.nz,+64 800 023 259,Specialty Lodging,"21 John Cotter Road, Paeroa 3674 New Zealand",New Zealand,Paeroa,3674,-37.41987,175.71313,3.0,,,,0,,,,,,,,,,,,,,,,,,,#3 of 4 Speciality lodging in Paeroa,3,4,3,4.3,4.5,4,5,4,4,4.5
3784808,Mercer Motel,,info@mercermotel.co.nz,,+64 9-233 6555,Bed and Breakfast,"2 Roose Road, Mercer 2474 New Zealand",New Zealand,Mercer,2474,-37.27923,175.04695,0.0,$,143.5,,1,,,,,,,,,1,,,,,,,,,,#1 of 1 B&Bs / Inns in Mercer,1,1,9,3.2,3.2,3.8,3.6,3.9,2.3,2.8
4872216,Manhattan Lodge Motel,"Manhattan Lodge motel reopened on early Feb 2014 with new owner. If what you're looking for is a conveniently located hotel in Hamilton, look no further than Manhattan Lodge Motel. The excitement of the city center is only 2.9 km away. With its convenient location, the hotel offers easy access to the city's must-see destinations. Take advantage of a wealth of unrivaled services and amenities at this Hamilton hotel. For the comfort and convenience of guests, the hotel offers free Wi-Fi in public areas, room service, laundry service, express check-in/check-out, luggage storage. Guests can choose from 9 fully self-contained units in ground floor, all of which exude an atmosphere of total peace and harmony. The hotel's recreational facilities, which include garden are designed for escape and relaxation. Whatever your reason for visiting Hamilton, the Manhattan Lodge Motel is the perfect venue for an exhilarating and exciting break away. Handy to Hamilton East Shopping, restaurants & city centre, Lovely riverside walks, Easy access to State Highway 1, Hamilton Gardens, Southern Cross Hospital (500m), Lugton Park (badminton, bowling, tennis), Claudelands Events Centre (2km), University of Waikato (2km), Ruakura Agricultural Research, Waikato Hospital (2km), Hamilton Airport (3km), Mystery Creek Events (10km).",,http://www.manhattanlodgemotel.co.nz/hamilton-accommodation.html,+64 7-856 3785,Hotel,"218 Grey Street, Hamilton 3216 New Zealand",New Zealand,Hamilton,3216,-37.79647,175.29482,2.0,,,9,23,,,,,1,,,,,1,,1,1,1,,1,1,1,#38 of 56 hotels in Hamilton,38,56,22,3.1,3.9,3.6,3,3.8,3.2,2.7
12237080,Prairies Grange,,brylie@prairiesgrange.co.nz,http://www.prairiesgrange.co.nz/,+64 27 248 7117,Specialty Lodging,"218 Grasslands Drive, Cambridge 3493 New Zealand",New Zealand,Cambridge,3493,-37.88104,175.44144,3.0,,,,0,,,,,,,,,,,,,,,,,,,#11 of 15 Speciality lodging in Cambridge,11,15,2,5,,,,5,5,5
25627300,Aquila Haven,"Spacious ground-floor accommodation: with bedroom, living room, separate bathroom, toilet. fridge, microwave, coffee maker, dishes, and cutlery. Private entrance, and garden views. Modern Amenities: air-conditioning, spa bath, and a patio. Free Wi-Fi is available throughout the stay. Additional facilities include an outdoor seating area, free car and bicycle parking, and luggage storage.",,,,Specialty Lodging,"34 Aquila Drive, Whitianga 3510 New Zealand",New Zealand,Whitianga,3510,-36.83458,175.69183,0.0,$$,216.5,1,0,1,214,214,,1,,,,,,,,1,1,,,,1,#26 of 32 Speciality lodging in Whitianga,26,32,1,5,,,,,,
11895548,Ruapuke BNB,"Ruapuke BNB is a beautiful modern house situated in rolling farm land at the foothills of Mount Karioi. The perfect escape to the country. The house offers exceptional sea views of Ruapuke Beach (which you are only 3km away from). Raglan is not too far either, just a 20 minute drive. Our peaceful Raglan accommodation is pet friendly. Enjoy a delicious full cooked or continental breakfast.",sonya@ruapukebnb.co.nz,http://www.ruapukebnb.co.nz,+64 21 837 287,Bed and Breakfast,"812 Ruapuke Road, Raglan 3296 New Zealand",New Zealand,Raglan,3296,-37.8995,174.8021,0.0,,,2,12,,,,,,1,1,,,,,,1,1,,,1,1,#10 of 10 B&Bs / Inns in Raglan,10,10,2,5,5,,5,5,5,4
13078640,Bridle Creek Retreat,,,http://www.bookabach.co.nz/22180,,Bed and Breakfast,"30 Bridle Creek Road, Raglan 3295 New Zealand",New Zealand,Raglan,3295,-37.8167,174.90524,0.0,,,2,2,,,,,,,,,,,,,,,,,,,#8 of 10 B&Bs / Inns in Raglan,8,10,2,5,,,4.5,4.5,4,5
23931617,Tui Glade,,,,+64 21 477 308,Bed and Breakfast,"156 Wells Place, Cambridge 3493 New Zealand",New Zealand,Cambridge,3493,-37.87029,175.48236,0.0,$,151,,0,1,149,149,,,,,,,,,,,,,,,,#18 of 26 B&Bs / Inns in Cambridge,18,26,1,5,5,,,5,5,
12330754,Unique Equestrain Lifestyle,,,,,Specialty Lodging,"49 Trentham Road, Tamahere 3284 New Zealand",New Zealand,Tamahere,3284,-37.7838,175.37973,3.0,,,,5,,,,,,,,,,,,,,,,,,,#2 of 4 Speciality lodging in Tamahere,2,4,1,5,,5,,5,,5
2534725,Bryce's Rockclimbing Accommodation,,bryce@rockclimb.co.nz,http://www.rockclimb.co.nz/home,+64 7-872 2533,Specialty Lodging,"1424 Owairaka Valley Road, Te Awamutu 3877 New Zealand",New Zealand,Te Awamutu,3877,-38.14242,175.53568,0.0,,,,0,,,,,,,,,,,,,,,,,,,#2 of 2 Speciality lodging in Te Awamutu,2,2,3,4.7,4.5,5,4,4.5,3,5
10771120,Bird Song,,,,,Specialty Lodging,"51 Cholmondeley Crescent, Whitianga 3510 New Zealand",New Zealand,Whitianga,3510,-36.83773,175.69637,3.0,,,,0,,,,,,,,,,1,,,,1,,,,1,#25 of 32 Speciality lodging in Whitianga,25,32,4,4.8,,5,5,4.7,4.5,
21372840,The Gallery,,,,,Specialty Lodging,"8 Seagers Close, Kinloch 3377 New Zealand",New Zealand,Kinloch,3377,-38.6567,175.92561,0.0,,,,1,,,,,,,,,,,,,,,,,,,#3 of 4 Speciality lodging in Kinloch,3,4,1,5,,,,,,
1953287,Tairua Coastal Lodge,"Luxury accommodation in Tairua on the Coromandel Peninsula, New Zealand. Lovely gardens to enjoy and just a stroll from the beach and town. Just 2 hours from Auckland and central to Coromandels spectacular attractions.",karen@tairuacoastallodge.co.nz,,+64 7-864 9487,Bed and Breakfast,"5 Rewa Rewa Valley, Tairua 3544 New Zealand",New Zealand,Tairua,3544,-37.01249,175.84538,0.0,$$,267.5,3,14,,,,,,,1,,,1,,,,1,,,,1,#8 of 8 B&Bs / Inns in Tairua,8,8,3,5,5,4.5,5,5,5,5
13808167,Oakwood Inn,,,,+64 21 558 608,Bed and Breakfast,"4804 State Highway 29, Matamata 3473 New Zealand",New Zealand,Matamata,3473,-37.882328,175.76079,0.0,,,,2,,,,,,,,,,,,,,,,,,,#5 of 6 B&Bs / Inns in Matamata,5,6,2,5,,5,,5,5,
12314220,Hillside House,,,,,Specialty Lodging,"34 Kakamutu Road, Otorohanga 3900 New Zealand",New Zealand,Otorohanga,3900,-38.17936,175.20918,0.0,,,,8,,,,,,,,,1,,,,,1,,,,1,#4 of 5 Speciality lodging in Otorohanga,4,5,4,4,4.5,5,,4.5,,
18848593,Devcich Historic Farmstead,"100 years ago, in a remote part of the Kauaeranga Valley, Simun Devcich, created a farmstead. He traded with the gum diggers who lived in bush camps in the upper valley. The original buildings and chattels still remain. The Farmstead is recognised as a NZ treasured historical site, Cat. 1 for its significant historic and cultural value. ​We invite you to stay at the Devcich Farmstead, experience the magic, relax and enjoy the breath taking scenery the river, bush and mountain ranges. The 3 bedroom homestead is very cosy, with a coal range in the dining room and a fire place in the lounge. Fully functional kitchen plus a BBQ. Mobile reception for Spark and vodafone. Also available on the property for extended family is a one bedroom cottage. The river is on the boundary good trout fishing and a great swimming hole nearby. Quite an array of exotic animals. DOC bush walks to the Pinnacles further up the valley. History tour of the old buildings, horse ride for children and llama treks are available on request. Access to the property is via a ford river crossing, in the event of heavy rain there will be no vehicle access. On these occasions there is a swingbridge access across the river and you will be met by a tractor to transport you and your bags to the house.",devcichhistoricfarmstead@gmail.com,https://www.devcichhistoricfarmstead.com/,+64 274 754 742,Specialty Lodging,"764C Kauaeranga Valley Road, Thames 3577 New Zealand",New Zealand,Thames,3577,-37.12997,175.61644,0.0,,,3,21,,,,,,,,,,,1,,1,1,,,,,#9 of 12 Speciality lodging in Thames,9,12,1,5,,,,,,
6828027,Pukeko and Bull Tavern,,,,+64 7-333 2389,Bed and Breakfast,"6581 State Highway 1, Tokoroa 3078 New Zealand",New Zealand,Tokoroa,3078,-38.36577,176.00298,0.0,,,10,0,,,,,,,,,,,,,,,,,1,,#4 of 6 B&Bs / Inns in Tokoroa,4,6,3,4.7,,,,5,,5
21237606,Hot Water Beach Lookout B&B,,,,,Specialty Lodging,"203 Link Road, Hahei 3591 New Zealand",New Zealand,Hahei,3591,-36.8616,175.80232,0.0,,,,1,,,,,,,,,,,,,,,,,,,#5 of 8 Speciality lodging in Hahei,5,8,1,5,,,,,,
16651513,Hahei Sea Vista 2,,,,,Specialty Lodging,"Patricia Place 10, Hahei 3591 New Zealand",New Zealand,Hahei,3591,-36.84058,175.79808,0.0,,,2,1,,,,,,,,,1,,,,,,,,,,#6 of 8 Speciality lodging in Hahei,6,8,1,5,,,,,,
2477649,Central Park Motel,"Welcome to Central Park Motel... These Units are FULLY RENOVATED & fully self contained... While we may not boast the luxuries of Five Star accommodation at Five Star prices, our primary focus is directed at providing a clean & affordable service that is ""Value For Money""... We want you to experience the comforts of home, yet still have that felling of being at your Beach getaway... We are situated 150 meters from the Town center, Beach front,Marina, Wharf & Boat ramp... All the main Tourist attraction in the Coromandel Peninsula are within 35mins drive either side of us, making us the perfect place to make base camp... Our friendly staff at central Park Motel wish you all a safe journey & look forward to having you stay...",info@centralparkmotel.co.nz,http://www.travelbug.co.nz/coromandel-accommodation/whitianga/motels/central-park-motel-ef90f3,+64 27 210 9867,Bed and Breakfast,"6 Mill Road, Whitianga 3510 New Zealand",New Zealand,Whitianga,3510,-36.83277,175.7062,0.0,,,12,0,,,,,,,1,,,1,,,,1,,1,,1,#31 of 35 B&Bs / Inns in Whitianga,31,35,5,4.6,4.6,4.6,4.4,4.6,4.6,4.8
1880051,Jay and Ali's B&B,,jayandali@xtra.co.nz,,+64 7-854 0104,Bed and Breakfast,"9 Diomede Glade, Hamilton 3210 New Zealand",New Zealand,Hamilton,3210,-37.72642,175.25233,0.0,,,,0,,,,,,,,,,,,,,,,,,,#16 of 25 B&Bs / Inns in Hamilton,16,25,3,4.7,5,3.7,4.7,5,4,4.7
255920,Puru Park Motel,,bithell@xtra.co.nz,,+64 7-868 2686,Hotel,"2 West Crescent Thames Coast, Thames 3575 New Zealand",New Zealand,Thames,3575,-37.04652,175.52116,0.0,$,74.5,6,11,,,,,,,,,1,,,,,,,,,,#5 of 7 hotels in Thames,5,7,5,4.2,5,4.3,4,5,4.7,4.8
8738320,Henley Bed and Breakfast,,peter@henley.net.nz,,+64 7-823 4492,Bed and Breakfast,"300 Marychurch Road, Cambridge 3493 New Zealand",New Zealand,Cambridge,3493,-37.83721,175.43912,0.0,,,2,0,,,,,,,,,,,,,,,,,,,#20 of 26 B&Bs / Inns in Cambridge,20,26,1,5,,5,5,5,,
17647294,Lochview,,,,,Specialty Lodging,"10 Kestrel Lane Kinloch, Kinloch 3377 New Zealand",New Zealand,Kinloch,3377,-38.66242,175.9299,4.0,,,,0,,,,,,,,,,,,,,,,,,,#4 of 4 Speciality lodging in Kinloch,4,4,1,4,,,4,4,4,
9981445,Redwood Bed & Breakfast,,,http://www.redwoodparkcambridge.co.nz,+64 7-827 2846,Specialty Lodging,"129 Plantation Road Maungatautari, Cambridge 3494 New Zealand",New Zealand,Cambridge,3494,-37.9837,175.6422,0.0,,,,1,,,,,,,,,1,,,,,,,,,,#10 of 15 Speciality lodging in Cambridge,10,15,2,5,5,,,5,5,5
1750020,Carolyn's on Parkland B&B,,relax@carolynsonparkland.co.nz,,+64 7-866 2292,Bed and Breakfast,"13 Parkland Place, Whitianga 3510 New Zealand",New Zealand,Whitianga,3510,-36.80461,175.70218,4.0,,,1,3,,,,,,,,,,,,,,1,,,,,#32 of 35 B&Bs / Inns in Whitianga,32,35,5,5,5,4.6,5,4.8,4.7,5
649082,Hamilton Gardens Motel,,booking@hamgardensmotel.co.nz,,+64 7-856 5446,Hotel,"93 Grey Street Hamilton East, Hamilton 3216 New Zealand",New Zealand,Hamilton,3216,-37.80021,175.29697,0.0,,,12,0,,,,,,,,,,,,,,,,,,,#41 of 56 hotels in Hamilton,41,56,10,3,3.6,4,2.9,3.9,3.3,3.6
7220579,Lenvor B&B,,lenvor@clear.net.nz,,+64 7-856 2027,Bed and Breakfast,"47 Oaklea Lane, Tamahere 3283 New Zealand",New Zealand,Tamahere,3283,-37.84213,175.37589,0.0,,,,0,,,,,,,,,,,,,,,,,,,#8 of 8 B&Bs / Inns in Tamahere,8,8,1,5,,,4,5,,5
6678442,Bachpacker Ltd,,,,,Specialty Lodging,"23 Government Road, Raglan 3225 New Zealand",New Zealand,Raglan,3225,-37.79778,174.87958,0.0,,,,0,,,,,,,,,,,,,,,,,,,#11 of 12 Speciality lodging in Raglan,11,12,1,5,,,,,,
3182712,Kuratau River Luxury Chalets,,,http://www.kuratauriverwines.co.nz/,+64 7-386 0806,Specialty Lodging,"30 Riverpark Drive Kuratau RD 1, Turangi 3381 New Zealand",New Zealand,Turangi,3381,-38.89076,175.76097,0.0,,,,7,,,,,,,,,,,,,,,,,,,#17 of 19 Speciality lodging in Turangi,17,19,1,5,5,,,4,4,
12200667,Makepeace Place,,,,,Specialty Lodging,"3 Makepeace Place, Hamilton 3210 New Zealand",New Zealand,Hamilton,3210,-37.73829,175.26122,0.0,,,,0,,,,1,,,,,1,,,1,,1,,1,,1,#15 of 23 Speciality lodging in Hamilton,15,23,2,4,,4,,4,,5
10422447,Vertical Assault,,,,,Specialty Lodging,"22 Ngawaka Place, Turangi 3334 New Zealand",New Zealand,Turangi,3334,-38.98897,175.81172,0.0,,,,0,,,,,,,,,,,,,,,,,,,#18 of 19 Speciality lodging in Turangi,18,19,1,5,,,,,,
3534612,Darcy House,"Located in the midst of Cambridge and Waikato’s stunning horse country, and just down the road from Mystery Creek, the venue for the iconic Fieldays, Darcy House is the perfect place to stay if you are looking for something a little more than a standard B&B or homestay accommodation. Set in two acres of lawn and gardens, Darcy House's Bed & Breakfast accommodation is a rambling 1908 villa which has been quirkily renovated for modern comfort without losing its old age charm.For guests with a love of food and wine, your hosts not only offer a breakfast featuring local artisanal produce and products, but a dinner menu including sumptuous wine matches from their extensive wine library. They will even pack a delicious picnic for your day’s outing should you so desire, and help you plan your itinerary.",enquiries@darcyhouse.co.nz,,+64 7-839 9149,Bed and Breakfast,"74a Pencarrow Road, Tamahere 3283 New Zealand",New Zealand,Tamahere,3283,-37.84364,175.3541,0.0,,,3,2,,,,1,,,,,,,,1,1,,,,,1,#7 of 8 B&Bs / Inns in Tamahere,7,8,2,5,5,5,4.5,5,5,5
9790358,Pure Inn B&B,"If you’re looking for a guest house in Hamilton, look no further than Pure Inn B&B.
Close to Ruakura Berry Farm (2.8 mi), a popular Hamilton landmark, Pure Inn B&B is a great destination for tourists.
As your “home away from home,” the guest house rooms offer a flat screen TV, air conditioning, and a refrigerator.
Guests have access to executive lounge access while staying at Pure Inn B&B.
If you’re looking for something to do, Lavender Backyard Garden (0.8 mi) is a nice way to spend some time, and it is within walking distance of Pure Inn B&B.
The staff at Pure Inn B&B looks forward to serving you during your upcoming visit.
",,,,Bed and Breakfast,"295 Vaile Road, Hamilton 3286 New Zealand",New Zealand,Hamilton,3286,-37.75982,175.37222,0.0,,,,0,,,,,,,,,,1,,,,,,,,,#17 of 25 B&Bs / Inns in Hamilton,17,25,2,4,,4,5,4,,
6412727,Pacific Rise Apartments,,,,+64 7-865 6959,Specialty Lodging,"105 Aickin Road PO Box 314, Whangamata New Zealand",New Zealand,Whangamata,,-37.20516,175.87148,0.0,,,,0,,,,,,,,,,,,,,,1,,,1,#9 of 11 Speciality lodging in Whangamata,9,11,4,4.5,5,5,4,4.8,,4.3
14134692,Mangotahi Lodge,,mangotahilodge@yahoo.co.nz,http://www.mangotahilodge.co.nz/,+64 7-868 8824,Specialty Lodging,"45 Mangotahi Road, Thames 3540 New Zealand",New Zealand,Thames,3540,-37.13949,175.59482,0.0,,,,0,,,,,,,,,,,,,,,,,,,#11 of 12 Speciality lodging in Thames,11,12,1,5,5,,5,5,,
25228583,Lake Breeze Motel Taupo,Lake Breeze Motel in Taupo,lakebreezetaupo@gmail.com,https://www.facebook.com/lakebreezetaupo,+64 27 315 1062,Specialty Lodging,"13-15 Tui Street, Taupo 3330 New Zealand",New Zealand,Taupo,3330,-43.52022,172.59758,0.0,,,15,0,,,,,,,,,,,,,,,,,,,#34 of 39 Speciality lodging in Taupo,34,39,2,3.5,4,5,4,5,5,4
10437776,Pickering Road B & B,,,,,Specialty Lodging,"296B Pickering Road, Tamahere 3283 New Zealand",New Zealand,Tamahere,3283,-37.84509,175.40662,0.0,$$,195.5,,0,,,,1,,,,1,,1,,,,1,,,,1,#4 of 4 Speciality lodging in Tamahere,4,4,1,5,,,,,,
15242682,Te Aroha Hillside Homestay,,,http://hillsidehomestay.co.nz/,+64 7-884 9234,Specialty Lodging,"41 Tui Road, Te Aroha 3320 New Zealand",New Zealand,Te Aroha,3320,-37.52383,175.71175,0.0,,,,0,,,,,,,,,,,,,,,,,,,#3 of 3 Speciality lodging in Te Aroha,3,3,1,4,4,,,5,,5
673291,Chloe's Motor Inn & Conference Center,Temporarily closed. No info for reopen date.,chloes@ihug.co.nz,,+64 7-839 3410,Hotel,"181 Ulster Street, Hamilton 3200 New Zealand",New Zealand,Hamilton,3200,-37.77804,175.27121,3.0,$$,233.5,14,5,,,,,,,,,,1,,,,1,1,1,1,1,#43 of 56 hotels in Hamilton,43,56,19,3.4,4.2,3.9,3.5,3.9,4.1,4.3
8840954,Jonio's Bed & Breakfast,,,http://www.jonios.co.nz,+64 7-826 3990,Bed and Breakfast,"62D Wayside Road, Te Kauwhata 3782 New Zealand",New Zealand,Te Kauwhata,3782,-37.40819,175.12843,0.0,,,3,0,,,,,,,,,1,,,,,,,,,,#3 of 3 B&Bs / Inns in Te Kauwhata,3,3,1,5,,5,,5,,5
9593256,"Bodes Delight BnB, Kinloch","Beautiful views of both Lake Taupo and The Jack Nicklaus Golf Course. This peaceful setting is a holiday maker's dream. Two bedrooms, each with en suite & private deck plus guest lounge, conservatory and additional deck overlooking the Jack Nicklaus 13th green! 500 metres from the lake, two fabulous mountain bike tracks and two golf courses.",Ja_worthington@hotmail.com,,+64 210 223 4968,Bed and Breakfast,"37 Bodes Lane, Taupo 3377 New Zealand",New Zealand,Taupo,3377,-38.66158,175.93176,0.0,$,135,2,1,,,,,,,1,,,,,,,1,,1,,1,#33 of 42 B&Bs / Inns in Taupo,33,42,1,5,,,,,,
12462577,Sakura,,,,,Specialty Lodging,"1422 Maungatautari Road, Cambridge 3494 New Zealand",New Zealand,Cambridge,3494,-37.97193,175.59659,0.0,,,,1,,,,,,,,,,,,,,,,,,,#14 of 15 Speciality lodging in Cambridge,14,15,1,5,,,,,,
12580144,Wordsworth Lodge,,,,,Specialty Lodging,"59 Wordsworth Street, Cambridge 3432 New Zealand",New Zealand,Cambridge,3432,-37.90221,175.47864,3.0,,,,0,,,,,,,,,,,,,,,,,,,#15 of 15 Speciality lodging in Cambridge,15,15,1,5,,,,5,5,5
6622772,Penny Lodge Bed & Breakfast,"Look forward to a warm welcome and a cosy room at Penny Lodge B&B. Located in the quiet village of Pirongia, Penny Lodge has gorgeous rolling farm and mountain views, beautiful gardens and a spacious deck for guests to enjoy. Unwind after a long day with a glass of wine and a soak in our large spa bath. Just 30min drive from Waitomo, and 1.45Hr from the Auckland airport, it is ideally located to see what the stunning Waikato has to offer.",jillyfraser@windowslive.com,http://pennylodge.co.nz,+64 7-871 9139,Bed and Breakfast,"90 Penny Road, Pirongia 3876 New Zealand",New Zealand,Pirongia,3876,-37.99156,175.21298,0.0,$,108,3,7,,,,,,,1,,,,,,,1,,,,1,#5 of 5 B&Bs / Inns in Pirongia,5,5,1,5,,,5,5,,4
13662207,Alpha Motel,,,http://www.alphamotel.nz/,+64 7-834 9934,Specialty Lodging,"181 Ulster Street Whitiora, Hamilton 3200 New Zealand",New Zealand,Hamilton,3200,-37.77804,175.27121,2.0,,,,0,,,,,,,,,,,,1,,,,,,,#14 of 23 Speciality lodging in Hamilton,14,23,1,5,,4,,5,5,
4191377,Hamilton Town & Country Motel,,,,,Specialty Lodging,"597 State Highway 1, Tamahere 3283 New Zealand",New Zealand,Tamahere,3283,-37.81463,175.34187,2.0,,,,0,,,,,,,,,,,,,,,,,,,#3 of 10 Specialty lodging in Tamahere,3,10,4,4.3,5,4.7,4,5,5,4.5
7317932,Sandyrose B&B,,,,,Specialty Lodging,"122 Hetherington Road, Whangamata 3620 New Zealand",New Zealand,Whangamata,3620,-37.20262,175.87206,0.0,,,3,0,,,,,,,,,,,,,,,,,,,#10 of 11 Speciality lodging in Whangamata,10,11,1,5,,,,,,
20139181,Rooftops Accommodation,,contact@rooftops.co.nz,http://www.rooftops.co.nz/,+64 21 782 108,Specialty Lodging,"13 Albert Street, Whitianga 3510 New Zealand",New Zealand,Whitianga,3510,-36.831375,175.70547,0.0,$$,209,,0,2,233,250,,,,,,,,,,,,,,,,#31 of 32 Speciality lodging in Whitianga,31,32,2,3,,,,,,
12083696,Secret Garden - Riverside B&B,,,,,Specialty Lodging,"9 The Rocks, Hamilton 3210 New Zealand",New Zealand,Hamilton,3210,-37.73259,175.23859,0.0,,,,0,,,,,,,,,,1,,,,,,,,,#22 of 23 Speciality lodging in Hamilton,22,23,2,1.5,1,,,2,,1.5
28627063,Hamilton Sunrise,,,,+64 27 738 8788,Bed and Breakfast,"240 Ulster Street, Hamilton 3200 New Zealand",New Zealand,Hamilton,3200,-37.776928,175.26952,0.0,,,7,6,,,,,,,,,,,,,,,,,,,#19 of 25 B&Bs / Inns in Hamilton,19,25,2,3,,4,,,,
637025,Sails Motor Inn,"See why so many travelers make Sails Motor Inn their motel of choice when visiting Hamilton. Providing an ideal mix of value, comfort and convenience, it offers a budget friendly setting with an array of amenities designed for travelers like you.
While staying at Sails Motor Inn, visitors can check out Cathedral Church of St Peter (1.5 mi) and Cathedral of the Blessed Virgin Mary (2.0 mi), some of Hamilton's top attractions.
You’ll enjoy relaxing rooms that offer a refrigerator and a kitchenette, and you can stay connected during your stay as Sails Motor Inn offers guests free wifi.
Plus, Sails Motor Inn offers a pool and an on-site restaurant, providing a pleasant respite from your busy day. For guests with a vehicle, free parking is available.
While in Hamilton be sure to experience local shrimp favorites at Smith & McKenzie Steak House or Valentines Hamilton.
Plus, during your trip, don't forget to check out a historic site, such as Sapper Horace Moore-Jones commemorative statue.
At Sails Motor Inn, your comfort and satisfaction come first, and they look forward to welcoming you to Hamilton.
",,,+64 7-838 2733,Hotel,"272 Ulster Street, Hamilton 3200 New Zealand",New Zealand,Hamilton,3200,-37.77646,175.26814,0.0,$$,293,13,2,,,,1,,,,,,1,,1,1,1,1,,,1,#51 of 56 hotels in Hamilton,51,56,31,2.7,3.2,3.9,3.4,3.3,3.6,2.9
10082352,Rendezvous Motel,,rendezvousmotel@xtra.co.nz,,+64 7-868 8536,Bed and Breakfast,"SH 25, Kopu, Thames New Zealand",New Zealand,Thames,,-37.12318,175.53001,0.0,,,,0,,,,,,,,,,,,,,,,,,,#12 of 12 B&Bs / Inns in Thames,12,12,1,3,4,,,3,3,
4262654,P & R Appaloosa Stud,,,http://www.appaloosastud.co.nz/?page_id=24,+64 7-847 5555,Specialty Lodging,"816 Tuhikaramea Road, Hamilton 3290 New Zealand",New Zealand,Hamilton,3290,-37.84962,175.20815,0.0,,,3,0,,,,,,,,,1,,,,,,,,,,#21 of 23 Speciality lodging in Hamilton,21,23,1,1,2,,1,1,,
6438750,Lynwood Lodge Motel,,,,+64 7-378 4967,Hotel,"52 Rifle Range Road, Taupo 3351 New Zealand",New Zealand,Taupo,3351,-38.69101,176.07935,0.0,,,10,0,,,,,,,,,1,,,,,,,,,,#58 of 60 hotels in Taupo,58,60,1,1,3,3,1,1,1,1
27969585,Stanley Apartments,,,,+64 7-838 3845,Bed and Breakfast,"17 and 17A Stanley Street Claudelands, Hamilton 3214 New Zealand",New Zealand,Hamilton,3214,-37.775864,175.28374,0.0,$,119.5,,1,2,113,119,,,,,,,,,,,,,,,,#22 of 25 B&Bs / Inns in Hamilton,22,25,1,2,,,,,,
12632359,Kereta Waterfront B&B,,,,,Specialty Lodging,"1000 Thames Coast Road, Tapu 3575 New Zealand",New Zealand,Tapu,3575,-36.94288,175.47234,0.0,,,,0,,,,,,,,,,,,,,,,,,,#4 of 4 Speciality lodging in Tapu,4,4,1,1,,,,,,
9878606,Palace Hotel,,,http://www.palacehoteltearoha.co.nz/,+64 7-884 9002,Bed and Breakfast,"165 Whitaker Street, Te Aroha 3320 New Zealand",New Zealand,Te Aroha,3320,-37.54314,175.71188,0.0,,,,2,,,,,,,,,1,,,,,,,,,,#4 of 4 B&Bs / Inns in Te Aroha,4,4,3,2.7,,,1,1,,2
613234,Little Rimu,,hine@quicksilver.net.nz,,+64 7-376 9148,Bed and Breakfast,"31 Rimu Street, Taupo 3330 New Zealand",New Zealand,Taupo,3330,-38.69216,176.08763,0.0,$,124.5,26,0,,,,,,,,,,,,,,,,,,,#37 of 42 B&Bs / Inns in Taupo,37,42,1,2,,,,,,
285205,BoBs Hostel,"Our hostel is in an iconic building slap bang in the best position in Taupo. We are one block back to from the Lake with elevated views thanks to our enormous sundeck. We are 2mins walk to the I-site and bus station and an easy stroll to all the best entertainment Taupo has to offer. Our activities desk will book all your trips at our special discounted rate. Grab a dorm bed or a private room, kick back grab a sundowner and head out to the deck. The BBQ is ready to rock and summer is on the way! Rates start from $18 - BoB's is where it is at this summer in Taupo.",info@bobshostel.co.nz,http://www.bobshostel.co.nz,+64 7-377 0044,Specialty Lodging,"8 Tuwharetoa Street, Taupo 3330 New Zealand",New Zealand,Taupo,3330,-38.68844,176.06953,2.0,,,32,44,,,,,1,,,,,,1,1,1,,,,,1,#36 of 39 Speciality lodging in Taupo,36,39,49,2.7,2.3,4.4,2.8,3.3,3,2.8
19787195,Koromatua Homestead,"1932 large Villa which was relocated and refurbished in 2009 It is located 13 mins from Hamilton and 3 mins to Templeview ( Mormon Temple). There are four rooms available each is named after one of the 4 elements of nature. Earth , water, air and fire Each room is a large guest bed room with on-suite bathrooms. Relax in landscaped grounds or enjoy a game of pool, darts or table tennis or just relax and enjoy country atmosphere Need more space our barn house is available . 3 bedroom sleeps 6 people but can accommodate more on request full private kitchen and lounge dinning area and 2 family bathrooms. Also 2 self contained chalets with separate bedroom and pull out sofa bed. All buildings are are within 20m of each other so perfect for larger groups",koromatua.homestead@gmail.com,http://www.koromatua.co.nz,+64 27 273 7452,Bed and Breakfast,"110 Willis Road RD10 Hamilton, Ngahinapouri 3290 New Zealand",New Zealand,Ngahinapouri,3290,-37.841278,175.19632,3.0,$,146,9,16,1,158,158,,,1,,,1,1,,,1,1,,,1,1,#1 of 1 B&Bs / Inns in Ngahinapouri,1,1,3,2.7,1,1,1,2,1,1
3403501,Ocean Pacific Apartments,"One and two bedroom apartments available that have some the best views - ever! Just four minutes walk to the beach, five minutes drive to Hot Water Beach and right on the doorstep of Cathedral Cove. Close to the local golf course, cafe's, snorkeling, scuba diving, mountain biking, road biking; natures playground at its finest.",oceanpacificapartments@gmail.com,,+64 274 304 202,Specialty Lodging,"11c Christine Terrace, Hahei 3591 New Zealand",New Zealand,Hahei,3591,-36.84559,175.81152,3.0,,,7,12,,,,,,,,,1,,,,,,,,,1,#8 of 8 Speciality lodging in Hahei,8,8,7,2.7,2.5,3,2.6,2.4,3.3,2.5
1187059,The Commercial Hotel Accommodation,"Finding an ideal hotel in Hamilton does not have to be difficult. Welcome to The Commercial Hotel Accommodation, a nice option for travelers like you.
Close to some of Hamilton's most popular landmarks, such as Cathedral Church of St Peter (0.3 mi) and Cathedral of the Blessed Virgin Mary (0.9 mi), The Commercial Hotel Accommodation is a great destination for tourists.
You’ll enjoy relaxing rooms that offer a refrigerator, bringing comfort and convenience to your visit.
Plus, The Commercial Hotel Accommodation offers a lounge, providing a pleasant respite from your busy day.
While in Hamilton be sure to experience local schnitzel favorites at Joe's Garage.
Should time allow, Hamilton Lake Domain, Parana Park, and Waikato Stadium are some popular attractions that are within walking distance.
The Commercial Hotel Accommodation looks forward to welcoming you on your visit to Hamilton.
",,,+64 7-839 4993,Hotel,"287 Victoria Street Corner Victoria St. and Collingwood St., Hamilton 3204 New Zealand",New Zealand,Hamilton,3204,-37.78814,175.2835,0.0,,,63,0,,,,,,,,,,,,1,1,,,,,,#48 of 56 hotels in Hamilton,48,56,6,1.8,2.6,4.3,1.8,2.2,1.8,2
2406632,Airport Motel At Rainbow Point Motel,"See why so many travelers make Airport Motel at Rainbow Point their motel of choice when visiting Taupo. Providing an ideal mix of value, comfort and convenience, it offers a family-friendly setting with an array of amenities designed for travelers like you.
Airport Motel at Rainbow Point is a family-friendly motel offering a refrigerator in the rooms, and it is easy to stay connected during your stay as internet access is offered to guests.
Plus, guests can enjoy barbeque facilities, which has made this a popular choice among travelers visiting Taupo. For guests with a vehicle, free parking is available.
Nearby landmarks such as Maori Rock Carvings (1.7 mi) and Wairakei Geothermal Power Station Visitor Center (2.1 mi) make Airport Motel at Rainbow Point a great place to stay when visiting Taupo.
Taupo has plenty of Italian restaurants. So when you’re here, be sure to check out popular spots like Kassaba Mediterranean Cafe & Restaurant, Piccolo Cafe, and Portofinos, which are serving up some great dishes.
Taupo is also home to Huka Falls tracks, a popular waterfall that is not too far from Airport Motel at Rainbow Point.
We’re sure you’ll enjoy your stay at Airport Motel at Rainbow Point as you experience all of the things Taupo has to offer.
",,,+64 27 291 8879,Hotel,"29 Charles Crescent Corner Lake Terrace and Rainbow Drive, Taupo 3330 New Zealand",New Zealand,Taupo,3330,-38.71902,176.08076,2.5,,,13,24,,,,,1,,,,1,,,1,1,1,,1,1,,#57 of 60 hotels in Taupo,57,60,37,3.2,4.5,3.5,3.8,4.1,4.3,3.6
27760306,Zeta Motel,,info@zetamotel.co.nz,https://zetamotel.co.nz/,+64 7-595 0337,Bed and Breakfast,"92 Ulster St Whitiora, Hamilton 3200 New Zealand",New Zealand,Hamilton,3200,-37.778477,175.27423,4.0,$,140.5,16,2,1,140,140,,,,,,,,,,,,,,,,#20 of 25 B&Bs / Inns in Hamilton,20,25,4,3.8,1,1,1,1,1,1
940285,Waingaro Motel,,waingaro.hot.springs@clear.net.nz,,+64 7-825 4761,Hotel,"Private Bag Ngaruawahia, Ngaruawahia New Zealand",New Zealand,Ngaruawahia,,-37.69129,175.00026,0.0,,,12,4,,,,,,,,,1,,,1,1,,1,,1,,#2 of 2 hotels in Ngaruawahia,2,2,9,2.9,3.5,2.8,5,3.2,5,3.7
6945196,Forty Winks,,,http://www.bbh.co.nz/hd854/Forty-Winks-Backpackers-in-Hamilton-New-Zealand.html,+64 7-855 2033,Specialty Lodging,"267 River Road, Hamilton 3214 New Zealand",New Zealand,Hamilton,3214,-37.78039,175.28287,0.0,,,,0,,,,,,,,,,,,,,,,,,,#17 of 23 Speciality lodging in Hamilton,17,23,3,3,4,,3,3.3,4,3
1838639,Amisfield Motel,"The Amisfield Motel sits on approximately 2 acres and has 7 ground-floor motel units which comprises of: 2 x two-bedroom family units which can sleep up to 6 people with full kitchen facilities. 2 X semi-studio units (open plan) which can sleep up to 4 people with kitchen facilities. 2 X studio units which can sleep up to 2 people with tea/coffee and microwave facilities. 1 Large studio unit (separate master bedroom) sleeps up to 3 with tea/coffee/microwave facilites. While each motel unit has its own configuration, we can alter this to cater to your needs.",amisfieldmotel@vodafone.co.nz,http://www.amisfieldmotel.co.nz,+64 7-886 7773,Bed and Breakfast,"22 Lochmaben Road, Tokoroa 3420 New Zealand",New Zealand,Tokoroa,3420,-38.2384,175.8849,0.0,$,136.5,7,8,,,,,1,,,,1,1,,1,,1,1,1,1,,#6 of 6 B&Bs / Inns in Tokoroa,6,6,16,2.8,4.1,3,3.3,3.9,3.3,3.3
1187047,Cedar Lodge Motel,"Cedar Lodge Motel is an excellent choice for travelers visiting Hamilton, offering a budget friendly environment alongside many helpful amenities designed to enhance your stay.
For those interested in checking out popular landmarks while visiting Hamilton, Cedar Lodge Motel is located a short distance from Rally Drive NZ (1.1 mi) and Cathedral Church of St Peter (1.3 mi).
You’ll enjoy relaxing rooms that offer a refrigerator and a kitchenette, and you can stay connected during your stay as Cedar Lodge Motel offers guests free wifi.
For guests with a vehicle, free parking is available.
While in Hamilton be sure to experience local crab favorites at Madam Woo.
Should time allow, Hamilton Lake Domain, Parana Park, and Waikato Stadium are some popular attractions that are within walking distance.
Enjoy your stay in Hamilton!
",hamilton.cedar.lodge@gmail.com,http://www.cedarlodge.co.nz/,+64 7-839 5569,Hotel,"174 Ulster Street, Hamilton 3200 New Zealand",New Zealand,Hamilton,3200,-37.77771,175.27168,4.0,$,146,11,9,3,143,143,,,,,,,1,,,1,1,,,,1,#50 of 56 hotels in Hamilton,50,56,36,2.6,3.3,4.1,2.7,3,3.4,2.9
12675258,Matarangi Resort,,info@matarangiresort.co.nz,http://matarangiresort.co.nz/,+64 21 257 6864,Specialty Lodging,"101 Harbour Drive, Matarangi 3592 New Zealand",New Zealand,Matarangi,3592,-36.7307,175.64638,4.0,,,,0,,,,,,,,,,,,,,,,,,,#1 of 1 Speciality lodging in Matarangi,1,1,3,3,,,,,,
25095991,Motuoapa Bay Chalets,"With spacious self-contained, air conditioned chalets, private decks and large garden, Motuoapa Bay is the perfect place to unwind and relax after a long drive or busy day. Only ten minutes north of Turangi and forty minutes out from Taupo, whatever you're looking for, it wont be far off. If you're wanting to take it easy there are a couple of short bush walks out back, Licorice Cafe right next door, thermal pools just out of Turangi and we're only a two minutes walk to the marina and lake. If you are looking for adventure, we're in easy reach of Lake Taupo, Mt Ruapehu and National Park which offer plenty of hiking, skiing/snowboarding, fishing, hunting, mountain biking, rafting, kayaking... you name it!",info@motuoapabaychalets.nz,https://www.facebook.com/motuoapabaychalets/,+64 20 462 2000,Hotel,"16 Tangitu Street, Motuoapa 3382 New Zealand",New Zealand,Motuoapa,3382,-38.934464,175.87267,0.0,,,6,9,,,,,,,,,,,,,,,,,,,#1 of 1 hotels in Motuoapa,1,1,5,2.6,,,,,,
13938240,Lake Domain Hotel,,,,,Specialty Lodging,"45 Lake Domain Drive, Hamilton 3204 New Zealand",New Zealand,Hamilton,3204,-37.79366,175.27,0.0,,,,6,,,,,,,,,,,,,,,,,,,#18 of 23 Speciality lodging in Hamilton,18,23,4,3,5,,4.5,4.5,,
27967378,Avon Apartments,,,,,Specialty Lodging,"1/14 Avon Street, Hamilton 3204 New Zealand",New Zealand,Hamilton,3204,-37.78245,175.26619,0.0,$,108.5,,0,2,96,107,,,,,,,,,,,,,,,,#19 of 23 Speciality lodging in Hamilton,19,23,2,3,1,1,1,1,1,3
19803160,Pouakani Apartment Taupo,,,https://www.facebook.com/pouakanitaupo/,+64 21 246 0994,Specialty Lodging,"6 Rhodes Fall, Taupo 3330 New Zealand",New Zealand,Taupo,3330,-38.67764,176.07182,0.0,,,,0,,,,,,,,,,,,,,,,,,,,,,0,,,,,,,
25020066,Ballygelvar,"Based just minutes outside the quaint and picturesque town of Cambridge in the lush Waikato, Ballygelvar is central to some of New Zealand’s top tourist attractions, or local exclusive adventures. You’ll also enjoy country living and dining- NZ style, alongside a dash of hearty Irish warmth and hospitality We have a passion for hosting guests in our inviting home. Set amongst extensive gardens, with a pond, our home is a rural retreat. We both enjoy entertaining and we encourage our guests to join us for dinner. Our team includes Harry the Jack Russell, Rosie the miniature pony, Clodagh the Kune-kune pig, and Gerry the cat. Two private bed and breakfast rooms, each with their own ensuite bathroom Sit back and enjoy the extensive views of Maungakawa Mountain, while enjoying the relaxing vibe.",belinda@ballygelvar.nz,https://www.ballygelvar.nz/,+64 27 289 9386,Bed and Breakfast,"100A Maungakawa Road, Cambridge 3496 New Zealand",New Zealand,Cambridge,3496,-37.878967,175.51219,0.0,,,3,26,,,,,1,1,,,,,,,,1,,,,1,,,,0,,,,,,,
1210179,Central Motel,,,,+64 7-866 8709,Hotel,"50 Wharf Rd.,, Coromandel 2851 New Zealand",New Zealand,Coromandel,2851,-36.7602,175.49657,0.0,,,37,0,,,,,,,,,,,,,,,,,,,#10 of 10 hotels in Coromandel,10,10,1,3,3,5,3,3,2,3
33458197,Tamata Estate House Farm Stay,,,,,Specialty Lodging,"2494 Te Anga Road, Te Anga 3988 New Zealand",New Zealand,Te Anga,3988,-38.25936,174.89876,0.0,$$$,386.5,,0,,,,,,,,,,,,,,,,,,,,,,0,,,,,,,
12083878,Bob's Bed and Breakfast,,bob@bobsbnb.co.nz,http://www.bobsbnb.co.nz,+64 7-871 6015,Specialty Lodging,"1691 Kihikihi Road, Te Awamutu 3800 New Zealand",New Zealand,Te Awamutu,3800,-38.02584,175.33508,0.0,,,,0,,,,,,,,,1,,,,,,,,,,,,,0,,,,,,,
34233939,The Mann Homestay,"The Mann Estate is a boutique rural property in Waihi, home to The Mann Homestay, The Mann Lavender Farm, and The Mann Christmas Trees—three crafted, family‑run ventures offering calm experiences and quality products shaped by nature and care.",stay@waihihomestay.co.nz,https://www.waihihomestay.co.nz/,+64 21 953 412,Specialty Lodging,"118 Pukewera Road, Waihi 3682 New Zealand",New Zealand,Waihi,3682,-37.43392,175.82585,0.0,$$,200.5,2,26,2,194,208,,,,,,,,,,,,,,,,,,,0,,,,,,,
12537363,Slipper Island Glamping,,,,,Specialty Lodging,"Slipper Island, Coromandel New Zealand",New Zealand,Coromandel,,-37.04723,175.94366,0.0,,,,1,,,,,1,,,,,,,,,,,,,,#26 of 26 Speciality lodging in Coromandel,26,26,1,1,,5,,1,4,
20289947,Hahei Retreat,,,https://www.haheiretreat.co.nz/,,Bed and Breakfast,"6 Orchard Road, Hahei 3591 New Zealand",New Zealand,Hahei,3591,-36.845,175.80759,0.0,,,,5,,,,,,,,,,,,,,,,,,,#5 of 5 B&Bs / Inns in Hahei,5,5,4,2,2,4.5,,1,1,1
6031080,Poplar Tree Lodge,Our super-comfortable vacation house is spacious and well equipped. It's the perfect place to base yourself for exploring the myriad of mountain bike and walking trails around the area. The lake is just one minute away and golf is right on your doorstep!,poplartreelodge@gmail.com,,64 3783074,Specialty Lodging,"100 Kinloch Road Kinloch, Taupo 3377 New Zealand",New Zealand,Taupo,3377,-38.65614,175.92618,0.0,$$,224,3,0,,,,,,,,,1,,,,,1,,,,,,,,0,,,,,,,
33457043,Te Punanga O Te Rangimarie,,,,,Specialty Lodging,"742a Maratoto Road, Hikutaia 3674 New Zealand",New Zealand,Hikutaia,3674,-37.29623,175.73943,0.0,,,,0,,,,,,,,,,,,,,,,,,,,,,0,,,,,,,
15236828,Farmgate Family Friendly B&B,,,,,Specialty Lodging,"3263 Tairua Whitianga Road, Whitianga 3591 New Zealand",New Zealand,Whitianga,3591,-36.8378,175.66637,0.0,,,2,2,,,,,,,,,,,,,,,,,,,#30 of 32 Speciality lodging in Whitianga,30,32,1,5,,,,5,5,5
27174757,Hamilton Holiday House,,,,,Specialty Lodging,"6 Whitford Place Rototuna North, Hamilton 3210 New Zealand",New Zealand,Hamilton,3210,-37.726257,175.2575,0.0,,,,0,,,,,,,,,,,,,,,,,,,,,,0,,,,,,,
16676971,Tuscan Waters,,,https://www.tuscanwaters.co.nz/,+64 21 273 3334,Specialty Lodging,"41 Aquila Drive, Whitianga 3510 New Zealand",New Zealand,Whitianga,3510,-36.8342,175.69147,0.0,,,,0,,,,,,,,,,,,,,,,,,,,,,0,,,,,,,
33468390,Riverside Lodge,,,,,Specialty Lodging,"481 River Road, Hamilton 3214 New Zealand",New Zealand,Hamilton,3214,-37.77345,175.27332,0.0,,,,0,,,,,,,,,,,,,,,,,,,,,,0,,,,,,,
25396176,The Pool House,,tandlanderson@tuibees.co.nz,https://www.facebook.com/private.country.king.bed/,+64 210 407 708,Specialty Lodging,"407 Bruntwood Road, Tamahere 3493 New Zealand",New Zealand,Tamahere,3493,-37.83727,175.41599,0.0,,,,0,,,,,,,,,,,,,,,,,,,,,,0,,,,,,,
13529283,St Andrews House,,,,,Specialty Lodging,"41 Saint Andrews Terrace, Hamilton 3200 New Zealand",New Zealand,Hamilton,3200,-37.75344,175.25995,0.0,,,,0,,,,,,,,,,,,,,1,,,,1,,,,0,,,,,,,
25393015,Admiral Waters,,,,,Specialty Lodging,"21 Admiral Drive, Cooks Beach, Whitianga 3591 New Zealand",New Zealand,Cooks Beach,3591,-36.840195,175.75584,0.0,$$$,340.5,,0,,,,,,,,,,,,,,,,,,,,,,0,,,,,,,
25418404,On The River,,info@ontheriver.co.nz,https://www.ontheriver.co.nz/,+64 21 650 159,Specialty Lodging,"458 Airport Road, Tamahere 3282 New Zealand",New Zealand,Tamahere,3282,-37.844494,175.34729,0.0,$$$,416,,0,,,,,,,,,,,,,,,,,,,,,,0,,,,,,,
1210298,Surfside One Bed & Breakfast,,,,+64 7-865 9262,Bed and Breakfast,"1-120 Winifred Avenue, Whangamata 3620 New Zealand",New Zealand,Whangamata,3620,-37.20616,175.87633,0.0,,,11,0,,,,,,,,,,,,,,,,,,,,,,0,,,,,,,
33467403,Riverstone Acres,,,,,Specialty Lodging,"249 Franklin Road Wool Shed, Waihi 3682 New Zealand",New Zealand,Waihi,3682,-37.46525,175.77829,0.0,$$,239,,0,,,,,,,,,,,,,,,,,,,,,,0,,,,,,,
23251727,Stunning Sea Views,,,,,Bed and Breakfast,"4 Harbour Lights Lane, Whitianga 3510 New Zealand",New Zealand,Whitianga,3510,-36.80502,175.71005,0.0,,,,0,,,,,,,,,,,,,,,,,,,,,,0,,,,,,,
19443190,Clarion Suites at The Ambassador Hotel,,,,,Bed and Breakfast,"Ulster Street, Hamilton 3200 New Zealand",New Zealand,Hamilton,3200,-37.7723,175.26364,0.0,,,,0,,,,,,,,,,,,,,,,,,,,,,0,,,,,,,
20288803,Home Hospitality Hamilton,,,https://homehospitalityhamilton.business.site/,+64 21 170 3210,Bed and Breakfast,"22 Portobello Way Huntington, Hamilton 3210 New Zealand",New Zealand,Hamilton,3210,-37.736626,175.28325,3.5,,,,0,,,,,,,,,,,,,,,,,,,,,,0,,,,,,,
34484812,Sunkist Guesthouse,,,,,Specialty Lodging,"506 Brown Street, Thames 3500 New Zealand",New Zealand,Thames,3500,-37.132156,175.5363,0.0,,,,0,,,,,,,,,,,,,,,,,,,,,,0,,,,,,,
20879432,Wairere Falls Lodge,,,https://wairerefallslodge.co.nz/,+64 27 946 2365,Specialty Lodging,"255 Maiseys Road, Waharoa 3471 New Zealand",New Zealand,Waharoa,3471,-37.735435,175.80725,0.0,,,,0,,,,,,,,,,,,,,,,,,,,,,0,,,,,,,
17150072,La Paloma Castle,A unique and luxury bed and breakfast on the outskirts of Te Awamutu.,lapalomacastle@gmail.com,https://www.facebook.com/lapalomacastlenz/,+64 27 758 1370,Specialty Lodging,"39 Moxham Road, Te Awamutu 3879 New Zealand",New Zealand,Te Awamutu,3879,-37.99189,175.34505,0.0,$$,300,2,10,,,,,,,1,,,,,,,1,1,,,1,,,,0,,,,,,,
16650536,Given Ave B&B,,,,,Specialty Lodging,"314A Given Avenue, Whangamata 3620 New Zealand",New Zealand,Whangamata,3620,-37.21863,175.88068,0.0,,,,0,,,,,,,,,,,,,,,,,,,,,,0,,,,,,,
13813338,Tamahere Lifestyle Stay and Conference Room,,,,,Specialty Lodging,"81 Newell Road, Tamahere 3283 New Zealand",New Zealand,Tamahere,3283,-37.81373,175.33304,0.0,,,6,0,,,,,,,,,,,,,,,,,,,,,,0,,,,,,,
21287429,Killyrudden Bed & Breakfast,,,,,Bed and Breakfast,"16 Motuhoa Road, Tairua 3508 New Zealand",New Zealand,Tairua,3508,-37.00146,175.86415,3.0,,,3,0,,,,,,,,,,,,,,,,,,,,,,0,,,,,,,
275646,Central City Motor Inn,"Welcome to Central City Motor Inn, your Hamilton “home away from home.” Central City Motor Inn aims to make your visit as relaxing and enjoyable as possible, which is why so many guests continue to come back year after year.
For those interested in checking out popular landmarks while visiting Hamilton, Central City Motor Inn is located a short distance from Sapper Horace Moore-Jones commemorative statue (0.0 mi) and Rally Drive NZ (1.2 mi).
Central City Motor Inn is a hotel offering a refrigerator and a kitchenette in the rooms.
The hotel features room service. Plus, guests can enjoy a fitness center, which has made this a popular choice among travelers visiting Hamilton.
When you’re feeling hungry, be sure to check out Babaganush, Sultan's Kitchen, and Paasha Cafe & Mezze Bar, which are some Mediterranean restaurants that are popular with locals and out-of-towners alike.
If you’re looking for things to do, you can check out Parana Park (1.1 mi), Waikato Stadium (0.9 mi), or Riff Raff Statue (1.0 mi), which are popular attractions amongst tourists, and they are all within walking distance.
Central City Motor Inn puts the best of Hamilton at your fingertips, making your stay both relaxing and enjoyable.
",,,,Hotel,"1157 Victoria Street, Hamilton 3200 New Zealand",New Zealand,Hamilton,3200,-37.77668,175.27338,0.0,,,161,0,,,,,,,,,,1,,1,1,,,1,,,#47 of 56 hotels in Hamilton,47,56,1,1,,,,,,
21297483,Ngatea Motel,"Ngatea Motel (previously known as Thames Valley Motel) is situated in Ngatea which is the first town on state highway 2 on Auckland to Tauranga route. Ngatea Motel lies in the town centre. All cafes, pubs in town are within 5 minute walk. 5 ground floor units, fully self contained with kitchen. Sleeps up to 4. Explore Coromandel, Rotorua yet be within 1 hour drive from Auckland airport.",tvmotel@xtra.co.nz,http://ngateamotel.co.nz,+64 7-867 7189,Specialty Lodging,"1 Paul Drive, Ngatea 3503 New Zealand",New Zealand,Ngatea,3503,-37.2757,175.4944,0.0,,,5,10,,,,,,,,,,1,1,,,1,,,,1,#1 of 1 Speciality lodging in Ngatea,1,1,3,2.3,2,3.5,1.5,1,2,1
33459180,87 On Fifth Ave,,,,,Specialty Lodging,"87 Fifth Avenue, Hamilton 3214 New Zealand",New Zealand,Hamilton,3214,-37.76928,175.29962,0.0,$$,265.5,,0,2,263,279,,,,,,,,,,,,,,,,,,,0,,,,,,,
16844669,Residence On Bollard,"Self-contained modern purpose built apartment. Open plan living, dining, fully equipped kitchen, with two large comfortable bedrooms, bathroom, and separate toilet, situated on large quite rural ground conveniently located minutes from both Hamilton and Cambridge.",bollard.rd.bnb@gmail.com,http://www.residence-on-bollard.com/,+64 21 155 4104,Specialty Lodging,"12 Bollard Road, Hamilton 3283 New Zealand",New Zealand,Hamilton,3283,-37.82184,175.35155,0.0,$$,230.5,2,1,,,,,,,1,,1,1,,1,,1,,,,1,,,,0,,,,,,,
18218009,Dell Cote Homestay,,,,,Bed and Breakfast,"37 Rewa Rewa Valley, Tairua 3579 New Zealand",New Zealand,Tairua,3579,-37.01388,175.84427,0.0,,,,0,,,,,,,,,,,,,,,,,,,,,,0,,,,,,,
32767480,Tauhara Sunrise Lodge,,,https://www.tauharasunrise.com/,+64 21 146 7330,Bed and Breakfast,"38 Mapara Road, Acacia Bay, Taupo 3377 New Zealand",New Zealand,Acacia Bay,3377,-38.703598,176.02895,5.0,,,,0,,,,,,,,,,,,,,,,,,,,,,0,,,,,,,
23909743,Studio 28,,,,,Specialty Lodging,"28 Fairview Terrace, Taupo 3330 New Zealand",New Zealand,Taupo,3330,-38.70756,176.096,0.0,$$,191,,0,,,,,,,,,,,,,,,,,,,,,,0,,,,,,,
34199565,Fairway views B & B,,,,,Bed and Breakfast,"236B Okauia Springs Road, Matamata 3471 New Zealand",New Zealand,Matamata,3471,-37.78918,175.83618,0.0,$,153,,0,1,151,151,,,,,,,,,,,,,,,,,,,0,,,,,,,
1100302,Prosperity Tree Organic Farmstay,"Prosperity Tree Bed & Breakfast is a 400 sqm 4-bedroom rural home on a 120ha certified organic dairy farm. Our detached 100 sqm 2 bedroom (upstairs) guest accommodation, can sleep 8. 2 queen beds, 4 singles. You have your own kitchen, lounge, bathroom and private deck on ground level, TV & wireless broadband. Prosperity Tree is situated 10km from Hobbiton (Lord of the Rings film location), 10 km from Matamata. 45 mins drive to Hamilton.",greg@prosperitytree.net,,+64 7-888 2995,Bed and Breakfast,"248 Te Poi South Road, Matamata 3473 New Zealand",New Zealand,Matamata,3473,-37.89368,175.84853,0.0,$,109.5,2,0,,,,,,,,,,1,,,,,,,,,,,,0,,,,,,,
21282088,Hahei Oceanfront,,,,,Bed and Breakfast,"Wigmore Cres, 23, Hahei New Zealand",New Zealand,Hahei,,-36.84188,175.8119,3.0,,,2,0,,,,,,,,,,,,,,,,,,,,,,0,,,,,,,
26870100,Share Our Home Farm Stay,,,,+64 21 135 9017,Bed and Breakfast,"1865 A Hetherington Road Rd, Ruawaro 3772 New Zealand",New Zealand,Ruawaro,3772,-37.548096,174.99287,0.0,,,,0,,,,,,,,,,,,,,,,,,,,,,0,,,,,,,
21292301,Shakespeare Cliff Lodge,,,,,Bed and Breakfast,"745 Purangi Road, Cooks Beach, Whitianga 3591 New Zealand",New Zealand,Cooks Beach,3591,-36.847507,175.752,0.0,,,8,0,,,,,,,,,,,,,,,,,,,,,,0,,,,,,,
1187462,Cutters Lake View Motor Inn,,,,+64 7-378 6015,Hotel,"60-62 Lake Terrace, Taupo 3330 New Zealand",New Zealand,Taupo,3330,-38.69118,176.0725,0.0,,,14,0,,,,,,,,,,,,,,,,,,,,,,0,,,,,,,
16676593,Whitianga On The Water,,,,,Specialty Lodging,"86 South Highway, Whitianga 3510 New Zealand",New Zealand,Whitianga,3510,-36.84086,175.68726,0.0,,,,0,,,,,,,,,,,,,,,,,,,,,,0,,,,,,,
10198339,Moss Country Home Stay B&B,,,http://www.mossfarmstay.co.nz/,+64 7-888 2683,Bed and Breakfast,"3786 State Highway 29, Matamata 3473 New Zealand",New Zealand,Matamata,3473,-37.86695,175.86522,0.0,,,,0,,,,,,,,,,,,,,,,,,,,,,0,,,,,,,
17703690,Westlands Lodge,,,http://www.westlands.co.nz/,+64 21 554 103,Bed and Breakfast,"635 Whatawhata Road, Whatawhata 3285 New Zealand",New Zealand,Whatawhata,3285,-37.7943,175.21269,0.0,,,,0,,,,,,,,,,,,,,,,,,,,,,0,,,,,,,
317644,Saltwater Lodge,"High quality, self-catering apartment available all year for holidays and weekend stays. Overlooking Tairua Harbour on the East coast of the Coromandel Peninsula. Ideal for couples or small adult groups who want to be independent but also have the comforts of home. All equipment and linen is supplied, the apartment has its own separate access, indoor/outdoor living areas and parking. Cool in summer, cosy in winter. The views are stunning - the garden setting lovely.",swl@phillipsconsult.com,http://www.saltwaterlodge.com/SWL/index.html,+64 7-864 9592,Hotel,"4 Tui Terrace, Tairua 3508 New Zealand",New Zealand,Tairua,3508,-37.00793,175.8501,0.0,$$,119.5,2,6,,,,,,,,,,1,,,1,1,,,,1,,,,0,,,,,,,
34344076,Cube Lite Apartments,,,,,Hotel,"931 Heaphy Terrace, Hamilton 3214 New Zealand",New Zealand,Hamilton,3214,-37.774338,175.28435,0.0,$,105.5,,0,1,99,99,,,,,,,,,,,,,,,,,,,0,,,,,,,
20244248,Close to Rototuna's Shop,,,,,Specialty Lodging,"23 Cate Road, Hamilton 3210 New Zealand",New Zealand,Hamilton,3210,-37.7308,175.2667,0.0,,,,0,,,,,,,,,,,,,,,,,,,,,,0,,,,,,,
33686020,Nadarra Hideaway,,nadarra.hideaway@gmail.com,https://www.facebook.com/profile.php?id=100063626735896&sk=about,+64 27 544 5553,Specialty Lodging,"597 Waitomo Valley Road, Otorohanga 3977 New Zealand",New Zealand,Otorohanga,3977,-38.212418,175.14186,0.0,$$,204,,0,,,,,,,,,,,,,,,,,,,,,,0,,,,,,,
20316251,Golf View B&B,,,,,Bed and Breakfast,"10 Golf Road, Te Awamutu 3800 New Zealand",New Zealand,Te Awamutu,3800,-38.02755,175.33647,0.0,,,,0,,,,,,,,,,,,,,,,,,,,,,0,,,,,,,
24058093,Fairview BnB Taupo,,,,,Bed and Breakfast,"21 Fairview Terrace, Taupo 3330 New Zealand",New Zealand,Taupo,3330,-40.90056,174.88597,0.0,,,2,0,,,,,,,,,,,,,,,,,,,,,,0,,,,,,,
24854822,Radiata Homestay,Nice cozy and quiet B&B on the edge of the city with a beautiful natural view next to the house. Close to highways and the city centre. Convenient to travel.,,,,Bed and Breakfast,"84 Radiata Street, Hamilton 3214 New Zealand",New Zealand,Hamilton,3214,-37.757786,175.30785,0.0,$,105.5,2,8,4,106,116,,,,,,,,,,,,,,,,,,,0,,,,,,,
1187465,Motel Taupo,,,,+64 7-378 5992,Hotel,"50 Wharewaka Rd., Four Mile Bay, Taupo New Zealand",New Zealand,Taupo,,-38.73116,176.0686,0.0,,,,0,,,,,,,,,,,,,,,,,,,,,,0,,,,,,,
23347172,Rototuna North Homestay,,,,,Bed and Breakfast,"6 Whitford Place Rototuna North, Hamilton 3210 New Zealand",New Zealand,Hamilton,3210,-37.72629,175.2575,0.0,,,,0,,,,,,,,,,,,,,,,,,,,,,0,,,,,,,
275647,Glenview International Hotel,,reservations@gihcc.co.nz,,+64 7-843 6049,Hotel,"254 Ohaupo Rd Cnr Ohaupo Road and Resthills Crescent, Hamilton New Zealand",New Zealand,Hamilton,,-37.82404,175.29146,0.0,,,33,0,,,,,,,,,,,,,,,,,,,,,,0,,,,,,,
33435022,Tarata Eco Retreat,"Tarata Eco Retreat is a secluded off-grid getaway nestled on the shores of Kāwhia Harbour in Te Waitere, New Zealand. We offer our two unique stays—Tarata Tent, a luxury African Safari-style tent, and Tarata Cabin, a charmingly renovated retreat. Both feature wood-fired hot tubs, outdoor living spaces, and breathtaking harbour and forest views, creating an intimate connection with nature. You can unwind to the sounds of native birds and explore. Our eco retreat is perfect for those seeking peace, privacy, and a touch of adventure. It’s your time to truly unwind. Escape into nature at Tarata Eco Retreat.",tarataeco@gmail.com,http://tarataecoretreat.com,+64 27 775 6312,Bed and Breakfast,"885A Te Waitere Road, Taharoa 3988 New Zealand",New Zealand,Taharoa,3988,-38.14976,174.81871,0.0,,,1,13,,,,,,,,,,,,,,1,,,,,,,,0,,,,,,,
1156771,Karapiro Wellness Resort,"Karapiro Wellness Resort is an excellent choice for travelers visiting Cambridge, offering many helpful amenities designed to enhance your stay.
Guest rooms offer a minibar and a kitchenette.
You can also take advantage of some of the amenities offered by the hotel, including room service and a concierge. In addition, guests can enjoy a pool during their visit.
While staying at Karapiro Wellness Resort, if you are feeling hungry, you can find The Boatshed Karapiro (1.0 mi) a short walk from the hotel.
During your visit, be sure to check out a popular art gallery like The Garden Art Studio, which is a short distance from the hotel.
Enjoy your stay in Cambridge!
",,,,Hotel,"1002 Tirau Road, Cambridge 3494 New Zealand",New Zealand,Cambridge,3494,-37.93701,175.57523,0.0,$$$,362,111,0,1,370,370,,,,,,,1,,,1,,1,1,1,,,,,0,,,,,,,
33445435,Pipi Dune Bed & Breakfast,,,,,Bed and Breakfast,"5 Pipi Dune, Whitianga 3510 New Zealand",New Zealand,Whitianga,3510,-36.82134,175.6978,3.0,,,,0,,,,,,,,,,,,,,,,,,,,,,0,,,,,,,
34522761,Earthstead Villas,,,,+64 7-827 3771,Bed and Breakfast,"3635 Cambridge Road, Cambridge 3495 New Zealand",New Zealand,Cambridge,3495,-37.91471,175.4465,4.0,,,,0,,,,,,,,,,,,,,,,,,,,,,0,,,,,,,
34070816,Beach Motel & Cabins,,,,+64 7-866 2698,Specialty Lodging,"108 Buffalo Beach Road, Whitianga 3510 New Zealand",New Zealand,Whitianga,3510,-36.81188,175.69958,3.0,,,,0,,,,,,,,,,,,,,,,,,,,,,0,,,,,,,
16664543,Paradise Suites B&B,,,,,Bed and Breakfast,"39 Harsant Avenue, Hahei 3591 New Zealand",New Zealand,Hahei,3591,-36.84047,175.80795,0.0,,,,0,,,,,,,,,1,,,,,,,,,,,,,0,,,,,,,
33040590,Hideaway in Green Hill Park,,,,,Specialty Lodging,"24 Halley Drive, Hamilton 3210 New Zealand",New Zealand,Hamilton,3210,-37.756798,175.30276,0.0,$,105.5,,0,1,92,92,,,,,,,,,,,,,,,,,,,0,,,,,,,
34403835,Puna BnB,,,,,Bed and Breakfast,"496A Puketutu Rd, Matamata 3472 New Zealand",New Zealand,Matamata,3472,-37.86931,175.72133,0.0,$$,210,,0,2,223,240,,,,,,,,,,,,,,,,,,,0,,,,,,,
12521465,Mystery Creek Farm Stay,,,,,Specialty Lodging,"220 Mystery Creek Road, Ohaupo 3881 New Zealand",New Zealand,Ohaupo,3881,-37.87549,175.35796,0.0,,,,0,,,,,,,,,,,,,,,,,,,,,,0,,,,,,,
34012188,Acacia Bay Lodge,,,https://agoda.com/en-ie/acacia-bay-lodge-private-manor-with-lake-and-garden-views/hotel/taupo-nz.html,,Specialty Lodging,"14 Glen Mohr, Taupo 3385 New Zealand",New Zealand,Taupo,3385,-38.70671,176.01079,0.0,,,,0,,,,,,,,,,,,,,,,,,,,,,0,,,,,,,
27522566,Driftwood Sands Tairua,,,,+64 274 371 406,Specialty Lodging,"178 Main Road, Tairua 3508 New Zealand",New Zealand,Tairua,3508,-37.006516,175.8492,0.0,,,3,10,,,,,,,,,,,,,1,1,,,,,,,,0,,,,,,,
23297916,Widow's Peak,,,,,Specialty Lodging,"144 Honikiwi Road, Otorohanga 3973 New Zealand",New Zealand,Otorohanga,3973,-38.17507,175.17786,0.0,,,,0,,,,,,,,,,,,,,,,,,,,,,0,,,,,,,
25112319,Tiny House Escapes,,hello@tinyhouseescapes.co.nz,https://www.facebook.com/TinyHouseEscapesRaglan/,+64 21 516 716,Specialty Lodging,"Whaanga Road, Raglan 3265 New Zealand",New Zealand,Raglan,3265,-37.83741,174.78052,0.0,,,,0,,,,,,,,,,,,,,,,,,,,,,0,,,,,,,
23008997,Bay Breeze Accommodation,,,https://www.baybreeze.co.nz/,+64 7-866 5209,Hotel,"6 Banks Street, Cooks Beach, Whitianga 3591 New Zealand",New Zealand,Cooks Beach,3591,-36.83784,175.74039,4.0,$$,318.5,,0,1,311,311,,,,,,,,,,,,,,,,,,,0,,,,,,,
21155050,Rose Apartments Hamilton,,,,,Specialty Lodging,"5 Seddon Road, Hamilton 3204 New Zealand",New Zealand,Hamilton,3204,-37.78936,175.27496,3.0,,,,0,,,,,,,,,,,,,,,,,,,,,,0,,,,,,,
12436346,Rest Easy B&B,,,,,Bed and Breakfast,"5 Firth View Road, Te Puru 3575 New Zealand",New Zealand,Te Puru,3575,-37.04603,175.52281,0.0,,,,0,,,,,,,,,,,,,,,,,,,,,,0,,,,,,,
23431619,Hillcrest Room,,,,,Bed and Breakfast,"75 Mansel Avenue, Hamilton 3216 New Zealand",New Zealand,Hamilton,3216,-37.79943,175.32097,0.0,,,,0,,,,,,,,,,,,,,,,,,,,,,0,,,,,,,
21404724,Southern Cross,,,,,Specialty Lodging,"97A Borman Road, Hamilton 3281 New Zealand",New Zealand,Hamilton,3281,-37.72204,175.28763,3.0,,,,0,,,,,,,,,,,,,,,,,,,,,,0,,,,,,,
8733307,Rose House,"Rose House is an excellent choice for travelers visiting Cambridge, offering many helpful amenities designed to enhance your stay.
As your “home away from home,” the bed and breakfast rooms offer a kitchenette, and getting online is easy, with free wifi available.
Guests have access to room service while staying at Rose House. In addition, Rose House offers a fitness center and free breakfast, which will help make your Cambridge trip additionally gratifying. And, as an added convenience, there is free parking available to guests.
During your visit, be sure to check out one of Cambridge's popular ribs restaurants such as Good Union, Stables on Alpha, and Five Stags, all a short distance from Rose House.
Plus, during your trip, don't forget to check out an art gallery, such as The Garden Art Studio.
Enjoy your stay in Cambridge!
",info@rosehouse.co.nz,http://www.rosehouse.co.nz,+64 27 822 8860,Bed and Breakfast,"143 Tirau Road, Cambridge 3496 New Zealand",New Zealand,Cambridge,3496,-37.89417,175.49438,0.0,$$,245,2,11,,,,1,,,1,,1,1,,,,1,,1,1,1,,,,0,,,,,,,
24164766,Lupin Lodge Bed and Breakfast,,lorene@lupinlodgetaupo.nz,https://www.lupinlodgetaupo.nz/,+64 21 296 1860,Specialty Lodging,"396 Tukairangi Road, Taupo 3385 New Zealand",New Zealand,Taupo,3385,-38.652744,176.02463,3.0,$$,245,3,0,,,,,,,,,,,,,,,,,,,,,,0,,,,,,,
25376355,Estuary Retreat Whangamata,,,,,Specialty Lodging,"109 Moore Place, Whangamata 3620 New Zealand",New Zealand,Whangamata,3620,-37.226456,175.87703,0.0,$$,255,,0,1,260,260,,,,,,,,,,,,,,,,,,,0,,,,,,,
1187467,Peppertree Park Motel,,,,+64 7-378 9919,Hotel,"74 State Highway 1, Two Mile Bay,, Taupo New Zealand",New Zealand,Taupo,,-38.87627,175.6813,0.0,,,8,0,,,,,,,,,,,,,,,,,,,,,,0,,,,,,,
20246047,Rose Garden Homestay,,dianembaird0400@gmail.com,,+64 274 955 876,Bed and Breakfast,"82A Hall Street, Cambridge 3434 New Zealand",New Zealand,Cambridge,3434,-37.88439,175.458,0.0,$,105.5,2,1,,,,,,,1,,,,,,,1,,,,1,,,,0,,,,,,,
34390498,Kiwi Cove Motel,,,,+64 27 234 8443,Hotel,"39-41 Kaimanawa Street, Taupo 3330 New Zealand",New Zealand,Taupo,3330,-38.688503,176.07747,0.0,$,124,,0,2,99,99,,,,,,,,,,,,,,,,,,,0,,,,,,,
33465977,Streamside Country Manor,"We offer family groups, friends and travelers the oppotunity to experince the delights of unwinding in this delightful five-bedroom rustic home set in picturesque rural landscape with the beautiful Piakoiti stream bordering the gorgeous rambling gardens of a truely traditional English countryside property. What makes this home so unique is it’s amazing handcrafted structure which captures a slice of history. It is built from large rough sawn beams that were milled nearby. The frame features mortise and tenon joints which was the traditional method of building without any nails . The walls are decorated with hand tinted lime plaster which we made ourselves. The stones of the fireplace were personally selected from a local quarry. Features like these and the love and attention to detail creates a home like no other, every nook and cranny has literally encapsulated the essence of who we are. Every piece of furniture has a story to tell. The atmosphere is one of luxurious comfort.",synergyhomeopathynz@gmail.com,,011642102437146,Specialty Lodging,"47 Piakoiti Road, Richmond Downs 3475 New Zealand",New Zealand,Richmond Downs,3475,-37.75298,175.67847,0.0,$$,202,5,13,2,220,225,,,,,,,,,,1,1,,,,1,,,,0,,,,,,,
15558647,Tremeer Farm Stay,"Karo and Grant have a warm welcome awaiting you at their stunning homestead on 244ha of rolling Waikato farmland. Book our personalised farm tour. Come see and experience first hand a progressive and award-winning 800 cow NZ Dairy Farm. Satellite Recorded Pastures, Herd Homes protecting the land and the cows, Stream planting, high B.W. Kiwi Cross Cows with Cow Scout Collars.",info@tremeerfarm.co.nz,http://tremeerfarmstay.co.nz/,+64 27 329 5259,Specialty Lodging,"93 Paratu Road, Richmond Downs 3475 New Zealand",New Zealand,Richmond Downs,3475,-37.75146,175.63976,0.0,$$,295,4,0,,,,,,,1,,,,,,,1,1,,,1,,,,0,,,,,,,
10541805,Cambridge Country Lodge and Backpackers,,,http://www.cambridgecountrylodge.co.nz,+64 7-827 3442,Specialty Lodging,"20 Peake Road, Cambridge New Zealand",New Zealand,Cambridge,,-37.88594,175.43913,0.0,,,,0,,,,,,,,,,,,,,,,,,,,,,0,,,,,,,
28248105,Perma Ridge Farmstay,,,,,Specialty Lodging,"188 Te Puroa Road, Ngaruawahia 3793 New Zealand",New Zealand,Ngaruawahia,3793,-37.696667,175.13515,0.0,,,,0,,,,,,,,,,,,,,,,,,,,,,0,,,,,,,
33452136,Self Check-in Double Or Single Rooms Of Guest House,,,,,Specialty Lodging,"744 Brunskill Road, Te Poi 3496 New Zealand",New Zealand,Te Poi,3496,-37.83081,175.57956,0.0,$$,200.5,,0,1,165,165,,,,,,,,,,,,,,,,,,,0,,,,,,,
25240561,Country Bliss B&B,,,,+64 274 270 799,Specialty Lodging,"750 Mangaorongo Road, Otorohanga 3972 New Zealand",New Zealand,Otorohanga,3972,-38.1981,175.31953,0.0,,,,0,,,,,,,,,,,,,,,,,,,,,,0,,,,,,,
13943127,Soft Leaf Farmstay,,,,,Specialty Lodging,"268 Mercer Ferry Road, Mercer 2696 New Zealand",New Zealand,Mercer,2696,-37.29902,175.03175,0.0,,,,0,,,,,,,,,1,,,,,,,,,,,,,0,,,,,,,
23357967,Cathedral Cove Connection,,,,,Specialty Lodging,"26 Robyn Crescent, Hahei 3591 New Zealand",New Zealand,Hahei,3591,-36.84216,175.8045,0.0,,,,0,,,,,,,,,,,,,,,,,,,,,,0,,,,,,,
17891917,Foxhollies Luxury Countryside Accommodation,,,https://www.facebook.com/pages/category/Hotel-Resort/Fox-Hollies-Hotel-1366323466754349/,+64 274 457 928,Specialty Lodging,"79 Smart Road, Cambridge 3496 New Zealand",New Zealand,Cambridge,3496,-37.879,175.52176,0.0,,,,0,,,,,,,,,,,,,,,,,,,,,,0,,,,,,,
10779690,Trout Heaven Bed and Breakfast,,,http://www.troutheaven.co.nz/,+64 7-872 2686,Specialty Lodging,"183 Newman Rd, Wharepuhunga 3873 New Zealand",New Zealand,Wharepuhunga,3873,-38.12879,175.47688,0.0,,,,0,,,,,,,,,1,,,,,,,,,,,,,0,,,,,,,
20316499,Peace in Waihi Beach,,,,,Bed and Breakfast,"12 Ian Place, Waihi 3611 New Zealand",New Zealand,Waihi,3611,-37.417896,175.94861,0.0,,,,0,,,,,,,,,,,,,,,,,,,,,,0,,,,,,,
6686829,Tararu Homestay,"Finding an ideal guest house in Thames does not have to be difficult. Welcome to Tararu Homestay, a nice option for travelers like you.
While staying at Tararu Homestay, visitors can check out Burke Street Wharf (1.3 mi) and Thames Coastal Walkway (1.5 mi), some of Thames' top attractions.
Guest rooms offer amenities such as a refrigerator and a kitchenette.
While staying in Thames, you can check out a popular Thai restaurant like Nakontong Thai Restaurant at Thames, which is serving up some great dishes.
Should time allow, Goldmine Experience and Thames Society of Arts are some popular attractions that are within walking distance.
Tararu Homestay looks forward to welcoming you on your visit to Thames.
",,,+64 7-868 8738,Bed and Breakfast,"107 Prices Avenue Tararu, Thames 3500 New Zealand",New Zealand,Thames,3500,-37.11439,175.52106,0.0,,,,0,,,,,,,,,,1,,1,1,,,,,,,,,0,,,,,,,
12507559,Vaughan Villa,,,,,Specialty Lodging,"96 Preston Road, Te Awamutu 3800 New Zealand",New Zealand,Te Awamutu,3800,-37.9941,175.3438,0.0,,,2,0,,,,,,,,,1,,,,,1,,,,1,,,,0,,,,,,,
34073706,Bavaria Motel,,,,+64 7-839 2520,Specialty Lodging,"203-207 Ulster Street, Hamilton 3200 New Zealand",New Zealand,Hamilton,3200,-37.778,175.271,3.0,$,166.5,,0,1,158,158,,,,,,,,,,,,,,,,,,,0,,,,,,,
1209968,Cottage By The Sea,,,,+64 7-866 0605,Bed and Breakfast,"11 Esplanade, Whitianga 3510 New Zealand",New Zealand,Whitianga,3510,-36.83293,175.7076,0.0,,,8,0,,,,,,,,,,,,,,,,,,,,,,0,,,,,,,
27995823,Acacia Bay,,,,,Bed and Breakfast,"25 Wakeman Road, Taupo 3330 New Zealand",New Zealand,Taupo,3330,-38.705505,176.03015,0.0,$$$$,1056,,0,,,,,,,,,,,,,,,,,,,,,,0,,,,,,,
15208447,Clean & Quiet B&B,,,,,Specialty Lodging,"137 Swarbrick Drive, Te Awamutu 3800 New Zealand",New Zealand,Te Awamutu,3800,-38.01814,175.33038,0.0,,,,0,,,,,,,,,,,,,,,,,,,,,,0,,,,,,,
23179021,Chez Nous,,,,,Bed and Breakfast,"122 Queen Street, Thames 3500 New Zealand",New Zealand,Thames,3500,-37.14494,175.54391,0.0,,,,0,,,,,,,,,,,,,,,,,,,,,,0,,,,,,,
15190223,Garden Haven,,,,,Specialty Lodging,"51 Cholmondeley Crescent, Whitianga 3510 New Zealand",New Zealand,Whitianga,3510,-36.83773,175.69637,0.0,,,,0,,,,,,,,,,,,,,,,,,,,,,0,,,,,,,
24542709,The Coromandel Treehouse,,,,,Specialty Lodging,"500 Driving Creek Road, Coromandel 3506 New Zealand",New Zealand,Coromandel,3506,-36.7359,175.501,4.5,,,,0,,,,,,,,,,,,,,,,,,,,,,0,,,,,,,
15030386,Culford Gardens Bed & Breakfast,"Culford Gardens is a luxury Bed & Breakfast in Karapiro, ideally located 6 minutes from Cambridge and close to Lake Karapiro. Our B&B in Karapiro offers two double bedrooms with ensuites (one room specifically renovated for accessibility requirements), plus two single rooms with shared bathroom facilities.",stay@culfordgardens.co.nz,http://www.culfordgardens.co.nz,+64 7-823 4387,Specialty Lodging,"57 Hydro Road, Karapiro 3494 New Zealand",New Zealand,Karapiro,3494,-37.9177,175.5406,0.0,$,165.5,4,12,,,,,,,1,,,,,,1,1,1,,1,1,,,,0,,,,,,,
28459798,Cozy Cabins In Hamilton East Near To Cbd And Waikato Hospital,,,,,Bed and Breakfast,"100 Firth Street Hamilton East, Hamilton 3216 New Zealand",New Zealand,Hamilton,3216,-37.795734,175.29799,0.0,$,83,,0,1,79,79,,,,,,,,,,,,,,,,,,,0,,,,,,,
34214303,Sportsmans Lodge,,,https://www.facebook.com/sportsmanslodgeturangi/,+64 210 826 6306,Specialty Lodging,"15 Taupahi Road 15 Turangi, Turangi 3334 New Zealand",New Zealand,Turangi,3334,-38.98719,175.81744,3.0,,,,0,,,,,,,,,,,,,,,,,,,,,,0,,,,,,,
13227014,Aarbourside Apartments,,,,+64 7-864 7275,Specialty Lodging,"9 Wharf Road, Tairua 3508 New Zealand",New Zealand,Tairua,3508,-37.00928,175.85027,0.0,,,,0,,,,,,,,,,,,,,,,,,,,,,0,,,,,,,
19991260,Kuaotunu Cabins,,,https://kuaotunu-cabins.business.site/,+64 21 842 140,Specialty Lodging,"12 Peebles Lane, Kuaotunu 3592 New Zealand",New Zealand,Kuaotunu,3592,-36.736828,175.70721,0.0,,,,0,,,,,,,,,,,,,,,,,,,,,,0,,,,,,,
34117124,Spring Creek Reserve,,info@springcreekreserve.co.nz,https://www.springcreekreserve.co.nz/,+64 27 241 4729,Specialty Lodging,"240 Rahu Road, Karangahake 3674 New Zealand",New Zealand,Karangahake,3674,-37.411987,175.72598,0.0,,,,0,,,,,,,,,,,,,,,,,,,,,,0,,,,,,,
17636996,Cul-de-sac Home in Hamilton,,,,,Specialty Lodging,"71 Nielsen Gardens Rototuna, Hamilton 3210 New Zealand",New Zealand,Hamilton,3210,-37.73606,175.26178,0.0,,,,0,,,,,,,,,,,,,,,,,,,,,,0,,,,,,,
20949607,Our Beach House - Upper Wainui,,,,,Specialty Lodging,"10 Upper Wainui Road, Raglan 3225 New Zealand",New Zealand,Raglan,3225,-37.8262,174.82686,3.0,,,,0,,,,,,,,,,,,,,,,,,,,,,0,,,,,,,
7106858,Point View Lodge,,,,+64 7-377 4611,Specialty Lodging,"20 Chesham Avenue Waipahihi, Taupo 3330 New Zealand",New Zealand,Taupo,3330,-38.7099,176.09549,5.0,,,,0,,,,,,,,,,,,,,,,,,,,,,0,,,,,,,
33078015,Raglans Travellers Rest Coastal Retreat,"Set on 1.5 acres of secluded landscape, Raglan Travellers Rest is set over seeing Raglans vast ocean and rolling farmland views. Wake up to panoramic nature views, the sound of the ocean & birds chirping. Brew your very own local coffee, venture out to the local surf to retreat back home to unwind in our barrel spa, as the sun glistens over the Western horizon of Aotearoa. During your stay~ We lay the foundation to escape away from the hustle of reality to a place of peace, while simultaneously encouraging a shared space of integration. Spark a conversation, meet an interesting traveler, or simply relax in privacy This luxurious space is shared within a home allowing guests shared access to a fully equipped kitchen, home barista coffee machine, Barrel Spa, Ice bath and quality books and share stories of travel. Located just a 15-20 minute drive from Raglan township, our space is ideally positioned for both adventure and relaxation. With Ruapuke Beach access only five minutes drive.",info@raglantravellersrest.co.nz,https://www.instagram.com/raglanstravellersrest/,+64 210 258 4032,Specialty Lodging,"812 Ruapuke Road, Raglan 3296 New Zealand",New Zealand,Raglan,3296,-37.89953,174.80205,0.0,,,3,38,,,,,,,,,,,,,,1,,,,1,,,,0,,,,,,,
32681480,Guest House Close to CBD,,,,,Specialty Lodging,"12 Totara Drive, Hamilton 3200 New Zealand",New Zealand,Hamilton,3200,-37.747334,175.24866,0.0,,,,0,,,,,,,,,,,,,,,,,,,,,,0,,,,,,,
15233680,Stony Bay Campsite,,,,,Specialty Lodging,"589/660 Stony Bay Rd, Port Charles 3584 New Zealand",New Zealand,Port Charles,3584,-36.512497,175.42368,0.0,,,,0,,,,,,,,,,,,,,,,,,,,,,0,,,,,,,
1209987,Harbour Lights Guesthouse & Homestays,,,,+64 7-866 2408,Bed and Breakfast,"9 Harbour Lights Terrace, Whitianga 3592 New Zealand",New Zealand,Whitianga,3592,-36.80397,175.70934,0.0,$$,233.5,19,0,,,,,,,,,,,,,,,,,,,,,,0,,,,,,,
34473619,B&B on Station,,,,,Specialty Lodging,"79 Station Rd, Paeroa 3600 New Zealand",New Zealand,Paeroa,3600,-37.376076,175.67702,0.0,$$,292,,0,,,,,,,,,,,,,,,,,,,,,,0,,,,,,,
1210021,Marina Motels,,,,+64 7-866 0454,Hotel,"Cnr. Albert & Dundas Sts., Whitianga New Zealand",New Zealand,Whitianga,,-36.83806,175.701,0.0,,,15,0,,,,,,,,,,,,,,,,,,,,,,0,,,,,,,
21203251,46OnBuffalo,,,https://www.46onbuffalo.co.nz/,,Specialty Lodging,"46 Buffalo Beach Road, Whitianga 3510 New Zealand",New Zealand,Whitianga,3510,-36.82323,175.70079,0.0,,,,0,,,,,,,,,,,,,,,,,,,,,,0,,,,,,,
1187052,Hillcrest Lodge Motor Inn,,,,+64 7-856 7075,Hotel,"334 Cobham Dr.,, Hamilton New Zealand",New Zealand,Hamilton,,-37.80292,175.317,0.0,,,10,0,,,,,,,,,,,,,1,,,,,,,,,0,,,,,,,
6002424,Aerie Bed and Breakfast / Homestay,"Located just off the Thames Coast Road, approximately half way between Thames and Coromandel town, newly built 85 metres above sea level, with unobstructed panoramic views over the ocean and the mouth of Te Mata river, Aerie is unique. With no near neighbours and a total lack of light pollution, you are assured of a good night's sleep and a clear view of the moon and stars.",ch@aerie.co.nz,http://www.aerie.co.nz/,+64 7-868 4558,Bed and Breakfast,"94A Bennett Road Te Mata, Thames 3575 New Zealand",New Zealand,Thames,3575,-36.9701,175.50137,0.0,,,2,19,,,,,,,1,,,,,,,1,,1,,1,,,,0,,,,,,,
1789676,International Lodge,,info@internationallodge.co.nz,,+64 7-866 0544,Specialty Lodging,"4 White Street PO Box 188, Whitianga 3510 New Zealand",New Zealand,Whitianga,3510,-36.840927,175.70186,0.0,,,12,0,,,,,,,,,,,,,,,,,,,,,,0,,,,,,,
23266552,Falls Chateau,,,,+64 7-377 4875,Hotel,"12 Chateau Crescent, Taupo 3330 New Zealand",New Zealand,Taupo,3330,-38.67061,176.0749,4.0,,,,0,,,,,,,,,,,,,,,,,,,,,,0,,,,,,,
34473676,Hamilton Gardens at your door,,hamiltongardens.marketing@hcc.govt.nz,https://hamiltongardens.co.nz/,+64 7-838 6782,Specialty Lodging,"83 Fox Street, Hamilton 3216 New Zealand",New Zealand,Hamilton,3216,-37.80573,175.30487,0.0,$,131.5,,0,,,,,,,,,,,,,,,,,,,,,,0,,,,,,,
27699406,Sweet Home between CBD and University,,,,,Bed and Breakfast,"5 Robert Grigg Place Hamilton East, Hamilton 3216 New Zealand",New Zealand,Hamilton,3216,-37.785988,175.30261,0.0,$,89,,0,1,88,88,,,,,,,,,,,,,,,,,,,0,,,,,,,
17545903,Alpha Homestead,,,http://www.alphatours.co.nz/,,Specialty Lodging,"102 Bridge Street A, Tokoroa 3420 New Zealand",New Zealand,Tokoroa,3420,-38.21926,175.86635,0.0,,,,0,,,,,,,,,,,,,,,,,,,,,,0,,,,,,,
8847030,Uppekha Healing Centre and Retreat,,,,,Specialty Lodging,"4 Tawhiti Terrace, Waikino 3682 New Zealand",New Zealand,Waikino,3682,-37.40884,175.7732,0.0,,,,0,,,,,,,,,,,,,,,,,,,,,,0,,,,,,,
1775749,Taupo B and B,Sitting up high and very close to CBD and all major attractions the view is pretty awesome day and night with views of the lake and Mt Tauhara. My home is two storey has off street parking in a quiet cul de sac with lovely homes and neighbours. I have lived in Taupo for 17 years and glad to help with your planning of all the attractions to see in Taupo.,info@taupobandb.co.nz,http://www.taupobandb.co.nz,+64 21 147 2187,Bed and Breakfast,"184 Spa Road Taupo Central, Taupo 3330 New Zealand",New Zealand,Taupo,3330,-38.68005,176.08603,0.0,,,2,25,,,,1,,1,,,,,,,1,1,,,,1,#18 of 42 B&Bs / Inns in Taupo,18,42,28,5,5,5,4.9,5,5,5
645142,Simply the Best Bed & Breakfast,"See why so many travelers make Simply the Best Bed & Breakfast their bed and breakfast of choice when visiting Te Kuiti. Providing an ideal mix of value, comfort and convenience, it offers a romantic setting with an array of amenities designed for travelers like you.
During your stay, take advantage of some of the amenities offered, including room service. Guests are also welcome to enjoy free breakfast, located on site. For travelers arriving by car, free parking is available.
When you’re feeling hungry, be sure to check out Queen Street Dairy, which is an Indian restaurant that is popular with locals and out-of-towners alike.
Best of all, Simply the Best Bed & Breakfast makes it easy to experience many great Te Kuiti attractions like Sir Colin Meads Statue and Statue of shearer, which are some popular monuments and statues.
We’re sure you’ll enjoy your stay at Simply the Best Bed & Breakfast as you experience all of the things Te Kuiti has to offer.
",enquiry@simplythebestbnb.co.nz,,+64 7-878 8191,Bed and Breakfast,"129 Gadsby Road, Te Kuiti 3985 New Zealand",New Zealand,Te Kuiti,3985,-38.32496,175.13966,0.0,$,100,3,22,,,,,,,1,,1,,,,1,1,,1,,,#2 of 2 B&Bs / Inns in Te Kuiti,2,2,35,4.7,4.7,4.6,4.5,4.8,4.6,4.7
27193171,Waihi Motel,,info@waihimotel.co.nz,https://www.waihimotel.co.nz/,+64 7-863 8095,Specialty Lodging,"35 Rosemont Road, Waihi 3610 New Zealand",New Zealand,Waihi,3610,-37.394188,175.84258,0.0,,,,0,,,,,,,,,,,,,,,,,,,,,,0,,,,,,,
1601166,At The Tongariro Riverside B&B,,info@bytheriver.co.nz,,+64 7-386 7447,Bed and Breakfast,"72 Te Herekiekie Street, Turangi 3334 New Zealand",New Zealand,Turangi,3334,-38.98271,175.81804,2.0,,,1,15,,,,,,,,,1,,,,,1,,,,1,#6 of 8 B&Bs / Inns in Turangi,6,8,13,4.8,4.9,4.8,4.9,4.7,5,4.6
2059858,Bellbird Ridge Farmstay B&B,"If you’re looking for a romantic bed and breakfast in Taupo, look no further than Bellbird Ridge Farmstay B&B.
Close to Lilliput Farm Fun And Animal Park (2.8 mi), a popular Taupo landmark, Bellbird Ridge Farmstay B&B is a great destination for tourists.
Guest rooms offer amenities such as a kitchenette, and guests can go online with free wifi offered by the bed and breakfast.
The property also boasts free breakfast, to help make your stay more enjoyable. If you are driving to Bellbird Ridge Farmstay B&B, free parking is available.
During your visit, be sure to check out popular art galleries like L'Arte, Lava Glass, and Taupo Art Gallery, which are all a short distance from the bed and breakfast.
The staff at Bellbird Ridge Farmstay B&B looks forward to serving you during your upcoming visit.
",info@bellbirdridge.co.nz,http://www.bellbirdridge.co.nz/,+64 7-377 1996,Bed and Breakfast,"68 Tangye Road Rd4, Taupo 3384 New Zealand",New Zealand,Taupo,3384,-38.59075,176.00311,0.0,,,2,11,,,,,,,1,,,1,,,,1,,,,1,#24 of 42 B&Bs / Inns in Taupo,24,42,15,5,5,4.7,5,5,5,4.8
3877376,Tairua Campground,"Family-operated, centrally located campground and accommodation offering a variety of options to suit your needs: Deluxe and Standard Cabins, a Family Room and both powered and non-powered, spacious sites. We offer free Wi-Fi, a games room with TV, pool table and outdoor games. Our full ablution facilities include laundry and showers (hot showers, washing machines and clothes dryers are $2 coin operated). There is an easily accessible dump station available on site for all our guests in campervans etc.",paradise4campers@gmail.com,http://www.tairuacampground.com,+64 27 248 1211,Specialty Lodging,"4 Manaia Road, Tairua 3508 New Zealand",New Zealand,Tairua,3508,-37.00162,175.8498,0.0,,,20,28,,,,,,,,,,1,1,,,1,,,,1,#1 of 5 Speciality lodging in Tairua,1,5,56,4.6,4.9,5,5,4.9,5,5
2093600,Oar & Paddle,"Boutique accommodation on the shores of Lake Karapiro, Cambridge, New Zealand. Located 7 minutes from Cambridge, your self-contained accommodation offers you privacy and relaxation where you may do as much or as little as you please. It's all easy at the Oar & Paddle, our little piece of paradise welcomes you....",coldicutt@xtra.co.nz,http://www.oarandpaddle.co.nz/,+64 7-827 3808,Bed and Breakfast,"808 Maungatautari Road, Cambridge 3494 New Zealand",New Zealand,Cambridge,3494,-37.94198,175.55182,0.0,$$,229,7,36,,,,,,,,,,1,,,1,1,,,,1,#3 of 26 B&Bs / Inns in Cambridge,3,26,57,4.9,5,4.9,5,5,4.9,4.8
8666151,Ruapuke Motor Camp,,,http://ruapukemotorcamp.co.nz,+64 7-825 6800,Specialty Lodging,"1510 Whaanga Road, Raglan 3296 New Zealand",New Zealand,Raglan,3296,-37.88844,174.77394,0.0,,,,32,,,,,,,,,,1,,,,,,,,,#5 of 12 Speciality lodging in Raglan,5,12,25,4.6,4.5,4.7,4.5,4.7,4.9,4.3
28474028,Kiwi Cabins,,kiwicabins3@gmail.com,https://www.facebook.com/kiwicabins3/,+64 27 659 4565,Bed and Breakfast,"776 Thames Coast Road, Tapu 3575 New Zealand",New Zealand,Tapu,3575,-36.983627,175.5019,0.0,$,124,,0,,,,,,,,,,,,,,,,,,,,,,0,,,,,,,
3310700,Henley Hotel,"A thoroughly modern country house hotel that offers a unique blend of relaxed luxury and contemporary design. In addition to the Henley's 14 individually crafted guest rooms, the property offers a restaurant, house bar, day spa, gym, indoor heated pool, large function room, screening room and a romantic wedding chapel, all within 29 acres of glorious parkland. Attractions and places of interest nearby include: 5-minute drive to CamJet, Lake Karapiro and Lake District Adventures 5-minute drive to Cambridge Town Centre 10-minutes to Hamilton Airport, Mystery Creek and National Fieldays 20-minutes to Hamilton 30-minute drive to Hobbiton Movie Set 50-minute drive to Waitomo Cave and Black water rafting",info@henleyhotel.co.nz,http://www.henleyhotel.co.nz,+64 7-823 3421,Hotel,"151 Maungatautari Road, Cambridge 3494 New Zealand",New Zealand,Cambridge,3494,-37.91585,175.48708,5.0,,,14,128,,,,1,1,1,,,,,1,1,1,1,1,1,1,1,#4 of 9 hotels in Cambridge,4,9,108,4.8,4.9,4.9,4.9,4.9,4.9,4.8
32471534,Tuakau Bridge Motorhome Park,,info@tuakaumotorpark.nz,https://www.tuakaumotorpark.nz/,+64 800 753 000,Specialty Lodging,"2758 River Rd, Tuakau 2694 New Zealand",New Zealand,Tuakau,2694,-37.2901,174.9445,0.0,,,,0,,,,,,,,,,,,,,,,,,,#1 of 2 Speciality lodging in Tuakau,1,2,1,5,5,5,5,4,4,5
1480586,The Falls Retreat,"Escape to this peaceful haven in the Karangahake Gorge and experience fantastic walks, trout fishing, stunning scenery and great food and wine. 2 charming, self contained cottages in a beautiful setting along the Karangahake Gorge Historic Walkway with amazing views of Owharoa Falls. Both cottages are 1 bedroom (queen size bed) with kitchen facilities and ensuite bathroom and rollaway beds are also available to accommodate extra guests /children.A basket of breakfast provisions is included in our rates with cooked breakfast and evening meals available on request (extra charge)A warm welcome awaits you at this slice of paradise!",info@fallsretreat.co.nz,,0064 7 121 8087,Specialty Lodging,"25 Waitawheta Road Karangahake Gorge, Waihi 3682 New Zealand",New Zealand,Waihi,3682,-37.418575,175.76628,0.0,$,150.5,2,41,,,,,,,,,,,,,1,1,,,,,#4 of 11 Speciality lodging in Waihi,4,11,99,4.4,4.6,4.8,4.3,4.6,4.8,4.6
317198,Paeroa Lakeside Homestay,,reservations@taupohomestay.com,http://www.taupohomestay.com/,+64 7-378 8449,Bed and Breakfast,"21 Te Kopua Street Acacia Bay, Taupo 3330 New Zealand",New Zealand,Taupo,3330,-38.70436,176.0346,0.0,$$,250.5,2,8,,,,,,,,,,,,,,,,,,,#30 of 42 B&Bs / Inns in Taupo,30,42,14,3.9,4.2,4.7,3.8,4.1,4.7,3.8
1151985,300 Lake Terrace,,,,+64 7-378 6325,Specialty Lodging,"300 Lake Terrace Two mile Bay, Taupo New Zealand",New Zealand,Taupo,,-38.71255,176.08606,3.0,,,12,2,,,,,,,,,,1,,,,,,,,,#31 of 39 Speciality lodging in Taupo,31,39,11,3.7,3.8,4,4.2,3,3.1,3.1
21387031,Topia Holiday Home,,,,,Bed and Breakfast,"31 Topia Drive, Turangi 3334 New Zealand",New Zealand,Turangi,3334,-38.99104,175.79533,0.0,,,,0,,,,,,,,,,,,,,,,,,,,,,0,,,,,,,
8875648,Off The Track Backpackers,"Welcome to Off The Track Backpackers! The gateway to the Tongariro Crossing, national park and river. We offer free unlimited WiFi, BBQ facilities, cheap laundry, 1000 movies to watch on our TV's hard drive and free off-street parking.",stay@ottbackpackers.co.nz,http://www.ottbackpackers.co.nz,+64 7-386 8809,Specialty Lodging,"51 Rangiamohia Road, Turangi 3334 New Zealand",New Zealand,Turangi,3334,-38.99007,175.79959,0.0,$,27.5,7,4,,,,,1,,,,,1,,,,1,,,,1,#8 of 19 Speciality lodging in Turangi,8,19,25,4.6,5,5,4.3,4.4,5,4.8
13943286,Struan Farm,,info@struanfarm.co.nz,http://Struanfarm.co.nz,+64 7-877 8012,Specialty Lodging,"942 State Highway 3 Paemako RD 2, Piopio 3970 New Zealand",New Zealand,Piopio,3970,-38.50533,174.92725,0.0,,,,2,,,,,,,,,1,,,,,,,,,,#1 of 2 Speciality lodging in Piopio,1,2,4,5,,5,5,5,5,
26844115,Hakea Eco Camp - Raglan,"Hakea Eco Camp – Raglan RELAX ● RECONNECT ● INSPIRE Settle into nature at Hakea Eco Camp, a peaceful off-grid camping ground just 20 minutes from Raglan, nestled among native forest near Aotea Harbour. Our 40-acre permaculture retreat offers spacious tent and van sites, spring water, composting toilets, and a quiet eco-community atmosphere. Experience dipping your toes into a new world—wake to birdsong, wander scenic forest trails, and sleep under starry skies. Perfect for families, travellers, and nature lovers seeking a true eco-camping experience. Join us for workshops, gatherings, or simply a serene escape into the wild.",hakearetreat@gmail.com,http://www.hakearetreat.com,+64 20 4065 1373,Specialty Lodging,"141 Phillips Road, Raglan 3894 New Zealand",New Zealand,Raglan,3894,-37.939266,174.84225,0.0,,,5,54,,,,,,,,,1,,,,,,,,,,#9 of 12 Speciality lodging in Raglan,9,12,6,5,5,5,5,5,5,4.8
2292751,The Club House,,fammcgougan@xtra.co.nz,http://www.clubhousefarmstay.co.nz/,+64 7-824 6653,Specialty Lodging,"15 Uapoto Road Rd1, Taupiri 3791 New Zealand",New Zealand,Taupiri,3791,-37.61597,175.26654,0.0,$$,180,5,15,,,,,,,1,,1,1,,,1,,,1,1,,#1 of 1 Speciality lodging in Taupiri,1,1,25,4.2,4.4,3.9,4.1,4,4.2,4.1
680725,Lion's Den,,,,,Specialty Lodging,"126 Te Tiki Street, Coromandel 3506 New Zealand",New Zealand,Coromandel,3506,-36.75476,175.5002,0.0,,,5,17,,,,,,,,,,,,,,1,,,,,#13 of 26 Speciality lodging in Coromandel,13,26,41,4.2,3.8,4.4,4,4.1,4.1,4.1
1646235,The Junction Hotel,This is a historic hotel located in the heart of downtown Thames. Just two blocks from the water and easily accessible to many restaurants and local attractions.,junctionhotel@xtra.co.nz,,+64 7-868 8006,Bed and Breakfast,"700 Pollen Street, Thames 3500 New Zealand",New Zealand,Thames,3500,-37.136044,175.54103,0.0,$,65,15,29,,,,,,,,,,,,,1,1,,,,,#7 of 12 B&Bs / Inns in Thames,7,12,99,3.8,4.1,4.3,3.7,4.1,3.3,4.1
285236,The Cats Pyjamas,"Home away from home, The most centrally located backpackers hostel in Whitianga. We are 2 minutes walk from beach,shops, cafes,bars,restaurants and the tourist information I-Site. Take the ferry to Cook's Beach and you can also reach Hotwater Beach and Cathedral Cove by bicycle,Shuttle during the Summer or hitch-hike. As there is so much to see and do, we suggest to plan to stay for more than one night, so you can experience all the area has to offer. Includes fully-equipped kitchen (tea/coffee, herbs & spices), Outdoor Courtyard, Satellite TV, WIFI, BBQ's. Bus stop out front and off street parking available. A warm welcome awaits you from the Manager Wendy, however, the cat no longer lives here!!!",info@cats-pyjamas.co.nz,,+64 7-866 4663,Specialty Lodging,"12 Albert Street, Whitianga 3510 New Zealand",New Zealand,Whitianga,3510,-36.8319,175.70557,0.0,,,7,23,,,,,,,,,,,1,,1,1,,,,,#19 of 32 Speciality lodging in Whitianga,19,32,64,3.6,3.4,4.4,3,3.9,3.1,3.8
3700551,Kawhia Hotel,,,,+64 7-871 0700,Bed and Breakfast,"811 Pouewe Street Otorohanga District, Kawhia New Zealand",New Zealand,Kawhia,,-38.06357,174.82262,0.0,,,,4,,,,,,,,,,,,,,,,,,,#2 of 3 B&Bs / Inns in Kawhia,2,3,17,4,4.3,4,,4.5,,4.5
15701508,Pottery Lane Cottages,,,,,Specialty Lodging,"15 Pottery Lane, Coromandel 3506 New Zealand",New Zealand,Coromandel,3506,-36.7599,175.49548,0.0,,,,1,,,,,,,,,,,,1,,,,,,,#25 of 26 Speciality lodging in Coromandel,25,26,1,4,,4,,4,4,
9726113,Alpine Apartments,,garykeepa@xtra.co.nz,,+64 7-386 8301,Specialty Lodging,"17 Rangiamohia Road, Turangi 3334 New Zealand",New Zealand,Turangi,3334,-38.99089,175.80322,0.0,,,,0,,,,,,,,,,,,,,,,,,,#19 of 19 Speciality lodging in Turangi,19,19,1,4,,,4,3,,
6745546,Pauanui Glade Holiday Park,,info@pauanui-glade.co.nz,http://pauanuiglade.co.nz/,+64 7-864 8559,Specialty Lodging,"58 Vista Paku, Pauanui 3546 New Zealand",New Zealand,Pauanui,3546,-37.01327,175.86017,0.0,,,,4,,,,,,,,,1,1,,,,,,,,,#2 of 3 Speciality lodging in Pauanui,2,3,13,4.4,5,5,,4,5,5
6277413,Oparau Roadhouse,"We provide free tent and camper van sites. Powered camper van sites are 5$. Free WIFI, toilets and beautiful views. The roadhouse also provides a small cafe, petrol and general store (fresh meat, vegetables and liquor).",oparau.roadhouse@xtra.co.nz,http://www.oparauroadhouse.com,+64 7-871 0683,Specialty Lodging,"4370 State Highway 31 Kawhia Road, Oparau 3878 New Zealand",New Zealand,Oparau,3878,-38.05688,174.9246,0.0,,,25,1,,,,,,,,,,,,,,1,,,,1,#1 of 2 Speciality lodging in Oparau,1,2,11,4.7,3.7,4.5,3,4.5,4.5,5
887198,Poets Corner Lodge,"New Boutique Lodge with expansive coastal views, surrounded by native bush. Four double rooms with en-suites. Large lounge/dining with full kitchen. Gourmet breakfasts included in tariff and complimentary fresh fruit and NZ cheeses. Lodge is separate from the house so privacy assured. Dine with your hosts by arrangement or eat at one of the many local restaurants. Base yourself here to discover the Coromandel,.Rotorua. Auckland is just a 2 hour drive.",info@poetscornerlodge.co.nz,http://www.poetscornerlodge.co.nz/,+64 21 444 721,Specialty Lodging,"28 Poets Corner Road, Waihi 3681 New Zealand",New Zealand,Waihi,3681,-37.38058,175.9171,0.0,$$$,350,4,20,,,,,,,1,,,1,,,1,1,,1,1,1,#6 of 11 Speciality lodging in Waihi,6,11,44,4.8,5,4.8,4.8,5,4.9,4.7
1187460,Chandlers Lodge,,,,+64 7-377 0555,Hotel,"135 Heuheu Street, Taupo 3330 New Zealand",New Zealand,Taupo,3330,-38.68979,176.07921,0.0,,,7,0,,,,,,,,,,,,,,,,,,,#54 of 60 hotels in Taupo,54,60,3,4,4.3,3.5,4.5,4.3,4.3,4
32986243,Lake Whakamaru Reserve,,,,,Specialty Lodging,"Ongaroto Road, Kinleith 3492 New Zealand",New Zealand,Kinleith,3492,-38.41838,175.81093,0.0,,,,2,,,,,,,,,,,,,,,,,,,#1 of 1 Speciality lodging in Kinleith,1,1,1,5,,,,,,
10054970,Dickey Flat Campsite,,,http://www.doc.govt.nz/parks-and-recreation/places-to-go/bay-of-plenty/places/kaimai-mamaku-forest-park/things-to-do/dickey-flat-campsite/,+64 7-578 7677,Specialty Lodging,"Kaimai Mamaku Forest Park, Waikino 3682 New Zealand",New Zealand,Waikino,3682,-37.43746,175.7474,0.0,,,35,4,,,,,,,,,1,,,,,,,,,,#1 of 1 Speciality lodging in Waikino,1,1,7,3.9,5,5,,4,3,4.3
1723048,Te Puru Coast Bed & Breakfast,,tepurucoastbnb@xtra.co.nz,,+64 7-868 2866,Bed and Breakfast,"2a Tatahi Street Te Puru, 3575 New Zealand",New Zealand,,3575,-37.04777,175.52129,0.0,,,2,0,,,,,,,,,,,,,,,,,,,#90 of 93 B&Bs / Inns in Coromandel Peninsula,90,93,1,4,,,5,5,,4
12861983,Wentworth Valley Campground,,,http://www.wentworthvalleycamp.co.nz/,+64 7-865 7032,Specialty Lodging,"413 Wentworth Valley Road, Whangamata 3691 New Zealand",New Zealand,Whangamata,3691,-37.24117,175.82658,0.0,,,,8,,,,,,,,,,,,,,,,,,,#8 of 11 Speciality lodging in Whangamata,8,11,3,4.3,,,,,,
1943523,Ambience on Aquila,"A memorable experience awaits you at Ambience-on-Aquila in the new Whitianga Waterways. Relax & unwind upstairs in the Captain's Quarters with stunning views over the water and the Coromandel landscape, or enjoy the quiet solitude of our downstairs 'Midships' double room alongside the tropical courtyard and natural mineral spa pool. A continental breakfast is served in the dining area or on the decks beside the canal. During your stay you can explore and enjoy the beaches of the wider Mercury Bay, or maybe pamper yourself with one of Kaye's natural therapy treatments. Close walking distance to shops, cafes & bars. Sailing, diving & fishing trips by arrangement.",relax@ambience-on-aquila.co.nz,,+64 7-866 0320,Bed and Breakfast,"17 Aquila Dr, Whitianga New Zealand",New Zealand,Whitianga,,-36.83562,175.69157,0.0,$$,200.5,2,22,,,,,,,1,,,1,,,,1,,,1,1,#27 of 35 B&Bs / Inns in Whitianga,27,35,10,5,5,4.9,5,5,4.9,4.9
34084385,Coddiwomple Motor Home Park,,coddiwomple@xtra.co.nz,https://coddiwomple.co.nz/,+64 274 456 874,Specialty Lodging,"625 Palmer Mill Road, Taupo 3384 New Zealand",New Zealand,Taupo,3384,-38.586998,176.06313,0.0,,,,0,,,,,,,,,,,,,,,,,,,#30 of 39 Speciality lodging in Taupo,30,39,1,5,,,,,,
5508251,Hamilton Home Hospitality,"Accommodation in comfortable riverside home situated in quiet cul-de-sac only 5 minutes walk from the CBD with its shops, bars, restaurants, theatres, sports venues. One bedroom has a Queen bed the other has twin beds. The two rooms share a bathroom & a private guests' sitting room with tea/coffee facilities & television. Safe on-site parking. Choose from an extensive breakfast menu.",frediana@ihug.co.nz,,+64 7-838 1538,Bed and Breakfast,"7A Hamilton Parade Cbd, Hamilton 3204 New Zealand",New Zealand,Hamilton,3204,-37.78154,175.27979,0.0,$,100.5,2,13,,,,,,,1,,,,,1,,1,,,,1,#14 of 25 B&Bs / Inns in Hamilton,14,25,5,4.4,5,5,4.3,5,4,
4226652,Mountain View B&B,,,http://www.mountainview.net.nz/,+64 7-866 7876,Bed and Breakfast,"55 Whangapoua Road, Coromandel 3506 New Zealand",New Zealand,Coromandel,3506,-36.76004,175.5055,0.0,,,2,1,,,,,,,,,,,,,,,,,,1,#14 of 15 B&Bs / Inns in Coromandel,14,15,4,4.8,5,5,5,5,,5
1190719,Marina Park Apartments,"Adjacent to the picturesque Whitianga Marina, and conveniently located just a two minute walk from the local shopping centre, our contemporary designed apartments are perfect for a luxury stay in the Coromandel region. In the town centre you will find an abundance of cafes, restaurants and bars, and boutique stores. It is only a short stroll to the ferry and the marina where you can choose from a number of boat tours. Other outdoor pursuits include tramping, kayaking, diving and sea fishing, or just relaxing on one of the many beautiful beaches nearby. Mercury Bay Golf Course also welcomes visitors.",info@marinapark.co.nz,http://www.marinapark.co.nz,+64 7-866 0599,Specialty Lodging,"84 Albert Street, Whitianga 3510 New Zealand",New Zealand,Whitianga,3510,-36.837173,175.70566,4.0,$$,295,28,207,,,,,,,,,,1,1,,1,1,1,,,1,#8 of 32 Speciality lodging in Whitianga,8,32,205,4.2,4.5,4.5,4.5,3.9,4,4
15184350,Lady Bowen Bed And Breakfast,"The Lady Bowen Bed and Breakfast has a Historic Places Category 2 listing. Guests can stay in this charming 156 year old building that has been lovingly renovated into very comfortable heritage accommodation. The layout of the building remains much as it was in 1868, with bedrooms and guest bathroom upstairs and guest lounge and guest dining areas downstairs. Guests also enjoy use of the front balcony, covered deck and garden areas. It is a short flat stroll to the many eateries, cafes and takeaways in historic Thames. We are about half a block from the waters edge of the Firth of Thames and the walkway that runs along it. The Hauraki Cycle Trail is also close-by and it's a short drive to the world famous Pinnacles walk and many other great walks in the area. We are an ideal base for a holiday around the Coromandel or as we are less than 90 mins from Auckland International (and Domestic) airport are the perfect accommodation for a first or last night of a New Zealand holiday.",ladybowen@xtra.co.nz,http://www.ladybowen.co.nz,+64 7-868 8878,Bed and Breakfast,"506 Brown Street, Thames 3500 New Zealand",New Zealand,Thames,3500,-37.132744,175.53636,4.0,$$,180,8,103,,,,,1,1,1,1,,,,,1,1,,,,1,#1 of 12 B&Bs / Inns in Thames,1,12,126,4.9,5,4.9,4.8,5,4.8,4.9
1159440,Hahei Bed and Breakfast,"Welcome to Hahei ""The Great Bay of Hei"" Here at the Hahei Bed and Breakfast, we offer premium Coromandel accommodation in one of the area's top holiday locations. Guests will be able to look forward to quiet surroundings, large swimming pool and subtropical gardens. Relax into this idyllic environment, and prepare for the perfect beach holiday! Of course, when you're not busy exploring the Coromandel Peninsula, you'll be able to enjoy the comfort of this peaceful, fresh-styled property... comfortable, spacious rooms complimented by subtropical gardens and a swimming pool. Choose from four well-equipped rooms, featuring facilities that range from en-suite bathrooms and kitchenettes through to lounges, as well as private decks with stunning natural views. We offer some of the best value accommodation in Hahei - and we'll help you to start each day as you mean to go on, with a hearty breakfast served ""al fresco"" beside the pool!",info@haheibandb.co.nz,http://www.haheibandb.co.nz,+64 27 224 9659,Bed and Breakfast,"6 Jackson Place, Hahei 3591 New Zealand",New Zealand,Hahei,3591,-36.84448,175.80145,4.5,$$$$,481,4,139,,,,,1,1,1,,,,,,1,1,1,,,1,#1 of 5 B&Bs / Inns in Hahei,1,5,230,4.8,4.8,4.8,4.7,4.8,4.8,4.6
21046648,Sanctuary Lodge Maungatautari,"Sanctuary Lodge is situated to the entrance to the Southern enclosure of Sanctuary Mountain. Our logde looks directly up at the the forested mountains within the Maungatautari Ecological Island, a 3500 hectare pest free scenic reserve. We usually do a dinner, bed and breakfast option. All our meals are served buffet style with plenty of options for everyone.",info@sanctuarylodgemaungatautari.co.nz,http://sanctuarylodgemaungatautari.co.nz,+64 7-872 4505,Specialty Lodging,"2117 Arapuni Road, Pukeatua 3880 New Zealand",New Zealand,Pukeatua,3880,-38.064247,175.55928,0.0,,,,12,,,,,,,,,,,,,,,,,,,#1 of 1 Speciality lodging in Pukeatua,1,1,2,5,,,,,,
1210043,Marlin Apartments,,,http://www.marlinapartments.co.nz/,+64 7-866 5860,Specialty Lodging,"13 Buffalo Beach Road, Whitianga 3510 New Zealand",New Zealand,Whitianga,3510,-36.82826,175.70412,0.0,,,14,3,,,,,,,,,,1,,1,,,,,,,#20 of 32 Speciality lodging in Whitianga,20,32,19,4.3,4.7,4.8,4.6,4.4,4.2,4.3
10149800,Shekinah Backpackers & Farmstay,"Accommodation options include private or shared rooms in the B&B or backpacker units. Separate rooms are single, double, twin, family or group share. Camping in tents or camper-vans. Separate eco facilities, just a short walk from the rooms. Shared lounge and kitchen in manager's home - connect with the owners. Amazing view, beautiful sunrises, stunning night sky. Quiet and peaceful.",shekinah@ps.gen.nz,http://shekinah.co.nz,+64 9-233 4464,Specialty Lodging,"122 Punga Punga Road, Tuakau 2696 New Zealand",New Zealand,Tuakau,2696,-37.353493,175.01274,0.0,$,86,4,7,,,,,,,,,,1,,,,1,,,,1,#2 of 2 Speciality lodging in Tuakau,2,2,3,4.7,3.5,,3,4.5,4,
1953970,Amblecote Homestay,"
",wnglover@xtra.co.nz,,+64 7-871 0508,Specialty Lodging,"13 Braine Road Oparau, Oparau 3886 New Zealand",New Zealand,Oparau,3886,-38.04902,174.8996,0.0,,,2,0,,,,,,,,,,,,,,,,,,,#2 of 2 Speciality lodging in Oparau,2,2,1,5,5,4,5,5,5,5
2547772,Camberley Bed and Breakfast,"Welcome to Camberley and Breakfast situated in the North East Suburbs of Hamilton. Excellent facilities nearby with a wide range of local attractions. We welcome both international tourists, as well as kiwis looking to get away. There are number of good local restaurants and shopping malls nearby.",reservations@camberley.co.nz,http://www.camberley.co.nz,+64 7-855 5410,Bed and Breakfast,"3 Stratford Place North Huntington, Hamilton 3210 New Zealand",New Zealand,Hamilton,3210,-37.73644,175.28224,0.0,$,139,3,4,,,,,,,1,,,,,1,,1,,,,1,#15 of 25 B&Bs / Inns in Hamilton,15,25,5,4.8,5,4.6,4.8,5,4.8,4.8
605053,Hazeldene Lodge,,tonyandjudy@hazeldenelodge.co.nz,,+64 7-377 0560,Specialty Lodging,"119 Acacia Heights Drive Acacia Bay, Taupo New Zealand",New Zealand,Taupo,,-38.68617,176.05414,0.0,$$,235,5,0,,,,,,,,,,,,,,,,,,,#35 of 39 Speciality lodging in Taupo,35,39,1,4,,,,,,
3618228,Hydro Road Self Contained Accommodation,"Come and enjoy our newly built self-contained accommodation set in a private tree lined location in Karapiro. The Hydro Road is situated amongst an established woodland garden, right on the doorstep of Lake Karapiro - just a two minute drive or five minute walk away.",studioart@clear.net.nz,,+64 7-823 2044,Bed and Breakfast,"53 Hydro Road Karapiro Village, Cambridge 3494 New Zealand",New Zealand,Cambridge,3494,-37.91719,175.53986,0.0,$$,200.5,3,4,,,,,,,,,,,,,,,,,,,#23 of 26 B&Bs / Inns in Cambridge,23,26,1,5,5,5,5,5,,5
630155,Souter House,,,,+64 7-827 3610,Bed and Breakfast,"19 Victoria Street, Cambridge 3434 New Zealand",New Zealand,Cambridge,3434,-37.89737,175.47186,0.0,,,2,0,,,,,,,,,,,,,,,,,,,#25 of 26 B&Bs / Inns in Cambridge,25,26,3,4,3.7,4,3.7,3.7,,3.7
317199,Karaka Cottage,"Karaka Cottage is set in a quiet garden with mature trees. The cottage, adjacent to the main house, has been purpose-built to provide total guest privacy. The deck from the cottage opens directly to the swimming pool, giving a relaxed atmosphere. Single parties can be accommodated in the super-king/twin bedroom of the self-contained cottage with its fully equipped kitchen for self-catering. Breakfast provisions are supplied for the cottage, or served in the dining room of the house or alfresco in the landscaped garden. Two bedrooms, both with ensuite bathrooms, are also available for guests in the house. Dinner can also be provided by arrangement.",karaka@rugsoriental.co.nz,http://www.newzealandstays.co.nz/105/Taupo/Taupo_Accommodation/,+64 7-378 4560,Bed and Breakfast,"42 Gillies Avenue, Taupo 3330 New Zealand",New Zealand,Taupo,3330,-38.69312,176.08699,0.0,$$,225,3,0,,,,,,,1,,,1,,,,1,1,,,1,#36 of 42 B&Bs / Inns in Taupo,36,42,1,4,4,4,4,4,4,4
2015241,The Links Bed & Breakfast,"Situated on the 9th fairway of the Te Awamutu Golf Course, NZ, this is a brand new property with beautiful views and a very peaceful ambiance. Ideal for golf enthusiasts, the Te Awamutu Golf Course offers casual players a very competitive daily rate. Only a 50m walk to the club rooms.",dudson5@xtra.co.nz,http://www.thelinksbb.bravehost.com,+64 7-871 7514,Bed and Breakfast,"10 Golf Road, Te Awamutu 3800 New Zealand",New Zealand,Te Awamutu,3800,-38.02755,175.33647,0.0,$,121,2,0,,,,,,,1,,,,,,,1,,1,1,1,#7 of 8 B&Bs / Inns in Te Awamutu,7,8,1,5,5,5,5,5,5,5
1431690,Matarangi Manor,,info@matarangimanor.co.nz,,+64 7-866 0900,Bed and Breakfast,"817 Matarangi Drive, Matarangi New Zealand",New Zealand,Matarangi,,-36.72731,175.64163,0.0,$$$,360,4,0,,,,,,,,,,,,,,,,,,,#3 of 3 B&Bs / Inns in Matarangi,3,3,1,4,5,5,4,5,,3
23284167,Pirongia Forest Park Lodge,,warden@pfplodge.org.nz,http://www.pfplodge.org.nz,+64 7-871 9570,Specialty Lodging,"297 Grey Road RD5, Pirongia 3285 New Zealand",New Zealand,Pirongia,3285,-37.9692,175.14914,0.0,,,,0,,,,,,,,,1,1,,,,1,,,1,,#1 of 1 Speciality lodging in Pirongia,1,1,2,5,5,,,5,,5
1997460,Island View Apartments,,,http://www.hahei.co.nz/accommodation/islandviewapartments.html,+64 7-866 3247,Specialty Lodging,"11 Christine Tce, Hahei New Zealand",New Zealand,Hahei,,-36.84528,175.81155,0.0,,,6,0,,,,,,,,,,,,,,,,,,,#7 of 8 Speciality lodging in Hahei,7,8,1,4,4,4,4,4,4,5
603194,Taupo Garden Lodge,,,,+64 7-378 9847,Bed and Breakfast,"70 Hindmarsh Drive, Taupo 3330 New Zealand",New Zealand,Taupo,3330,-38.67332,176.07779,0.0,,,2,0,,,,,,,,,,,,,,,,,,,#34 of 42 B&Bs / Inns in Taupo,34,42,4,4,3.5,4,3,5,,3
6212991,Hazelbank House,,info@hazelbank.co.nz,http://www.hazelbankhouse.co.nz/,+64 7-823 9151,Bed and Breakfast,"162 Maungatautari Road, Cambridge 3494 New Zealand",New Zealand,Cambridge,3494,-37.91585,175.48708,0.0,,,3,0,,,,1,,,,,,,,1,1,,,,,,#21 of 26 B&Bs / Inns in Cambridge,21,26,1,5,5,5,5,5,5,5
1021896,Waterways Parade B &B,,hooper@NomadicKiwi.com,,+64 7-864 7878,Bed and Breakfast,"408 Waterways Parade, Pauanui New Zealand",New Zealand,Pauanui,,-37.03052,175.85909,0.0,,,23,0,,,,,,,,,1,,,,,,,,,,#1 of 1 B&Bs / Inns in Pauanui,1,1,2,5,5,3.5,5,5,,5
662420,Cedar Park Motor Lodge,"Looking for a place to stay in Taupo? Then look no further than Cedar Park Motor Lodge, a romantic motel that brings the best of Taupo to your doorstep.
Rooms at Cedar Park Motor Lodge offer a refrigerator and a kitchenette providing exceptional comfort and convenience.
Room service is one of the conveniences offered at this motel. A hot tub will also help to make your stay even more special.
While staying at Cedar Park Motor Lodge, visitors can check out Maori Rock Carvings (1.4 mi) and Wairakei Geothermal Power Station Visitor Center (1.6 mi), some of Taupo's top attractions.
While visiting Taupo, you may want to try some shrimp at one of the nearby restaurants, such as Jolly Good Fellows.
Looking to explore? Then look no further than Waipahihi Botanical Gardens (0.6 mi) and Taupo DeBretts Spa Resort (1.0 mi), which are some popular Taupo attractions – all conveniently located within walking distance of the motel.
We’re sure you’ll enjoy your stay at Cedar Park Motor Lodge as you experience everything Taupo has to offer.
",,http://www.finda.co.nz/business/listing/rd51/cedar-park-motor-lodge/,+64 7-378 6325,Hotel,"300 Lake Terrace Main Highway Two Mile Bay,, Taupo 3330 New Zealand",New Zealand,Taupo,3330,-38.71255,176.08606,0.0,,,11,0,,,,,,,,,1,1,,,1,,,1,,,#55 of 60 hotels in Taupo,55,60,1,5,4,4,4,3,,5
11801028,Hamilton Bed and Breakfast,,mc_adams@orcon.net.nz,,+64 7-855 5858,Bed and Breakfast,"34 Riverview Terrace, Hamilton 3214 New Zealand",New Zealand,Hamilton,3214,-37.772182,175.27347,0.0,,,,0,,,,,,,,,,,,,,,,,,,#18 of 25 B&Bs / Inns in Hamilton,18,25,1,4,,4,3,4,,
2625468,Bubble Lodge,Both our guest rooms are in a private wing of our home. The bathroom is shared only if both rooms are occupied. Our home is in a very quiet street and has a tranquil garden. We offer both cooked or continental breakfasts. Our home is 'guarded' by our black and white cat ' Bubble'.,bubblelodge@xtra.co.nz,http://www.bubblelodge.co.nz,+64 7-823 4046,Bed and Breakfast,"64 Cowley Drive, Cambridge 3432 New Zealand",New Zealand,Cambridge,3432,-37.92002,175.46375,0.0,$,137.5,2,8,,,,,,,1,,,,,1,,1,,,,1,#22 of 26 B&Bs / Inns in Cambridge,22,26,1,5,5,4,4,5,5,5
1181597,Allo Allo Bed & breakfast,,whampoa@xtra.co.nz,,+64 7-869 0006,Bed and Breakfast,"605 Mount Pleasant Road, Thames 3500 New Zealand",New Zealand,Thames,3500,-37.14307,175.55148,0.0,,,,5,,,,,,,,,,,,,,,,,,,#11 of 12 B&Bs / Inns in Thames,11,12,3,4,3.7,3,4.3,4,4,3.7
269033,Albion Lodge,"Finding an ideal romantic inn in Taupo does not have to be difficult. Welcome to Albion Lodge, a nice option for travelers like you.
You’ll enjoy relaxing rooms that offer air conditioning and a refrigerator, bringing comfort and convenience to your visit.
The inn features room service. Plus, Albion Lodge offers an on-site restaurant, providing a pleasant respite from your busy day.
Nearby landmarks such as Maori Rock Carvings (1.6 mi) and Wairakei Geothermal Power Station Visitor Center (1.8 mi) make Albion Lodge a great place to stay when visiting Taupo.
While in Taupo, you may want to check out some of the restaurants that are a short walk away from Albion Lodge, including Bistro Lago (1.2 mi), Edgewater Restaurant (0.6 mi), and Ploughmans (0.3 mi).
Looking to explore? Then look no further than Waipahihi Botanical Gardens (0.8 mi), which is a popular Taupo attraction – and it is conveniently located within walking distance of the inn.
Albion Lodge puts the best of Taupo at your fingertips, making your stay both relaxing and enjoyable.
",comfort@albionlodge.co.nz,,+64 7-378 7788,Bed and Breakfast,"358 Lake Terrace, Taupo 3330 New Zealand",New Zealand,Taupo,3330,-38.71573,176.08362,4.0,$$,284,4,0,,,,,,,,,,,,1,1,,,1,1,,#35 of 42 B&Bs / Inns in Taupo,35,42,3,5,,,,,,
257896,Flag Hotel Brian Boru Hotel,,,,+64 7-868 6523,Hotel,"200 Richmond Street, Thames 3500 New Zealand",New Zealand,Thames,3500,-37.14181,175.54398,0.0,,,322,0,,,,,,,,,,,,,1,,,,1,,#7 of 7 hotels in Thames,7,7,1,3,,,,,,
2721445,Kaimanawa Lodge,"You'll find Kaimanawa Lodge in the town of Turangi at the southern end of Great Lake Taupo. The town is nestled in the bend of the mighty Tongariro River, bounded by the majestic mountains and the expansive lake. Moody, powerful, elemental, breathtakingly beautiful! It is a place that eases itself into your soul and never leaves. Modern and comfortable, the resort is perfect for those wanting to make the most out of their New Zealand escape. During the winter months, the towering snow-capped mountains are a haven for winter sports and the air reverberates with the gentle whisper of skis on fresh fallen snow.",reservations@classicholidayclub.com.au,,+64 7-386 8709,Specialty Lodging,"250 Taupahi Road, Turangi 3334 New Zealand",New Zealand,Turangi,3334,-38.99657,175.80922,3.0,,,13,62,,,,,,,,,1,1,1,,1,1,1,,,,#5 of 19 Speciality lodging in Turangi,5,19,58,4.7,4.8,4.7,4.7,4.8,4.5,4.8
1371925,Wairua Lodge - Rainforest River Retreat,"Wairua Lodge sits on a sunny ridge in a bush clad valley only 12 kilometres from Whitianga. 4 double rooms look out across the valley into Coromandel mountains, and the Kiwi Apartment is a 2 bedroom fully self contained suite, overhanging a bushclad ravine.Swim in the river, walk the nature trails,soak in the Treetops bath house or in the Night sky spa pool.Centrally located for all days trips around The Coromandel.",info@wairualodge.co.nz,http://www.wairualodge.co.nz/,+64 7-866 0304,Bed and Breakfast,"251 Old Coach Road, Whitianga 3591 New Zealand",New Zealand,Whitianga,3591,-36.84783,175.59973,0.0,$$,267.5,5,588,,,,,,,1,,,1,,,1,1,,,,,#2 of 35 B&Bs / Inns in Whitianga,2,35,872,5,4.8,4.9,4.7,4.9,4.8,4.8
6426794,Flaxmill Accommodation,"Relax at Flaxmill Accommodation on the east coast of NZ's Coromandel Peninsula. Our seaside property is adjacent to the stunning beach at Flaxmill Bay and within easy walking distance to the passenger ferry to Whitianga. The popular hotspots of Hot Water Beach and Hahei are only a short drive away. Our stunning accommodation is open all year round with options from a Studio Unit, charming 1-bedroom Cottages to fully-equipped 3-bedroom Holiday Houses including 5 accessible, wheelchair-friendly units. From late October to Easter, we also operate a boutique campground within a section of our park grounds with a small number of family-sized powered campsites. Campground guests enjoy immaculate, modern communal facilities. For destination weddings or conferences looking for a unique Coromandel venue, there is a modern Event Centre (seating up to 80 people). Event guests must be staying onsite.",inquiries@flaxmillbay.co.nz,http://www.flaxmillbay.co.nz/,0116478662386,Specialty Lodging,"1031 Purangi Road Flaxmill Bay, Cooks Beach, Whitianga 3591 New Zealand",New Zealand,Cooks Beach,3591,-36.832787,175.72466,4.0,$$$,312,19,199,,,,,,,,,,1,1,,1,1,,,,,#1 of 5 Speciality lodging in Cooks Beach,1,5,298,4.9,4.9,4.9,4.9,4.9,4.9,4.7
19814472,Ocean Serenity Apartments,"Superior fully self-contained holiday apartments in the premium Oceans Resort with heated pool and tennis court. Five minutes' walk from the town centre, restaurants, swimming beach and Lost Spring spa and natural mineral water hot pools.",info@oceanserenity.co.nz,https://www.oceanserenity.co.nz/boutique-accommodation-whitianga,0116478695994,Specialty Lodging,"Eyre St, Whitianga 3510 New Zealand",New Zealand,Whitianga,3510,-36.83081,175.70496,0.0,$$$,588.5,3,32,,,,,,,,1,,1,,,1,1,,,,1,#12 of 32 Speciality lodging in Whitianga,12,32,21,4.7,5,5,4.9,4.9,4.6,5
2078025,Cooks Beach Resort,Cooks Beach Resort offers a wide range of accommodation options from powered camp sites and cabins to fully self contained beach cottages. 4.5 Star facilities with fully equipped kitchen and lounge with sky tv.,info@cooksbeachresort.co.nz,http://www.cooksbeachresort.co.nz/,+64 7-866 5469,Specialty Lodging,"874 Purangi Road, Cooks Beach, Whitianga New Zealand",New Zealand,Cooks Beach,,-36.839367,175.73889,0.0,$,147.5,20,68,,,,,,,,,1,1,1,,1,1,1,,1,1,#3 of 5 Speciality lodging in Cooks Beach,3,5,155,4.4,4.6,4.6,4.6,4.5,4.5,4.3
1068272,Acacia Cliffs Lodge,"Luxury boutique lodge accommodation. Opened April 2008. Stunning panoramic lake and mountain views and a simply spectacular Lake Taupo location! Unique, contemporary design, secluded, yet only minutes from town. This new lodge accommodates eight guests in four luxury suites designed to capture the views. Stylish accommodation, relaxed luxury, superb cuisine and kiwi hosts who offer genuine NZ hospitality and a real NZ experience. Fish, golf, relax.......you may never want to leave!",info@acaciacliffslodge.co.nz,http://www.acaciacliffslodge.co.nz,,Specialty Lodging,"1/133 Mapara Road RD 5 Acacia Bay, Taupo 3385 New Zealand",New Zealand,Taupo,3385,-38.708237,176.01848,5.0,$$$$,867,4,222,,,,,1,1,1,1,,,,,1,1,,,,1,#1 of 39 Speciality lodging in Taupo,1,39,295,4.9,5,4.9,4.9,4.9,4.9,4.7
12866507,MERCURY RIDGE,"Mercury Ridge offers elegant boutique Coromandel accommodation with enviable views across picturesque Cooks Beach and Mercury Bay. The charming, modern mediterranean villa is nestled in an elevated, north-facing position encased by an orchard, vineyard and native reserve. Here, you’ll experience a peaceful and relaxing stay among nature with achingly beautiful scenery at every turn. Mercury Ridge is located enviably in one of the most scenic, convenient and peaceful parts of the Coromandel Peninsula. It is only a few minutes’ walk to the charming township of Cooks Beach or a short, 15-minute drive to the famous Hot Water Beach and Cathedral Cove, some of New Zealand’s most recognisable attractions.",bookings@mercuryridge.co.nz,http://www.mercuryridge.co.nz,+64 21 680 900,Bed and Breakfast,"745 Purangi Road, Cooks Beach, Whitianga 3591 New Zealand",New Zealand,Cooks Beach,3591,-36.8446,175.7513,5.0,$$$$,994.5,5,46,,,,,,,1,1,,,,1,1,1,,,,1,#1 of 2 B&Bs / Inns in Cooks Beach,1,2,33,4.9,5,4.9,4.9,5,4.9,4.8
2239064,Mercury Bay Holiday Park,"A family friendly park, where memories are made. Whitianga town's closest Qualmark 4 Star park. Just 400m to restaurants, shops and an easy walk to wharf, harbour and beautiful Buffalo Beach. Set in peaceful park-like surroundings. Facilities include seasonal outdoor swimming pool, children's play area, BBQs and outdoor dining area, clean communal kitchens/laundries and ablutions,and wireless internet, separate boat park/wash/fish cleaning (ramp 300m), TV room, guest phone, linen hire available. Accommodation options to suit every budget - from fully equipped 3-star kitchen units to self-contained units, cabins, and 4-star chalets.",info@mercurybayholidaypark.co.nz,http://www.mercurybayholidaypark.co.nz/,+64 7-866 5579,Specialty Lodging,"121 Albert Street, Whitianga 3510 New Zealand",New Zealand,Whitianga,3510,-36.83926,175.7027,3.0,$,143.5,13,85,,,,,,,,,1,1,1,,1,1,1,,1,,#10 of 32 Speciality lodging in Whitianga,10,32,142,4.3,4.6,4.6,4.3,4.6,4.4,4.5
1187461,Lake Breeze Motel,,lakebreezetaupo@gmail.com,https://www.lakebreeze.co.nz/,+64 7-376 7338,Hotel,"13/15 Tui Street, Taupo 3330 New Zealand",New Zealand,Taupo,3330,-38.69397,176.07904,3.0,$,207,1,41,1,168,168,,1,,,1,,1,1,,1,1,,,1,1,#48 of 60 hotels in Taupo,48,60,110,3.5,3.8,4.3,3.4,4.1,3.6,3.7
3350432,Sunlover Retreat,"Welcome to the Sunlover Retreat. A boutique bed & breakfast, nestled on a hill in the seaside town of Tairua, Coromandel NZ. Sunlover Retreat soaks up the sun and views from sunrise to sunset. There are two accommodation rooms, each with its own ensuite. The Estuary Suite has a bath luxuriously placed to look over the bush, Coromandel Ranges and Tairua estuary beyond. Every room has a large private deck and robes are supplied. During these COVID times and in the interest of guest safety, you will have exclusive use of the Sunlover floor or share with your close friends/family in a double couples bubble. The breakfast is a provisioned continental breakfast that you can help yourself to at your leisure. Don't forget to soak in our hot tub watching the sun set with wine in hand.",donna@sunlover.co.nz,http://www.sunlover.co.nz,+64 27 848 1612,Bed and Breakfast,"20 Ridge Road, Tairua 3508 New Zealand",New Zealand,Tairua,3508,-37.0051,175.84682,5.0,$$,526,2,265,,,,,1,1,1,,,,,1,1,1,,,,1,#1 of 8 B&Bs / Inns in Tairua,1,8,503,5,5,4.9,5,5,5,4.9
292215,Huntington Stables Retreat Accommodation,"Welcome to Huntington Stables Retreat. This adults only retreat-style Bed and Breakfast, is just five minutes drive from the centre of Cambridge, 20 minutes south of Hamilton City, in the Waikato region of NZ. We offer luxury, mid-range and budget accommodation in a semi-rural setting. Our excellent guest rooms, warm and personal service, and fabulous amenities which include a large swimming pool, steam sauna, bubbling spa pool, petanque/boules lawn, gift shop, and a meeting/workshop room, have secured the top spot on Trip Advisor as the leading Bed and Breakfast in Cambridge... which we've proudly held for six years running! Sit back, relax, and enjoy quiet privacy and beautiful views, in the peaceful environment of Huntington Stables Retreat.",stay@huntington.co.nz,http://www.huntington.co.nz,+64 22 162 9161,Bed and Breakfast,"106 Maungakawa Road, Cambridge 3496 New Zealand",New Zealand,Cambridge,3496,-37.877125,175.5118,5.0,$$$,420.5,4,164,,,,,1,,1,1,,1,,,1,1,,,,1,#1 of 26 B&Bs / Inns in Cambridge,1,26,186,4.9,4.9,4.9,4.9,4.9,4.9,4.8
1569766,Kawhia Beachside S-Cape Holiday Park,"Kawhia's only waterfront accommodation. 6Km from Ocean Beach. We have 5 self-contained motel units(SKY TV), 9 comfortable cabins, large communal kitchen, lounge SKY TV,communal ablution block and 14 tent/RV sites. Perfectly situated on Kawhia's beautiful harbour frontage, and 600 metres from Kawhia village. Free Wireless internet. Kayaks for hire. Spring free trampoline. Kawhia is well known for its Maori heritage and Te Puia Hot Springs at Kawhia's Ocean Beach (loan spades for digging your own spa). We are 1.5 Hours drive from Waitomo, 1 hour from Raglan and Te Awamutu, and 1.15 Hours from Hamilton. 2.5-3 Hrs drive from Auckland and the ideal first night stop from Auckland airport. Make Ocean Beach Hot Springs and Kawhia Beachside S-Cape Holiday Park your next destination.",kawhiabeachsidescape@gmail.com,http://www.kawhiabeachsidescape.co.nz,+64 7-871 0727,Bed and Breakfast,"225 Pouewe Street, Kawhia 3889 New Zealand",New Zealand,Kawhia,3889,-38.0608,174.82799,3.0,$,163,14,150,,,,,,,,,,1,1,1,,1,,,1,,#1 of 3 B&Bs / Inns in Kawhia,1,3,217,4.5,4.7,4.7,4.3,4.6,4.5,4.3
